parcel_number,address,latitude,longitude,property_class,historic_district,scraped
16061071180000,,,,210,,true
16074230340000,,,,295,,true
16073080420000,,,,210,,true
16073150320000,,,,295,,true
16074130380000,,,,210,,true
16074230280000,,,,295,,true
16081200140000,,,,278,,true
16073080450000,,,,295,,true
16073240570000,,,,295,,true
16074130390000,,,,210,,true
16061071110000,,,,210,,true
16063000470000,,,,295,,true
16071160240000,,,,210,,true
16073040360000,,,,295,,true
16083010400000,,,,295,,true
16061070570000,,,,210,,true
16074130290000,,,,210,,true
16083010460000,,,,295,,true
16051250120000,,,,278,,true
16061070370000,,,,210,,true
16061070780000,,,,210,,true
16073070230000,,,,210,,true
16073240540000,,,,295,,true
16074050410000,,,,295,,true
16073020260000,,,,295,,true
16074020500000,,,,295,,true
16083010370000,,,,295,,true
16083190360000,,,,295,,true
16063000440000,,,,295,,true
16073080470000,,,,295,,true
16083010330000,,,,295,,true
16063070460000,,,,210,,true
16073240600000,,,,295,,true
16061070990000,,,,210,,true
16061071170000,,,,210,,true
16063070440000,,,,210,,true
16063020450000,,,,278,,true
16063070430000,,,,210,,true
16061200350000,,,,210,,true
16071160250000,,,,295,,true
16061071090000,,,,210,,true
16063040180000,,,,206,,true
16074020360000,,,,295,,true
16073240580000,,,,295,,true
16074050370000,,,,295,,true
16074050400000,,,,295,,true
16061070690000,,,,210,,true
16062180110000,,,,206,,true
16083010430000,,,,295,,true
16061070280000,,,,210,,true
16073070280000,,,,210,,true
16073240380000,,,,295,,true
16073270250000,,,,295,,true
16074130310000,,,,210,,true
16083010320000,,,,295,,true
16063000400000,,,,295,,true
16061070300000,,,,210,,true
16063000380000,,,,295,,true
16063040130000,,,,206,,true
16073070410000,,,,295,,true
16073150310000,,,,210,,true
16061071140000,,,,210,,true
16073220500000,,,,295,,true
16073240530000,,,,295,,true
16073250300000,,,,295,,true
16074130270000,,,,210,,true
16063000430000,,,,295,,true
16061070310000,,,,210,,true
16073150340000,,,,295,,true
16083010420000,,,,295,,true
16073070400000,,,,295,,true
16073240360000,,,,295,,true
16061071200000,,,,210,,true
16074230380000,,,,295,,true
16083190320000,,,,295,,true
16061071150000,,,,210,,true
16073070260000,,,,210,,true
16061070940000,,,,210,,true
16071160220000,,,,210,,true
16073020300000,,,,295,,false
16061200240000,,,,210,,false
16063070400000,,,,210,,false
16073070420000,,,,295,,false
16061140160000,,,,204,,false
16074230370000,,,,295,,false
16063230270000,,,,206,,false
16073150300000,,,,210,,false
16083010310000,,,,295,,false
16073020280000,,,,295,,false
16083010260000,,,,295,,false
16061070650000,,,,210,,false
16061200270000,,,,210,,false
16073040330000,,,,295,,false
16073040370000,,,,295,,false
16083190350000,,,,295,,false
16062100250000,,,,205,,false
16073070220000,,,,210,,false
16074020580000,,,,295,,false
16061070540000,,,,210,,false
16073020310000,,,,295,,false
16073220590000,,,,295,,false
16073240470000,,,,295,,false
16073270260000,,,,295,,false
16073080540000,,,,295,,false
16074050350000,,,,295,,false
16074050320000,,,,295,,false
16074230320000,,,,295,,false
16073070200000,,,,210,,false
16061070970000,,,,210,,false
16063100370000,,,,206,,false
16073070320000,,,,210,,false
16061070630000,,,,210,,false
16063000460000,,,,295,,false
16073080330000,,,,210,,false
16073220560000,,,,295,,false
16063070350000,,,,210,,false
16073150330000,,,,295,,false
16063030250000,,,,206,,false
16073240550000,,,,295,,false
16074020330000,,,,295,,false
16073080360000,,,,210,,false
16073080520000,,,,295,,false
16073080460000,,,,295,,false
16061071080000,,,,210,,false
16073040350000,,,,295,,false
16083010340000,,,,295,,false
16061070340000,,,,210,,false
16061070620000,,,,210,,false
16073080370000,,,,210,,false
16073240370000,,,,295,,false
16073270230000,,,,295,,false
16074020550000,,,,295,,false
16061070600000,,,,210,,false
16072010060000,,,,209,,false
16073070340000,,,,210,,false
16083010300000,,,,295,,false
16053030200000,,,,205,,false
16073080340000,,,,210,,false
16074230350000,,,,295,,false
16073080490000,,,,295,,false
16061070590000,,,,210,,false
16073220490000,,,,295,,false
16074050340000,,,,295,,false
16074020560000,,,,295,,false
16083010470000,,,,295,,false
16061071120000,,,,210,,false
16073080290000,,,,210,,false
16074020320000,,,,295,,false
16061070750000,,,,210,,false
16063000360000,,,,295,,false
16073240590000,,,,295,,false
16083190310000,,,,295,,false
16074130320000,,,,210,,false
16083010380000,,,,295,,false
16073020340000,,,,295,,false
16073080500000,,,,295,,false
16061070850000,,,,210,,false
16061200260000,,,,210,,false
16074130360000,,,,210,,false
16083010390000,,,,295,,false
16073080300000,,,,210,,false
16074130400000,,,,210,,false
16074130420000,,,,210,,false
16074230300000,,,,295,,false
16083010290000,,,,295,,false
16073080310000,,,,210,,false
16073270310000,,,,295,,false
16074140250000,,,,203,,false
16083230150000,,,,205,,false
16073250350000,,,,295,,false
16063070380000,,,,210,,false
16073070170000,,,,210,,false
16073080390000,,,,210,,false
16073080440000,,,,295,,false
16073250340000,,,,295,,false
16083010270000,,,,295,,false
16061070560000,,,,210,,false
16061070670000,,,,210,,false
16073270270000,,,,295,,false
16074050380000,,,,295,,false
16061070870000,,,,210,,false
16073070380000,,,,295,,false
16061070720000,,,,210,,false
16074230310000,,,,295,,false
16061070330000,,,,210,,false
16061070760000,,,,210,,false
16061070730000,,,,210,,false
16073220440000,,,,210,,false
16074050360000,,,,295,,false
16083010450000,,,,295,,false
16062020300000,,,,203,,false
16073080410000,,,,210,,false
16074130430000,,,,295,,false
16074230330000,,,,295,,false
16061070840000,,,,210,,false
16053240350000,,,,295,,false
16083190370000,,,,210,,false
16073240520000,,,,295,,false
16063040040000,,,,206,,false
16073220480000,,,,295,,false
16073220540000,,,,295,,false
16073220580000,,,,295,,false
16074130440000,,,,210,,false
16073270300000,,,,295,,false
16074020590000,,,,295,,false
16074130280000,,,,210,,false
16083010440000,,,,295,,false
16074230270000,,,,295,,false
16063070360000,,,,210,,false
16061070700000,,,,210,,false
16061200320000,,,,210,,false
16073240410000,,,,295,,false
16073270280000,,,,295,,false
16074020490000,,,,295,,false
16073240420000,,,,295,,false
16061070390000,,,,210,,false
16073080510000,,,,295,,false
16074130340000,,,,210,,false
16063000410000,,,,295,,false
16063000370000,,,,295,,false
16063070410000,,,,210,,false
16074020480000,,,,295,,false
16073070370000,,,,295,,false
16073080530000,,,,295,,false
16073250320000,,,,295,,false
16063000420000,,,,295,,false
16073250310000,,,,295,,false
16061200290000,,,,210,,false
16074020520000,,,,295,,false
16073220530000,,,,210,,false
16073080430000,,,,295,,false
16073270220000,,,,295,,false
16083190330000,,,,295,,false
16061070960000,,,,210,,false
16073250270000,,,,295,,false
16083010350000,,,,295,,false
16073020350000,,,,295,,false
16073240430000,,,,295,,false
16061200300000,,,,210,,false
16073150350000,,,,295,,false
16073250290000,,,,295,,false
16083190390000,,,,210,,false
16064110180000,,,,205,,false
16073070310000,,,,210,,false
16074020350000,,,,295,,false
16063130240000,,,,206,,false
16064230040000,,,,206,,false
16073070250000,,,,210,,false
16073220570000,,,,295,,false
16074020540000,,,,295,,false
16074050390000,,,,295,,false
16061200330000,,,,210,,false
16071160190000,,,,210,,false
16074020370000,,,,295,,false
16074040290000,,,,206,,false
16171260310000,,,,205,,false
16184250450000,,,,295,,false
16073020290000,,,,295,,false
16083010360000,,,,295,,false
16073020320000,,,,295,,false
16073070290000,,,,210,,false
16061070360000,,,,210,,false
16071160210000,,,,210,,false
16073020270000,,,,295,,false
16073070190000,,,,210,,false
16073250260000,,,,295,,false
16074020530000,,,,295,,false
16083010410000,,,,295,,false
16182260330000,,,,207,,false
16173280030000,,,,278,,false
16171290060000,,,,205,,false
16183280470000,,,,295,,false
16184250470000,,,,295,,false
16181090300000,,,,295,,false
16173300390000,,,,278,,false
16183280390000,,,,295,,false
16183150400000,,,,210,,false
16184250500000,,,,295,,false
16181090230000,,,,295,,false
16184130410000,,,,204,,false
16183030310000,,,,206,,false
16184250590000,,,,295,,false
16183070390000,,,,295,,false
16184250440000,,,,295,,false
16181090330000,,,,295,,false
16183150590000,,,,210,,false
16184070220000,,,,206,,false
16183150430000,,,,210,,false
16183150460000,,,,210,,false
16184250520000,,,,295,,false
16181120230000,,,,205,,false
16183150580000,,,,210,,false
16184080230000,,,,205,,false
16184220350000,,,,205,,false
16183150450000,,,,210,,false
16181090310000,,,,295,,false
16181090320000,,,,295,,false
16183150440000,,,,210,,false
16181090360000,,,,295,,false
16183280450000,,,,295,,false
16184250480000,,,,295,,false
16171100340000,,,,203,,false
16181090270000,,,,295,,false
16183170270000,,,,203,,false
16183280400000,,,,295,,false
16184250600000,,,,295,,false
16171290120000,,,,204,,false
16173190160000,,,,278,,false
16183280410000,,,,295,,false
16184090350000,,,,206,,false
16173170080000,,,,203,,false
16182130060000,,,,205,,false
16183280430000,,,,295,,false
16183220440000,,,,295,,false
16183150480000,,,,210,,false
16183150490000,,,,210,,false
16183170340000,,,,278,,false
16183220460000,,,,295,,false
16184250540000,,,,295,,false
16182120240000,,,,206,,false
16184250580000,,,,295,,false
16181090260000,,,,295,,false
16181090290000,,,,295,,false
16183230050000,,,,203,,false
16181090250000,,,,295,,false
16183070360000,,,,295,,false
16181090240000,,,,295,,false
16181090280000,,,,295,,false
16184250530000,,,,295,,false
16181090350000,,,,295,,false
16183070370000,,,,295,,false
16183220470000,,,,295,,false
16183280370000,,,,295,,false
16184080030000,,,,203,,false
16184250430000,,,,295,,false
16171010390000,,,,202,,false
16183050330000,,,,278,,false
16184250550000,,,,295,,false
16184250460000,,,,295,,false
16183280440000,,,,295,,false
16183280420000,,,,295,,false
16184250510000,,,,295,,false
16181090340000,,,,295,,false
16183030260000,,,,205,,false
16173150060000,,,,206,,false
16173170280000,,,,205,,false
16184240250000,,,,207,,false
16183160280000,,,,295,,false
16184250570000,,,,295,,false
16183280480000,,,,295,,false
16183150420000,,,,210,,false
16184110330000,,,,205,,false
16184250490000,,,,295,,false
16183280380000,,,,295,,false
16071030290000,1 ELIZABETH CT,41.8922506,-87.79930961,206,Frank Lloyd Wright,false
16051130080000,1 LE MOYNE PKWY,41.90720342,-87.77574841,206,,false
16051270460000,10 DIVISION ST,41.90216887,-87.77564111,295,,false
16071150220000,10 ELIZABETH CT,41.89167014,-87.79856157,206,Frank Lloyd Wright,false
16051060290000,10 LE MOYNE PKWY,41.90775346,-87.77616823,204,,false
16072251030000,100 BISHOP QUARTER LN,41.88749118,-87.79053768,295,,false
16073030010000,100 HOME AVE,41.88670024,-87.79981469,210,Ridgeland - Oak Park,false
16074050330000,100 S ELMWOOD AVE,41.88674021,-87.78599417,295,Ridgeland - Oak Park,false
16072250680000,100 WRIGHT LN,41.88751306,-87.7898524,295,,false
16061150120000,1000 BELLEFORTE AVE,41.90355734,-87.80223189,206,,false
16184100010000,1000 CLARENCE AVE,41.87057531,-87.79002172,205,,false
16062190130000,1000 COLUMBIAN AVE,41.90385223,-87.79091359,204,,false
16062210270000,1000 FAIR OAKS AVE,41.90390148,-87.78824334,204,,false
16061160120000,1000 FOREST AVE,41.90360112,-87.80071853,206,,false
16183120010000,1000 HOME AVE,41.87042119,-87.79888751,203,,false
16051160190000,1000 MAPLETON AVE,41.90397419,-87.78123709,203,,false
16062200130000,1000 N EAST AVE,41.90385762,-87.78973015,206,,false
16062230170000,1000 N ELMWOOD AVE,41.90399312,-87.78686167,206,,false
16062170130000,1000 N EUCLID AVE,41.90381937,-87.79330936,206,,false
16061190120000,1000 N GROVE AVE,41.90368187,-87.79606731,206,,false
16051150090000,1000 N HARVEY AVE,41.90396258,-87.78255739,205,,false
16051180200000,1000 N HAYES AVE,41.90399559,-87.77879749,205,,false
16051200190000,1000 N HUMPHREY AVE,41.90404963,-87.77637258,205,,false
16061180250000,1000 N KENILWORTH AVE,41.90365582,-87.79754966,206,,false
16062180060000,1000 N LINDEN AVE,41.90384331,-87.79213067,206,,false
16051170190000,1000 N LOMBARD AVE,41.90397947,-87.78004924,205,,false
16061140130000,1000 N MARION ST,41.90355908,-87.8036831,204,,false
16062160130000,1000 N OAK PARK AVE,41.90378119,-87.79458948,206,,false
16051190200000,1000 N TAYLOR AVE,41.90402958,-87.77760448,205,,false
16183130010000,1000 S CLINTON AVE,41.87043538,-87.7976025,205,,false
16173090010000,1000 S CUYLER AVE,41.87070158,-87.78263057,204,,false
16184130070000,1000 S ELMWOOD AVE,41.87068258,-87.78516774,205,,false
16184080010000,1000 S EUCLID AVE,41.87051184,-87.79221131,203,,false
16183150010000,1000 S GROVE AVE,41.8704887,-87.794956,205,,false
16184120070000,1000 S GUNDERSON AVE,41.87065641,-87.78630943,203,,false
16173100010000,1000 S HIGHLAND AVE,41.87071304,-87.7814011,205,,false
16183140010000,1000 S KENILWORTH AVE,41.87046752,-87.79627759,203,,false
16183090280000,1000 S MAPLE AVE,41.87036217,-87.80315254,205,,false
16173080010000,1000 S RIDGELAND AVE,41.87068454,-87.78387308,203,,false
16173130450000,1000 S TAYLOR AVE,41.87057197,-87.77781954,210,,false
16183110010000,1000 WENONAH AVE,41.87037746,-87.80030927,205,,false
16183100010000,1000 WISCONSIN AVE,41.87036183,-87.80170847,203,,false
16061170120000,1000 WOODBINE AVE,41.90365214,-87.79899878,206,,false
16061140260000,1001 BELLEFORTE AVE,41.90357497,-87.8028857,206,,false
16184090190000,1001 CLARENCE AVE,41.87056156,-87.79056654,203,,false
16062180120000,1001 COLUMBIAN AVE,41.90384453,-87.79161056,206,,false
16062200260000,1001 FAIR OAKS AVE,41.90388679,-87.78892553,206,,false
16061150240000,1001 FOREST AVE,41.90361716,-87.80136486,205,,false
16183110170000,1001 HOME AVE,41.87041233,-87.79947402,205,Gunderson ,false
16051150290000,1001 MAPLETON AVE,41.90395522,-87.78184557,205,,false
16062160250000,1001 N EUCLID AVE,41.90379008,-87.79405521,204,,false
16061180230000,1001 N GROVE AVE,41.90367097,-87.79683251,206,,false
16051170390000,1001 N HAYES AVE,41.90399814,-87.77936211,205,,false
16051190370000,1001 N HUMPHREY AVE,41.90403764,-87.77696099,203,,false
16061170240000,1001 N KENILWORTH AVE,41.90365262,-87.79840285,204,,false
16062170260000,1001 N LINDEN AVE,41.90382098,-87.79283316,206,,false
16051160390000,1001 N LOMBARD AVE,41.9039637,-87.78057941,205,,false
16061130240000,1001 N MARION ST,41.90354672,-87.80433508,206,,false
16061190240000,1001 N OAK PARK AVE,41.90369289,-87.79529179,206,,false
16051180400000,1001 N TAYLOR AVE,41.90399259,-87.77819349,205,,false
16183120180000,1001 S CLINTON AVE,41.87042507,-87.7981848,204,,false
16173080210000,1001 S CUYLER AVE,41.87068581,-87.78318334,202,,false
16184100210000,1001 S EAST AVE,41.87059055,-87.78928551,205,,false
16184120330000,1001 S ELMWOOD AVE,41.87065874,-87.78559449,205,,false
16184070160000,1001 S EUCLID AVE,41.87051351,-87.79297956,205,,false
16183140190000,1001 S GROVE AVE,41.87044979,-87.79556528,204,,false
16173100210000,1001 S HARVEY AVE,41.87072107,-87.78072523,203,,false
16173090210000,1001 S HIGHLAND AVE,41.87070884,-87.78197432,203,,false
16183130170000,1001 S KENILWORTH AVE,41.87044245,-87.79686578,205,,false
16173130350000,1001 S LYMAN AVE,41.87050639,-87.77700788,210,,false
16184130530000,1001 S RIDGELAND AVE,41.87072004,-87.78444346,205,,false
16183100190000,1001 WENONAH AVE,41.87037179,-87.80086206,205,,false
16183090140000,1001 WISCONSIN AVE,41.87036811,-87.8022941,205,,false
16061160230000,1001 WOODBINE AVE,41.90372772,-87.79982495,206,,false
16184100020000,1002 CLARENCE AVE,41.87050149,-87.79002235,205,,false
16183120020000,1002 HOME AVE,41.87033616,-87.79889075,206,,false
16051200180000,1002 N HUMPHREY AVE,41.90413387,-87.77636694,203,,false
16183130020000,1002 S CLINTON AVE,41.87034158,-87.79763473,205,,false
16184130080000,1002 S ELMWOOD AVE,41.87060192,-87.78514147,205,,false
16184120080000,1002 S GUNDERSON AVE,41.87057588,-87.78631012,202,,false
16183140020000,1002 S KENILWORTH AVE,41.87037358,-87.79628287,203,,false
16173080020000,1002 S RIDGELAND AVE,41.87060552,-87.78385865,202,,false
16173130460000,1002 S TAYLOR AVE,41.87052461,-87.77781827,210,,false
16184090360000,1002 S WESLEY AVE,41.8705311,-87.79122274,206,,false
16051150280000,1003 MAPLETON AVE,41.90404297,-87.78180555,205,,false
16062190260000,1003 N EAST AVE,41.90384599,-87.79036888,206,,false
16062210250000,1003 N ELMWOOD AVE,41.90389763,-87.78743297,206,,false
16173080220000,1003 S CUYLER AVE,41.87060413,-87.78320292,202,,false
16184100220000,1003 S EAST AVE,41.87052259,-87.78931143,203,,false
16184120340000,1003 S ELMWOOD AVE,41.87059163,-87.78559506,203,,false
16183140200000,1003 S GROVE AVE,41.87033241,-87.79557974,204,,false
16173100220000,1003 S HARVEY AVE,41.87063641,-87.78071085,203,,false
16173090220000,1003 S HIGHLAND AVE,41.87063837,-87.78197869,202,,false
16173130360000,1003 S LYMAN AVE,41.87046548,-87.77700655,210,,false
16184130540000,1003 S RIDGELAND AVE,41.87063546,-87.78444795,203,,false
16183100200000,1003 WENONAH AVE,41.87027816,-87.80088143,205,,false
16184100030000,1004 CLARENCE AVE,41.87043774,-87.79002289,203,,false
16062190120000,1004 COLUMBIAN AVE,41.90398046,-87.7909125,206,,false
16062210260000,1004 FAIR OAKS AVE,41.90401877,-87.78825216,206,,false
16051160180000,1004 MAPLETON AVE,41.90407316,-87.78124606,203,,false
16062200120000,1004 N EAST AVE,41.9039786,-87.78974385,204,,false
16062170120000,1004 N EUCLID AVE,41.90392606,-87.79340171,206,,false
16051150080000,1004 N HARVEY AVE,41.90406841,-87.7825269,205,,false
16051180190000,1004 N HAYES AVE,41.90407636,-87.77883115,204,,false
16061180240000,1004 N KENILWORTH AVE,41.90378801,-87.79761236,205,,false
16062180050000,1004 N LINDEN AVE,41.90392793,-87.79220357,205,,false
16051170180000,1004 N LOMBARD AVE,41.90407111,-87.78005826,205,,false
16061140120000,1004 N MARION ST,41.90369373,-87.80375375,205,,false
16062160120000,1004 N OAK PARK AVE,41.90390959,-87.79462276,205,,false
16051190190000,1004 N TAYLOR AVE,41.90412848,-87.77759872,205,,false
16173090020000,1004 S CUYLER AVE,41.87061412,-87.78261999,203,,false
16184130090000,1004 S ELMWOOD AVE,41.87053481,-87.78514204,205,,false
16183150020000,1004 S GROVE AVE,41.87034006,-87.79493014,203,,false
16173100020000,1004 S HIGHLAND AVE,41.87063409,-87.78140178,205,,false
16183140030000,1004 S KENILWORTH AVE,41.87030312,-87.79628346,203,,false
16183090290000,1004 S MAPLE AVE,41.87026535,-87.80323235,205,,false
16173080030000,1004 S RIDGELAND AVE,41.87052092,-87.78385938,203,,false
16173130470000,1004 S TAYLOR AVE,41.87045391,-87.77777036,210,,false
16184090380000,1004 S WESLEY AVE,41.87042022,-87.79119223,203,,false
16183110020000,1004 WENONAH AVE,41.87024907,-87.80031963,205,,false
16183100020000,1004 WISCONSIN AVE,41.87026819,-87.80172783,203,,false
16061140250000,1005 BELLEFORTE AVE,41.90369874,-87.8028541,205,,false
16184090200000,1005 CLARENCE AVE,41.87045754,-87.79056742,203,,false
16062200250000,1005 FAIR OAKS AVE,41.90401513,-87.78894898,206,,false
16183110180000,1005 HOME AVE,41.87031463,-87.79948723,205,Gunderson ,false
16062190250000,1005 N EAST AVE,41.90398892,-87.79037749,206,,false
16062210240000,1005 N ELMWOOD AVE,41.90402582,-87.78742206,205,,false
16062160240000,1005 N EUCLID AVE,41.90392177,-87.79400993,206,,false
16051170380000,1005 N HAYES AVE,41.90408619,-87.77938589,205,,false
16051190360000,1005 N HUMPHREY AVE,41.90414013,-87.77694047,203,,false
16061170230000,1005 N KENILWORTH AVE,41.9037961,-87.79840165,206,,false
16062170250000,1005 N LINDEN AVE,41.90392331,-87.79277832,205,,false
16051160380000,1005 N LOMBARD AVE,41.90405903,-87.78059332,203,,false
16061130230000,1005 N MARION ST,41.90367713,-87.80432964,205,,false
16051180390000,1005 N TAYLOR AVE,41.90409146,-87.77818281,203,,false
16183120190000,1005 S CLINTON AVE,41.87032295,-87.79816707,203,,false
16173080230000,1005 S CUYLER AVE,41.87051948,-87.78319232,202,,false
16184100230000,1005 S EAST AVE,41.87044962,-87.7892867,205,,false
16184120350000,1005 S ELMWOOD AVE,41.87052108,-87.78557769,205,,false
16184070170000,1005 S EUCLID AVE,41.87041953,-87.79297586,205,,false
16173100230000,1005 S HARVEY AVE,41.87054625,-87.78072673,202,,false
16183130180000,1005 S KENILWORTH AVE,41.87033351,-87.79683351,205,,false
16173130370000,1005 S LYMAN AVE,41.87041971,-87.7770057,210,,false
16184130320000,1005 S RIDGELAND AVE,41.87053959,-87.78444877,203,,false
16183090150000,1005 WISCONSIN AVE,41.87021883,-87.80229069,202,,false
16061150110000,1006 BELLEFORTE AVE,41.90370094,-87.8022569,206,,false
16061160110000,1006 FOREST AVE,41.90373805,-87.80071302,206,,false
16183120030000,1006 HOME AVE,41.8702356,-87.79891483,205,,false
16051160170000,1006 MAPLETON AVE,41.90416849,-87.78125996,203,,false
16061190110000,1006 N GROVE AVE,41.90381742,-87.79606617,203,,false
16051180180000,1006 N HAYES AVE,41.90417528,-87.77883029,203,,false
16051200170000,1006 N HUMPHREY AVE,41.9042292,-87.77638083,205,,false
16051170170000,1006 N LOMBARD AVE,41.90416637,-87.78005744,203,,false
16051190180000,1006 N TAYLOR AVE,41.90420911,-87.77760293,205,,false
16183130030000,1006 S CLINTON AVE,41.87025752,-87.79759949,203,,false
16173090030000,1006 S CUYLER AVE,41.87053233,-87.78261692,202,,false
16184130100000,1006 S ELMWOOD AVE,41.87045761,-87.78513821,203,,false
16184080020000,1006 S EUCLID AVE,41.87038543,-87.792446,203,,false
16184120090000,1006 S GUNDERSON AVE,41.87046517,-87.78631556,206,,false
16173100030000,1006 S HIGHLAND AVE,41.8705523,-87.78139871,206,,false
16183140040000,1006 S KENILWORTH AVE,41.87021915,-87.7962662,203,,false
16184070020000,1006 S OAK PARK AVE,41.87032871,-87.79364155,203,,false
16173130480000,1006 S TAYLOR AVE,41.87043075,-87.77781986,210,,false
16184090030000,1006 S WESLEY AVE,41.87034655,-87.7912243,205,,false
16183110030000,1006 WENONAH AVE,41.87015872,-87.80029714,205,,false
16183100030000,1006 WISCONSIN AVE,41.87015714,-87.8017334,203,,false
16061170110000,1006 WOODBINE AVE,41.90377986,-87.79911565,206,,false
16184090210000,1007 CLARENCE AVE,41.87037361,-87.79055914,206,,false
16062180100000,1007 COLUMBIAN AVE,41.90407145,-87.79155957,203,,false
16061150230000,1007 FOREST AVE,41.90373113,-87.80132897,205,,false
16183110190000,1007 HOME AVE,41.87019998,-87.79946496,205,Gunderson ,false
16051150270000,1007 MAPLETON AVE,41.9041309,-87.7818048,203,,false
16061180220000,1007 N GROVE AVE,41.90381349,-87.79679267,206,,false
16063070420000,1007 N HARLEM AVE,41.89827678,-87.80509097,210,,false
16051170370000,1007 N HAYES AVE,41.90417412,-87.77938513,205,,false
16051190350000,1007 N HUMPHREY AVE,41.90421705,-87.7769349,205,,false
16051160370000,1007 N LOMBARD AVE,41.90415067,-87.78060234,203,,false
16061190230000,1007 N OAK PARK AVE,41.90383578,-87.79529059,205,,false
16051180380000,1007 N TAYLOR AVE,41.90418305,-87.77818202,204,,false
16183120200000,1007 S CLINTON AVE,41.87021556,-87.79816347,203,,false
16184100240000,1007 S EAST AVE,41.87036909,-87.78928739,203,,false
16184120360000,1007 S ELMWOOD AVE,41.87046073,-87.78558719,203,,false
16184070320000,1007 S EUCLID AVE,41.8703122,-87.79298575,203,,false
16173090230000,1007 S HIGHLAND AVE,41.87054533,-87.78198327,202,,false
16173130380000,1007 S LYMAN AVE,41.87037779,-87.7770037,210,,false
16183150410000,1007 S OAK PARK AVE,41.8703446,-87.79428253,210,,false
16184130330000,1007 S RIDGELAND AVE,41.87046346,-87.78444942,202,,false
16184080210000,1007 S WESLEY AVE,41.87036477,-87.79173632,205,,false
16183100210000,1007 WENONAH AVE,41.87016365,-87.80089167,205,,false
16062190110000,1008 COLUMBIAN AVE,41.90410894,-87.7909654,205,,false
16062210100000,1008 FAIR OAKS AVE,41.90412878,-87.78827086,205,,false
16183120040000,1008 HOME AVE,41.87014188,-87.79891561,205,,false
16062200110000,1008 N EAST AVE,41.90411432,-87.78977705,206,,false
16062170110000,1008 N EUCLID AVE,41.90405065,-87.79340556,205,,false
16051180170000,1008 N HAYES AVE,41.9042596,-87.77883938,203,,false
16051200160000,1008 N HUMPHREY AVE,41.90431715,-87.77638498,205,,false
16061140110000,1008 N MARION ST,41.90382062,-87.80369155,204,,false
16062160110000,1008 N OAK PARK AVE,41.90402676,-87.79460705,205,,false
16051190170000,1008 N TAYLOR AVE,41.9043007,-87.77760213,204,,false
16183130040000,1008 S CLINTON AVE,41.87016691,-87.79759575,204,,false
16173090040000,1008 S CUYLER AVE,41.87045332,-87.78260627,202,,false
16183150030000,1008 S GROVE AVE,41.87018586,-87.79496288,206,,false
16184120100000,1008 S GUNDERSON AVE,41.8703778,-87.78628934,205,,false
16173100040000,1008 S HIGHLAND AVE,41.87046207,-87.78139948,202,,false
16183090300000,1008 S MAPLE AVE,41.87018551,-87.803233,205,,false
16173080040000,1008 S RIDGELAND AVE,41.87043915,-87.78386008,203,,false
16173130490000,1008 S TAYLOR AVE,41.87038335,-87.77781344,210,,false
16183110040000,1008 WENONAH AVE,41.87007194,-87.80029786,205,,false
16183100040000,1008 WISCONSIN AVE,41.87006681,-87.80171556,206,,false
16061140230000,1009 BELLEFORTE AVE,41.90382919,-87.80285738,205,,false
16062200240000,1009 FAIR OAKS AVE,41.90412866,-87.7889382,205,,false
16051150260000,1009 MAPLETON AVE,41.90422261,-87.78182854,204,,false
16062190240000,1009 N EAST AVE,41.90410973,-87.79035683,205,,false
16062210230000,1009 N ELMWOOD AVE,41.90413951,-87.78744563,206,,false
16062160230000,1009 N EUCLID AVE,41.90404625,-87.79398925,205,,false
16063070450000,1009 N HARLEM AVE,41.89828114,-87.80490141,210,,false
16051170360000,1009 N HAYES AVE,41.90426935,-87.7793794,205,,false
16051190340000,1009 N HUMPHREY AVE,41.90431257,-87.77698805,203,,false
16062170240000,1009 N LINDEN AVE,41.90405154,-87.79277724,205,,false
16051160360000,1009 N LOMBARD AVE,41.90424231,-87.78061137,203,,false
16061130220000,1009 N MARION ST,41.90378498,-87.80438116,205,,false
16061190220000,1009 N OAK PARK AVE,41.90397136,-87.79529436,206,,false
16051180370000,1009 N TAYLOR AVE,41.90427467,-87.77818613,203,,false
16183120210000,1009 S CLINTON AVE,41.87011821,-87.7981553,205,,false
16173080240000,1009 S CUYLER AVE,41.87043491,-87.78319682,202,,false
16184120370000,1009 S ELMWOOD AVE,41.87039165,-87.78567571,202,,false
16183140210000,1009 S GROVE AVE,41.87020826,-87.79558078,203,,false
16173100240000,1009 S HARVEY AVE,41.87045865,-87.78068973,202,,false
16173090240000,1009 S HIGHLAND AVE,41.87046074,-87.781984,205,,false
16183130190000,1009 S KENILWORTH AVE,41.87018404,-87.79685895,205,,false
16173130390000,1009 S LYMAN AVE,41.87033495,-87.77700231,210,,false
16184130340000,1009 S RIDGELAND AVE,41.87040425,-87.78444993,203,,false
16184080220000,1009 S WESLEY AVE,41.87028277,-87.79168742,205,,false
16063090100000,1009 THOMAS ST,41.89962249,-87.80134148,205,Frank Lloyd Wright,false
16183090160000,1009 WISCONSIN AVE,41.87006608,-87.8022873,205,,false
16072251020000,101 BISHOP QUARTER LN,41.88748187,-87.79098419,295,,false
16073020420000,101 HOME AVE,41.88664563,-87.8002939,295,,false
16051110080000,101 LE MOYNE PKWY,41.9071642,-87.7783494,204,,false
16074000300000,101 S EUCLID AVE APT A,41.88670913,-87.79304243,295,Ridgeland - Oak Park,false
16074000370000,101 S EUCLID AVE APT B,41.8867157,-87.7933048,295,Ridgeland - Oak Park,false
16072250770000,101 WRIGHT LN,41.8875098,-87.79012137,295,,false
16061150100000,1010 BELLEFORTE AVE,41.9038477,-87.80226006,205,,false
16184100050000,1010 CLARENCE AVE,41.87023637,-87.79001561,205,,false
16062190100000,1010 COLUMBIAN AVE,41.90423344,-87.79094963,204,,false
16062210090000,1010 FAIR OAKS AVE,41.90426779,-87.7882255,203,,false
16061160100000,1010 FOREST AVE,41.90387179,-87.80072064,206,,false
16051160160000,1010 MAPLETON AVE,41.90426382,-87.78127386,203,,false
16061190100000,1010 N GROVE AVE,41.90397153,-87.79611395,205,,false
16051150070000,1010 N HARVEY AVE,41.90414887,-87.78249677,205,,false
16051180160000,1010 N HAYES AVE,41.90435119,-87.77883858,203,,false
16051200150000,1010 N HUMPHREY AVE,41.90441241,-87.77638415,205,,false
16061180100000,1010 N KENILWORTH AVE,41.90394921,-87.79761101,206,,false
16051170160000,1010 N LOMBARD AVE,41.9042543,-87.78005668,205,,false
16051190160000,1010 N TAYLOR AVE,41.9043923,-87.77760134,203,,false
16173090050000,1010 S CUYLER AVE,41.87036311,-87.78261082,202,,false
16184130110000,1010 S ELMWOOD AVE,41.87036701,-87.78513899,202,,false
16184080040000,1010 S EUCLID AVE,41.8702445,-87.79244719,206,,false
16184120110000,1010 S GUNDERSON AVE,41.87030067,-87.78629899,205,,false
16173100050000,1010 S HIGHLAND AVE,41.87037748,-87.78140021,205,,false
16183140050000,1010 S KENILWORTH AVE,41.87013524,-87.7962624,203,,false
16183090310000,1010 S MAPLE AVE,41.87007086,-87.80321071,206,,false
16184070030000,1010 S OAK PARK AVE,41.87024149,-87.79364677,203,,false
16173080050000,1010 S RIDGELAND AVE,41.87035171,-87.78385328,202,,false
16173130510000,1010 S TAYLOR AVE,41.87033961,-87.77781226,210,,false
16184090040000,1010 S WESLEY AVE,41.8702258,-87.7912343,205,,false
16061170100000,1010 WOODBINE AVE,41.90391995,-87.79908828,206,,false
16061150220000,1011 FOREST AVE,41.90385848,-87.80136722,205,,false
16183110200000,1011 HOME AVE,41.8700889,-87.79946588,205,Gunderson ,false
16062160220000,1011 N EUCLID AVE,41.90417478,-87.79405197,206,,false
16061180210000,1011 N GROVE AVE,41.90395258,-87.79676206,205,,false
16063070370000,1011 N HARLEM AVE,41.89845837,-87.80505681,210,,false
16051170350000,1011 N HAYES AVE,41.90435369,-87.7793934,205,,false
16061170220000,1011 N KENILWORTH AVE,41.90392018,-87.79843556,204,,false
16051160350000,1011 N LOMBARD AVE,41.90432655,-87.78060573,203,,false
16051180360000,1011 N TAYLOR AVE,41.90435896,-87.77819032,203,,false
16173080250000,1011 S CUYLER AVE,41.87035869,-87.78317859,203,,false
16184120380000,1011 S ELMWOOD AVE,41.87032788,-87.78567177,202,,false
16184070200000,1011 S EUCLID AVE,41.87020462,-87.79294173,205,,false
16173100250000,1011 S HARVEY AVE,41.87035998,-87.78069436,202,,false
16173090250000,1011 S HIGHLAND AVE,41.87038183,-87.78199223,202,,false
16173130400000,1011 S LYMAN AVE,41.87029025,-87.77700085,210,,false
16183150470000,1011 S OAK PARK AVE,41.8702002,-87.79428071,210,,false
16063090370000,1011 THOMAS ST,41.89960836,-87.80152374,205,Frank Lloyd Wright,false
16183100220000,1011 WENONAH AVE,41.87007675,-87.80086451,205,,false
16061160220000,1011 WOODBINE AVE,41.90390686,-87.79977978,206,,false
16063090340000,1012 AUGUSTA ST,41.89816738,-87.80149962,206,Frank Lloyd Wright,false
16063190570000,1012 CHICAGO AVE,41.89461618,-87.8012202,206,Frank Lloyd Wright,false
16183120050000,1012 HOME AVE,41.86999601,-87.79889824,205,,false
16051160150000,1012 MAPLETON AVE,41.90436274,-87.78127301,203,,false
16062200100000,1012 N EAST AVE,41.90424988,-87.7897759,205,,false
16062170100000,1012 N EUCLID AVE,41.90421183,-87.7933993,205,,false
16051150060000,1012 N HARVEY AVE,41.90424394,-87.78245668,205,,false
16051170150000,1012 N LOMBARD AVE,41.90434589,-87.78005589,205,,false
16061140100000,1012 N MARION ST,41.90394802,-87.80373855,205,,false
16062160100000,1012 N OAK PARK AVE,41.90415829,-87.79452742,205,,false
16051190150000,1012 N TAYLOR AVE,41.90448016,-87.77758585,203,,false
16173230350000,1012 S AUSTIN BLVD,41.86745621,-87.77447285,203,,false
16183130050000,1012 S CLINTON AVE,41.87006622,-87.7975921,203,,false
16173090060000,1012 S CUYLER AVE,41.87028134,-87.78261152,202,,false
16184130120000,1012 S ELMWOOD AVE,41.87027306,-87.78513979,203,,false
16184080050000,1012 S EUCLID AVE,41.87014722,-87.7924525,203,,false
16183150040000,1012 S GROVE AVE,41.87007177,-87.79496384,205,,false
16173110020000,1012 S HARVEY AVE,41.87032366,-87.78017861,203,,false
16173100060000,1012 S HIGHLAND AVE,41.87030134,-87.78140086,202,,false
16183140060000,1012 S KENILWORTH AVE,41.87004129,-87.79626319,203,,false
16183090320000,1012 S MAPLE AVE,41.86997716,-87.80321613,202,,false
16184070040000,1012 S OAK PARK AVE,41.87016081,-87.793616,204,,false
16184110320000,1012 S SCOVILLE AVE,41.87020287,-87.78751605,205,,false
16173130420000,1012 S TAYLOR AVE,41.87016299,-87.77772312,203,,false
16183110050000,1012 WENONAH AVE,41.86995737,-87.80029417,205,Gunderson ,false
16183100050000,1012 WISCONSIN AVE,41.86998003,-87.80171628,205,,false
16061140220000,1013 BELLEFORTE AVE,41.90398066,-87.80290396,206,,false
16184090220000,1013 CLARENCE AVE,41.87028639,-87.79056438,205,,false
16062180090000,1013 COLUMBIAN AVE,41.90421097,-87.79162218,203,,false
16071140120000,1013 ERIE ST,41.89180396,-87.80108944,205,Frank Lloyd Wright,false
16062200230000,1013 FAIR OAKS AVE,41.90425321,-87.78893223,206,,false
16051150250000,1013 MAPLETON AVE,41.90431794,-87.78184245,203,,false
16062190230000,1013 N EAST AVE,41.90423794,-87.79035084,206,,false
16063070390000,1013 N HARLEM AVE,41.89845954,-87.80493495,210,,false
16051190330000,1013 N HUMPHREY AVE,41.90440768,-87.77695778,203,,false
16183120220000,1013 S CLINTON AVE,41.87003088,-87.79813805,203,,false
16173080260000,1013 S CUYLER AVE,41.87027129,-87.78318312,202,,false
16184100250000,1013 S EAST AVE,41.87025163,-87.78928389,202,,false
16184120390000,1013 S ELMWOOD AVE,41.87025742,-87.78567237,202,,false
16184070210000,1013 S EUCLID AVE,41.87010591,-87.79296648,206,,false
16183140220000,1013 S GROVE AVE,41.87007058,-87.79555947,204,,false
16173100260000,1013 S HARVEY AVE,41.87026975,-87.78069513,202,,false
16173090260000,1013 S HIGHLAND AVE,41.87028997,-87.78196752,202,,false
16173130410000,1013 S LYMAN AVE,41.87024549,-87.7769994,210,,false
16184130350000,1013 S RIDGELAND AVE,41.87027468,-87.78443972,202,,false
16073020330000,1013 SOUTH BLVD,41.88642545,-87.80065965,295,,false
16071080130000,1013 SUPERIOR ST,41.89288838,-87.80111426,205,Frank Lloyd Wright,false
16073230250000,1013 W WASHINGTON BLVD,41.88131225,-87.80066921,205,,false
16073230930000,1014 BALDWIN LN,41.88037629,-87.80081045,295,,false
16061150090000,1014 BELLEFORTE AVE,41.90396511,-87.80226345,206,,false
16184100060000,1014 CLARENCE AVE,41.87015907,-87.7899893,205,,false
16071080360000,1014 ERIE ST,41.89234164,-87.80106342,278,Frank Lloyd Wright,false
16061160090000,1014 FOREST AVE,41.90401533,-87.80073255,206,,false
16051160140000,1014 MAPLETON AVE,41.9044544,-87.78128694,203,,false
16061190090000,1014 N GROVE AVE,41.90410693,-87.79607846,206,,false
16051150050000,1014 N HARVEY AVE,41.90433894,-87.78240188,205,,false
16051180150000,1014 N HAYES AVE,41.90444286,-87.77885251,205,,false
16051200140000,1014 N HUMPHREY AVE,41.90449311,-87.77640308,205,,false
16061180090000,1014 N KENILWORTH AVE,41.90406279,-87.79761006,206,,false
16051170140000,1014 N LOMBARD AVE,41.90442997,-87.7800159,203,,false
16073020190000,1014 PLEASANT ST,41.88594485,-87.80087579,206,Ridgeland - Oak Park,false
16183130060000,1014 S CLINTON AVE,41.86997562,-87.79759285,203,,false
16184130130000,1014 S ELMWOOD AVE,41.87019922,-87.78513593,202,,false
16184080060000,1014 S EUCLID AVE,41.87005324,-87.7924488,203,,false
16184120120000,1014 S GUNDERSON AVE,41.87015697,-87.7863092,202,,false
16173110030000,1014 S HARVEY AVE,41.87023052,-87.78016054,205,,false
16183140070000,1014 S KENILWORTH AVE,41.86997414,-87.79625477,203,,false
16183090330000,1014 S MAPLE AVE,41.86988344,-87.80321691,206,,false
16173080060000,1014 S RIDGELAND AVE,41.87027558,-87.78385393,203,,false
16173130430000,1014 S TAYLOR AVE,41.87005764,-87.77771681,206,,false
16184090050000,1014 S WESLEY AVE,41.87012165,-87.79120823,205,,false
16183100060000,1014 WISCONSIN AVE,41.86988978,-87.80171703,205,,false
16061170090000,1014 WOODBINE AVE,41.90404395,-87.79910471,205,,false
16073231070000,1015 BALDWIN LN,41.88018858,-87.80086697,295,,false
16071020090000,1015 CHICAGO AVE,41.89409847,-87.80118323,202,Frank Lloyd Wright,false
16184090230000,1015 CLARENCE AVE,41.87018887,-87.79052027,205,,false
16063020160000,1015 DIVISION ST,41.9014072,-87.80163386,205,Frank Lloyd Wright,false
16062200220000,1015 FAIR OAKS AVE,41.90439978,-87.78893589,206,,false
16061150210000,1015 FOREST AVE,41.90399207,-87.80134428,206,,false
16183110210000,1015 HOME AVE,41.86999514,-87.79945736,205,Gunderson ,false
16051150240000,1015 MAPLETON AVE,41.90440582,-87.78183188,203,,false
16062190220000,1015 N EAST AVE,41.90438083,-87.79034963,205,,false
16062210220000,1015 N ELMWOOD AVE,41.90427512,-87.78745429,206,,false
16061180200000,1015 N GROVE AVE,41.90408072,-87.79674136,205,,false
16051170340000,1015 N HAYES AVE,41.90444162,-87.77939264,205,,false
16051190320000,1015 N HUMPHREY AVE,41.90449195,-87.77695705,203,,false
16061170210000,1015 N KENILWORTH AVE,41.90406993,-87.79838189,206,,false
16062170230000,1015 N LINDEN AVE,41.90418343,-87.79277612,206,,false
16051160340000,1015 N LOMBARD AVE,41.90441451,-87.78060988,203,,false
16061130210000,1015 N MARION ST,41.90396109,-87.80438408,205,,false
16061190210000,1015 N OAK PARK AVE,41.9041068,-87.79526868,206,,false
16062230160000,1015 N RIDGELAND AVE,41.90451554,-87.7842079,205,,false
16051180350000,1015 N TAYLOR AVE,41.90445422,-87.77818949,203,,false
16183120230000,1015 S CLINTON AVE,41.86995704,-87.79813418,204,,false
16173080270000,1015 S CUYLER AVE,41.87018947,-87.78317249,202,,false
16184100260000,1015 S EAST AVE,41.8701677,-87.78927562,205,,false
16184120400000,1015 S ELMWOOD AVE,41.87017344,-87.78565511,205,,false
16173100270000,1015 S HARVEY AVE,41.87016823,-87.78069223,202,,false
16183130200000,1015 S KENILWORTH AVE,41.87002952,-87.7968243,204,,false
16173130220000,1015 S LYMAN AVE,41.87012182,-87.77702932,202,,false
16183150210000,1015 S OAK PARK AVE,41.87007634,-87.79420714,203,,false
16184130360000,1015 S RIDGELAND AVE,41.87019989,-87.78444673,202,,false
16184110170000,1015 S SCOVILLE AVE,41.87019557,-87.7880764,204,,false
16184080240000,1015 S WESLEY AVE,41.87013028,-87.79172874,205,,false
16183100230000,1015 WENONAH AVE,41.86995526,-87.80086552,205,,false
16183090170000,1015 WISCONSIN AVE,41.86993759,-87.80227442,204,,false
16061160210000,1015 WOODBINE AVE,41.90405368,-87.79979603,206,,false
16063090250000,1016 AUGUSTA ST,41.89815477,-87.80166699,203,Frank Lloyd Wright,false
16073230920000,1016 BALDWIN LN,41.8803718,-87.8008907,295,,false
16061150080000,1016 BELLEFORTE AVE,41.90410858,-87.80226226,205,,false
16184100070000,1016 CLARENCE AVE,41.87006511,-87.7899901,203,,false
16062190090000,1016 COLUMBIAN AVE,41.90438732,-87.79094833,206,,false
16071080350000,1016 ERIE ST,41.8921622,-87.80114716,206,Frank Lloyd Wright,false
16062210080000,1016 FAIR OAKS AVE,41.90440358,-87.78827342,205,,false
16183120060000,1016 HOME AVE,41.86986411,-87.79889934,205,,false
16073230990000,1016 MADISON ST,41.87984291,-87.80079476,295,,false
16053140260000,1016 N AUSTIN BLVD,41.89893804,-87.77552459,206,,false
16062200090000,1016 N EAST AVE,41.90437067,-87.78975034,203,,false
16062170090000,1016 N EUCLID AVE,41.90434359,-87.79336874,206,,false
16051180140000,1016 N HAYES AVE,41.90453079,-87.77885175,203,,false
16051200130000,1016 N HUMPHREY AVE,41.90458472,-87.77640719,205,,false
16051170130000,1016 N LOMBARD AVE,41.90452539,-87.78004943,205,,false
16061140090000,1016 N MARION ST,41.90406861,-87.80372444,205,,false
16062160090000,1016 N OAK PARK AVE,41.90431622,-87.79460952,278,,false
16051190140000,1016 N TAYLOR AVE,41.90456085,-87.77760478,203,,false
16183130070000,1016 S CLINTON AVE,41.86988503,-87.79759361,203,,false
16173090070000,1016 S CUYLER AVE,41.87019957,-87.78261222,202,,false
16184130140000,1016 S ELMWOOD AVE,41.87011521,-87.78510969,203,,false
16184120130000,1016 S GUNDERSON AVE,41.87009313,-87.78629177,205,,false
16173110040000,1016 S HARVEY AVE,41.87015166,-87.78018009,202,,false
16173100070000,1016 S HIGHLAND AVE,41.87021957,-87.78140157,203,,false
16183140080000,1016 S KENILWORTH AVE,41.86988354,-87.79625553,203,,false
16173140090000,1016 S LYMAN AVE,41.87006792,-87.77649514,205,,false
16173080070000,1016 S RIDGELAND AVE,41.87018815,-87.7838509,203,,false
16184110580000,1016 S SCOVILLE AVE,41.87006919,-87.78751646,204,,false
16184090390000,1016 S WESLEY AVE,41.87002094,-87.79120009,205,,false
16071020210000,1016 SUPERIOR ST,41.89329289,-87.80119664,206,Frank Lloyd Wright,false
16063020470000,1016 THOMAS ST,41.89991305,-87.80173166,203,Frank Lloyd Wright,false
16183110060000,1016 WENONAH AVE,41.86987055,-87.80028559,205,Gunderson ,false
16183100070000,1016 WISCONSIN AVE,41.86979934,-87.80167555,203,,false
16061140210000,1017 BELLEFORTE AVE,41.9040838,-87.80291206,206,,false
16184090240000,1017 CLARENCE AVE,41.87008485,-87.79052115,205,,false
16062180080000,1017 COLUMBIAN AVE,41.90433547,-87.79160641,206,,false
16063020370000,1017 DIVISION ST,41.90142741,-87.80177157,203,Frank Lloyd Wright,false
16183110220000,1017 HOME AVE,41.86988409,-87.79946293,205,Gunderson ,false
16073230890000,1017 LINCOLN TRL,41.88074978,-87.80083598,295,,false
16051150230000,1017 MAPLETON AVE,41.90447916,-87.78184597,203,,false
16062160210000,1017 N EUCLID AVE,41.90433211,-87.79400648,206,,false
16061180190000,1017 N GROVE AVE,41.9042236,-87.79674016,206,,false
16051170330000,1017 N HAYES AVE,41.90452955,-87.77939188,203,,false
16051190310000,1017 N HUMPHREY AVE,41.90458354,-87.77695625,205,,false
16062170220000,1017 N LINDEN AVE,41.90432996,-87.79276998,206,,false
16051160330000,1017 N LOMBARD AVE,41.90450986,-87.78062869,205,,false
16051180340000,1017 N TAYLOR AVE,41.90454948,-87.77818867,205,,false
16183120240000,1017 S CLINTON AVE,41.86986647,-87.79813942,205,,false
16173080280000,1017 S CUYLER AVE,41.8701021,-87.78318079,202,,false
16184100270000,1017 S EAST AVE,41.8700771,-87.78927638,203,,false
16184120410000,1017 S ELMWOOD AVE,41.87010633,-87.78565569,203,,false
16184070230000,1017 S EUCLID AVE,41.86996984,-87.79296617,205,,false
16183140230000,1017 S GROVE AVE,41.86997644,-87.79551982,203,,false
16173100280000,1017 S HARVEY AVE,41.87009208,-87.78068911,202,,false
16173090270000,1017 S HIGHLAND AVE,41.87021094,-87.7819531,202,,false
16183130210000,1017 S KENILWORTH AVE,41.86990539,-87.79682983,206,,false
16173110190000,1017 S LOMBARD AVE,41.87020878,-87.77950787,205,,false
16173130230000,1017 S LYMAN AVE,41.87003272,-87.77703371,202,,false
16183150220000,1017 S OAK PARK AVE,41.8699791,-87.79422144,204,,false
16184130370000,1017 S RIDGELAND AVE,41.87012653,-87.78443603,205,,false
16184080400000,1017 S WESLEY AVE,41.86998287,-87.79175751,205,,false
16063090320000,1017 THOMAS ST,41.89959334,-87.80199436,278,Frank Lloyd Wright,false
16183100240000,1017 WENONAH AVE,41.86986161,-87.80088024,205,,false
16183090180000,1017 WISCONSIN AVE,41.86980918,-87.80228013,205,,false
16073231060000,1018 ALEXANDER LN,41.88006682,-87.80080311,295,,false
16063090240000,1018 AUGUSTA ST,41.8981856,-87.80177305,205,Frank Lloyd Wright,false
16073230910000,1018 BALDWIN LN,41.8803705,-87.80095791,295,,false
16061220280000,1018 DIVISION ST,41.90179164,-87.80185757,203,,false
16061160080000,1018 FOREST AVE,41.90415228,-87.80073141,206,,false
16183120070000,1018 HOME AVE,41.86978076,-87.79889073,203,,false
16073231000000,1018 MADISON ST,41.8798384,-87.80086749,295,,false
16051160130000,1018 MAPLETON AVE,41.90454597,-87.78128124,203,,false
16061190080000,1018 N GROVE AVE,41.90422436,-87.79611674,204,,false
16051150040000,1018 N HARVEY AVE,41.90447436,-87.78237127,205,,false
16051180130000,1018 N HAYES AVE,41.90462604,-87.77885093,203,,false
16051200120000,1018 N HUMPHREY AVE,41.90467625,-87.77639167,205,,false
16061180080000,1018 N KENILWORTH AVE,41.90422022,-87.79758421,206,,false
16173090080000,1018 S CUYLER AVE,41.87012055,-87.7825978,202,,false
16184080070000,1018 S EUCLID AVE,41.8699492,-87.79244519,205,,false
16173110050000,1018 S HARVEY AVE,41.870067,-87.78016573,202,,false
16173100080000,1018 S HIGHLAND AVE,41.87013775,-87.78139095,202,,false
16173140100000,1018 S LYMAN AVE,41.86994903,-87.77648171,203,,false
16184070060000,1018 S OAK PARK AVE,41.8699461,-87.7936268,204,,false
16173080080000,1018 S RIDGELAND AVE,41.87010916,-87.78384403,203,,false
16173130570000,1018 S TAYLOR AVE,41.8699576,-87.77769236,204,,false
16183110070000,1018 WENONAH AVE,41.86975948,-87.80028652,205,Gunderson ,false
16183100080000,1018 WISCONSIN AVE,41.86970909,-87.8016763,203,,false
16061170080000,1018 WOODBINE AVE,41.90420055,-87.79912088,205,,false
16073231080000,1019 BALDWIN LN,41.88018953,-87.80107256,295,,false
16071020080000,1019 CHICAGO AVE,41.89399102,-87.80133661,205,Frank Lloyd Wright,false
16184090250000,1019 CLARENCE AVE,41.86996068,-87.79051771,205,,false
16063020410000,1019 DIVISION ST,41.90140905,-87.80197456,203,Frank Lloyd Wright,false
16071140060000,1019 ERIE ST,41.89164193,-87.80132267,205,Frank Lloyd Wright,false
16061150200000,1019 FOREST AVE,41.90413557,-87.80134745,206,,false
16183110230000,1019 HOME AVE,41.86979037,-87.79946371,205,Gunderson ,false
16073230880000,1019 LINCOLN TRL,41.88074691,-87.80091621,295,,false
16062210210000,1019 N ELMWOOD AVE,41.90438149,-87.78747792,206,,false
16051170320000,1019 N HAYES AVE,41.90461381,-87.77939115,204,,false
16051190300000,1019 N HUMPHREY AVE,41.90467885,-87.77694636,205,,false
16061170200000,1019 N KENILWORTH AVE,41.90419407,-87.7984289,205,,false
16061130200000,1019 N MARION ST,41.90411115,-87.80439594,206,,false
16061190200000,1019 N OAK PARK AVE,41.90424978,-87.79528711,206,,false
16051180330000,1019 N TAYLOR AVE,41.90463356,-87.7781688,203,,false
16184100280000,1019 S EAST AVE,41.86998659,-87.78929512,203,,false
16183140240000,1019 S GROVE AVE,41.86987577,-87.79552067,203,,false
16184110490000,1019 S GUNDERSON AVE,41.87000757,-87.78685148,203,,false
16173090280000,1019 S HIGHLAND AVE,41.87012071,-87.78195387,205,,false
16173110200000,1019 S LOMBARD AVE,41.87013317,-87.77950852,205,,false
16173130240000,1019 S LYMAN AVE,41.86994901,-87.77703444,202,,false
16184130380000,1019 S RIDGELAND AVE,41.87006156,-87.78441393,205,,false
16184110180000,1019 S SCOVILLE AVE,41.87004793,-87.78807765,206,,false
16071080420000,1019 SUPERIOR ST,41.89288352,-87.80129347,206,Frank Lloyd Wright,false
16183100250000,1019 WENONAH AVE,41.86976153,-87.80091905,204,,false
16183090190000,1019 WISCONSIN AVE,41.86972219,-87.80225708,205,,false
16061160200000,1019 WOODBINE AVE,41.90419396,-87.79980797,206,,false
16072251040000,102 BISHOP QUARTER LN,41.88754151,-87.79055554,295,,false
16073030020000,102 HOME AVE,41.88664216,-87.79981518,210,Ridgeland - Oak Park,false
16051040300000,102 LE MOYNE PKWY,41.90771991,-87.77839978,206,,false
16073040020000,102 S CLINTON AVE,41.88664014,-87.79834086,205,Ridgeland - Oak Park,false
16073060010000,102 S GROVE AVE,41.88672542,-87.79549258,206,Ridgeland - Oak Park,false
16072250690000,102 WRIGHT LN,41.88755653,-87.78985803,295,,false
16073231050000,1020 ALEXANDER LN,41.88006716,-87.80087681,295,,false
16073230900000,1020 BALDWIN LN,41.88040168,-87.8010487,295,,false
16061150070000,1020 BELLEFORTE AVE,41.90424568,-87.8022917,205,,false
16073160840000,1020 CEDAR CT,41.88217669,-87.80105324,295,Ridgeland - Oak Park,false
16063190490000,1020 CHICAGO AVE,41.89460466,-87.80167484,206,Frank Lloyd Wright,false
16184100080000,1020 CLARENCE AVE,41.86995103,-87.78999107,205,,false
16062190080000,1020 COLUMBIAN AVE,41.90450074,-87.79091301,203,,false
16062210070000,1020 FAIR OAKS AVE,41.90452418,-87.7882086,206,,false
16073231010000,1020 MADISON ST,41.87983518,-87.80094402,295,,false
16051160120000,1020 MAPLETON AVE,41.9046449,-87.78128039,203,,false
16062200080000,1020 N EAST AVE,41.90453906,-87.78971946,206,,false
16062170080000,1020 N EUCLID AVE,41.90447205,-87.79341674,205,,false
16061140080000,1020 N MARION ST,41.90417956,-87.803741,205,,false
16062160080000,1020 N OAK PARK AVE,41.90446657,-87.79463771,206,,false
16051190130000,1020 N TAYLOR AVE,41.90464912,-87.77759923,205,,false
16183130080000,1020 S CLINTON AVE,41.86976436,-87.79762158,205,,false
16173090090000,1020 S CUYLER AVE,41.87003594,-87.78259475,203,,false
16184130150000,1020 S ELMWOOD AVE,41.87000785,-87.7851151,204,,false
16184080080000,1020 S EUCLID AVE,41.86986865,-87.79244137,205,,false
16183150060000,1020 S GROVE AVE,41.86983009,-87.7949479,204,,false
16184120150000,1020 S GUNDERSON AVE,41.86994907,-87.78624953,205,,false
16173100090000,1020 S HIGHLAND AVE,41.8700588,-87.78139163,202,,false
16173150070000,1020 S HUMPHREY AVE,41.86995348,-87.77523713,206,,false
16183140090000,1020 S KENILWORTH AVE,41.86981312,-87.7962651,203,,false
16184070070000,1020 S OAK PARK AVE,41.8698523,-87.79365903,205,,false
16173080090000,1020 S RIDGELAND AVE,41.87002735,-87.78383718,203,,false
16184110590000,1020 S SCOVILLE AVE,41.86995734,-87.78751509,204,,false
16173130560000,1020 S TAYLOR AVE,41.86986849,-87.77769314,203,,false
16071020200000,1020 SUPERIOR ST,41.89329672,-87.80141009,206,Frank Lloyd Wright,false
16061140200000,1021 BELLEFORTE AVE,41.9042273,-87.80291524,206,,false
16184090260000,1021 CLARENCE AVE,41.86987679,-87.79051842,205,,false
16062200210000,1021 FAIR OAKS AVE,41.90453919,-87.78897397,206,,false
16061150190000,1021 FOREST AVE,41.90426933,-87.80135944,206,,false
16073230870000,1021 LINCOLN TRL,41.88074724,-87.80098775,295,,false
16051150220000,1021 MAPLETON AVE,41.90457076,-87.78184518,203,,false
16062190210000,1021 N EAST AVE,41.90451975,-87.79034329,206,,false
16062210200000,1021 N ELMWOOD AVE,41.90449877,-87.78748674,206,,false
16062160200000,1021 N EUCLID AVE,41.90446412,-87.79402991,206,,false
16062170210000,1021 N LINDEN AVE,41.90448395,-87.79279322,205,,false
16051160320000,1021 N LOMBARD AVE,41.90460514,-87.78063278,203,,false
16183120250000,1021 S CLINTON AVE,41.86977587,-87.79814018,203,,false
16173080290000,1021 S CUYLER AVE,41.87001749,-87.78317774,202,,false
16184120540000,1021 S ELMWOOD AVE,41.8699922,-87.78564652,205,,false
16184070240000,1021 S EUCLID AVE,41.86986584,-87.79297154,205,,false
16183140250000,1021 S GROVE AVE,41.86977511,-87.79552151,204,,false
16173100290000,1021 S HARVEY AVE,41.87000185,-87.78068989,202,,false
16173090290000,1021 S HIGHLAND AVE,41.87005022,-87.78195448,203,,false
16173140210000,1021 S HUMPHREY AVE,41.86989985,-87.77580607,204,,false
16183130220000,1021 S KENILWORTH AVE,41.86978457,-87.79682635,205,,false
16173110210000,1021 S LOMBARD AVE,41.87006297,-87.77951275,205,,false
16184130390000,1021 S RIDGELAND AVE,41.86998389,-87.78440822,205,,false
16184110190000,1021 S SCOVILLE AVE,41.86994389,-87.78807404,206,,false
16071080100000,1021 SUPERIOR ST,41.89283374,-87.80147783,206,Frank Lloyd Wright,false
16073160700000,1021 WALNUT WAY,41.88257468,-87.80106653,295,Ridgeland - Oak Park,false
16073231040000,1022 ALEXANDER LN,41.88007575,-87.80095314,295,,false
16063090230000,1022 AUGUSTA ST,41.89818621,-87.80190447,203,Frank Lloyd Wright,false
16073230850000,1022 BALDWIN LN,41.88059511,-87.8010835,295,,false
16073160830000,1022 CEDAR CT,41.88217336,-87.80113376,295,Ridgeland - Oak Park,false
16184100090000,1022 CLARENCE AVE,41.86987125,-87.7899674,204,,false
16061160070000,1022 FOREST AVE,41.90427958,-87.80075657,205,,false
16183120080000,1022 HOME AVE,41.86967663,-87.7988916,205,,false
16073231020000,1022 MADISON ST,41.8798356,-87.80103486,295,,false
16061190070000,1022 N GROVE AVE,41.90435989,-87.7961107,206,,false
16051150030000,1022 N HARVEY AVE,41.90459162,-87.78237517,206,,false
16051180120000,1022 N HAYES AVE,41.90472847,-87.77885495,205,,false
16061180070000,1022 N KENILWORTH AVE,41.90435949,-87.79759286,206,,false
16051170110000,1022 N LOMBARD AVE,41.90478088,-87.77984538,278,,false
16061140070000,1022 N MARION ST,41.90430997,-87.80373556,205,,false
16071140110000,1022 ONTARIO ST,41.89087519,-87.80128942,203,Frank Lloyd Wright,false
16183130090000,1022 S CLINTON AVE,41.86968378,-87.79761326,205,,false
16173090100000,1022 S CUYLER AVE,41.86995693,-87.7825841,203,,false
16184130160000,1022 S ELMWOOD AVE,41.86991059,-87.78512491,205,,false
16184080090000,1022 S EUCLID AVE,41.86979143,-87.79243304,203,,false
16183150070000,1022 S GROVE AVE,41.86973287,-87.79496668,205,,false
16184120160000,1022 S GUNDERSON AVE,41.86988121,-87.78629229,203,,false
16173110060000,1022 S HARVEY AVE,41.86999088,-87.78017016,203,,false
16173100100000,1022 S HIGHLAND AVE,41.86996851,-87.78138107,202,,false
16183140100000,1022 S KENILWORTH AVE,41.86972584,-87.79625685,203,,false
16173140120000,1022 S LYMAN AVE,41.86981119,-87.7764576,203,,false
16184070080000,1022 S OAK PARK AVE,41.86974148,-87.79364199,205,,false
16173080100000,1022 S RIDGELAND AVE,41.86993707,-87.78382663,205,,false
16184110360000,1022 S SCOVILLE AVE,41.86986503,-87.78751501,205,,false
16183110080000,1022 WENONAH AVE,41.86966915,-87.80026868,206,Gunderson ,false
16183100090000,1022 WISCONSIN AVE,41.86962926,-87.80167696,205,,false
16061170070000,1022 WOODBINE AVE,41.90433096,-87.79911543,206,,false
16071020070000,1023 CHICAGO AVE,41.89399124,-87.80154052,206,Frank Lloyd Wright,false
16184090270000,1023 CLARENCE AVE,41.86977608,-87.79051029,203,,false
16063020400000,1023 DIVISION ST,41.90138667,-87.80219758,205,Frank Lloyd Wright,false
16071140050000,1023 ERIE ST,41.89162492,-87.80152031,206,Frank Lloyd Wright,false
16183110240000,1023 HOME AVE,41.86967927,-87.79945999,206,Gunderson ,false
16073230860000,1023 LINCOLN TRL,41.88074919,-87.80105927,295,,false
16051150210000,1023 MAPLETON AVE,41.90467687,-87.78183445,203,,false
16062210190000,1023 N ELMWOOD AVE,41.90462334,-87.78748568,206,,false
16061180180000,1023 N GROVE AVE,41.9043776,-87.79676341,205,,false
16051170310000,1023 N HAYES AVE,41.90472011,-87.77939929,203,,false
16051190290000,1023 N HUMPHREY AVE,41.90476697,-87.77698486,203,,false
16061170190000,1023 N KENILWORTH AVE,41.90434735,-87.79843199,206,,false
16051160310000,1023 N LOMBARD AVE,41.90469307,-87.78063202,203,,false
16061130190000,1023 N MARION ST,41.90424478,-87.80438174,206,,false
16061190190000,1023 N OAK PARK AVE,41.90437421,-87.79525662,206,,false
16051180320000,1023 N TAYLOR AVE,41.90472886,-87.77817779,203,,false
16183120260000,1023 S CLINTON AVE,41.86967183,-87.79813656,203,,false
16173080300000,1023 S CUYLER AVE,41.86994694,-87.78316702,203,,false
16184100300000,1023 S EAST AVE,41.86979535,-87.78930124,205,,false
16184120550000,1023 S ELMWOOD AVE,41.86990476,-87.78560584,202,,false
16184110500000,1023 S GUNDERSON AVE,41.8699136,-87.78684779,204,,false
16173100300000,1023 S HARVEY AVE,41.86991161,-87.78069067,202,,false
16173090300000,1023 S HIGHLAND AVE,41.86995712,-87.78194395,203,,false
16173140220000,1023 S HUMPHREY AVE,41.86979988,-87.77579609,205,,false
16183130230000,1023 S KENILWORTH AVE,41.869704,-87.79681804,203,,false
16173110220000,1023 S LOMBARD AVE,41.86999271,-87.77950251,205,,false
16173130260000,1023 S LYMAN AVE,41.86981398,-87.77703199,204,,false
16184130400000,1023 S RIDGELAND AVE,41.86992117,-87.78440616,204,,false
16184080290000,1023 S WESLEY AVE,41.86977806,-87.79173228,206,,false
16073160710000,1023 WALNUT WAY,41.88256958,-87.80114999,295,Ridgeland - Oak Park,false
16183100260000,1023 WENONAH AVE,41.86961913,-87.80090164,206,,false
16183090200000,1023 WISCONSIN AVE,41.86964609,-87.80231348,206,,false
16061160190000,1023 WOODBINE AVE,41.90432766,-87.79980685,206,,false
16073231030000,1024 ALEXANDER LN,41.880066,-87.80104948,295,,false
16063090220000,1024 AUGUSTA ST,41.89819133,-87.8020478,203,Frank Lloyd Wright,false
16073230840000,1024 BALDWIN LN,41.8805971,-87.80116369,295,,false
16061150060000,1024 BELLEFORTE AVE,41.90439224,-87.80225117,206,,false
16073160820000,1024 CEDAR CT,41.88216564,-87.80122083,295,Ridgeland - Oak Park,false
16184100110000,1024 CLARENCE AVE,41.86976637,-87.78997017,204,,false
16062190070000,1024 COLUMBIAN AVE,41.90464392,-87.7909756,206,,false
16071080230000,1024 ERIE ST,41.89216021,-87.80142598,206,Frank Lloyd Wright,false
16062210060000,1024 FAIR OAKS AVE,41.90466716,-87.78822701,206,,false
16183120090000,1024 HOME AVE,41.86958291,-87.79889238,205,,false
16073230650000,1024 MADISON ST,41.87983534,-87.80117352,295,,false
16051160110000,1024 MAPLETON AVE,41.90474755,-87.78129398,203,,false
16062200070000,1024 N EAST AVE,41.90467828,-87.78971828,206,,false
16062170070000,1024 N EUCLID AVE,41.90460351,-87.79332238,205,,false
16051180110000,1024 N HAYES AVE,41.9048164,-87.77885419,203,,false
16051200110000,1024 N HUMPHREY AVE,41.90480079,-87.77638581,203,,false
16062160070000,1024 N OAK PARK AVE,41.90456916,-87.79463684,206,,false
16051190110000,1024 N TAYLOR AVE,41.90482867,-87.77760258,205,,false
16071140100000,1024 ONTARIO ST,41.89094102,-87.80149365,205,Frank Lloyd Wright,false
16173090110000,1024 S CUYLER AVE,41.86987516,-87.7825848,202,,false
16184130170000,1024 S ELMWOOD AVE,41.86985355,-87.7851254,205,,false
16184080100000,1024 S EUCLID AVE,41.86970032,-87.7924383,205,,false
16183150080000,1024 S GROVE AVE,41.86966574,-87.79496275,202,,false
16184120170000,1024 S GUNDERSON AVE,41.8698434,-87.78628613,203,,false
16173110070000,1024 S HARVEY AVE,41.86990897,-87.78014066,205,,false
16173100110000,1024 S HIGHLAND AVE,41.86988672,-87.781378,206,,false
16173150090000,1024 S HUMPHREY AVE,41.86978517,-87.77525306,205,,false
16183140110000,1024 S KENILWORTH AVE,41.86962169,-87.79623076,203,,false
16173080110000,1024 S RIDGELAND AVE,41.86984969,-87.78383492,203,,false
16184110370000,1024 S SCOVILLE AVE,41.86978785,-87.78751566,203,,false
16173130150000,1024 S TAYLOR AVE,41.86974695,-87.77769057,203,,false
16071020190000,1024 SUPERIOR ST,41.89329476,-87.80160071,206,Frank Lloyd Wright,false
16183110090000,1024 WENONAH AVE,41.86955113,-87.80026966,205,Gunderson ,false
16183100100000,1024 WISCONSIN AVE,41.86953198,-87.80165918,203,,false
16071140040000,1025 ERIE ST,41.89165184,-87.80166705,206,Frank Lloyd Wright,false
16062200200000,1025 FAIR OAKS AVE,41.90465636,-87.78895825,206,,false
16183110250000,1025 HOME AVE,41.86958206,-87.79945615,205,Gunderson ,false
16051150200000,1025 MAPLETON AVE,41.90476114,-87.78183373,203,,false
16062190200000,1025 N EAST AVE,41.90465934,-87.79036199,206,,false
16062160190000,1025 N EUCLID AVE,41.90460346,-87.79405327,206,,false
16051170300000,1025 N HAYES AVE,41.90480454,-87.77943292,203,,false
16062170200000,1025 N LINDEN AVE,41.90461594,-87.79281174,206,,false
16051160300000,1025 N LOMBARD AVE,41.90479197,-87.78062638,205,,false
16051180310000,1025 N TAYLOR AVE,41.90482046,-87.778177,204,,false
16183120270000,1025 S CLINTON AVE,41.86959216,-87.79813534,203,,false
16173080310000,1025 S CUYLER AVE,41.86985947,-87.78315644,205,,false
16184120440000,1025 S ELMWOOD AVE,41.8698343,-87.78560644,205,,false
16184070250000,1025 S EUCLID AVE,41.8697618,-87.79296792,205,,false
16183140260000,1025 S GROVE AVE,41.86968449,-87.79551778,205,,false
16173100310000,1025 S HARVEY AVE,41.86981856,-87.78069147,203,,false
16173090310000,1025 S HIGHLAND AVE,41.86986689,-87.78194473,202,,false
16183130240000,1025 S KENILWORTH AVE,41.86961675,-87.79681877,205,,false
16173110230000,1025 S LOMBARD AVE,41.86991436,-87.77949595,205,,false
16183150240000,1025 S OAK PARK AVE,41.86966562,-87.79422277,205,,false
16184110200000,1025 S SCOVILLE AVE,41.86984316,-87.78806142,203,,false
16071080090000,1025 SUPERIOR ST,41.89281047,-87.8016696,205,Frank Lloyd Wright,false
16073160720000,1025 WALNUT WAY,41.88257,-87.80123734,295,Ridgeland - Oak Park,false
16073230690000,1026 ALEXANDER LN,41.88006852,-87.8011837,295,,false
16073230720000,1026 BALDWIN LN,41.88040167,-87.80117915,295,,false
16073160810000,1026 CEDAR CT,41.88216542,-87.80130494,295,Ridgeland - Oak Park,false
16071080220000,1026 ERIE ST,41.8921473,-87.8016296,206,Frank Lloyd Wright,false
16061160060000,1026 FOREST AVE,41.90444876,-87.80067217,206,,false
16183120100000,1026 HOME AVE,41.86949943,-87.7988559,205,,false
16073230640000,1026 MADISON ST,41.87983569,-87.80124939,295,,false
16051160100000,1026 MAPLETON AVE,41.90483182,-87.78129326,203,,false
16061190060000,1026 N GROVE AVE,41.90452101,-87.79608972,206,,false
16051150020000,1026 N HARVEY AVE,41.9047051,-87.78235456,205,,false
16051180100000,1026 N HAYES AVE,41.90490064,-87.77884855,203,,false
16051200100000,1026 N HUMPHREY AVE,41.90489974,-87.77638985,204,,false
16061180060000,1026 N KENILWORTH AVE,41.9044879,-87.79763105,205,,false
16051170100000,1026 N LOMBARD AVE,41.90489179,-87.78005056,205,,false
16061140060000,1026 N MARION ST,41.90445023,-87.80374313,204,,false
16173310140000,1026 S AUSTIN BLVD,41.8670072,-87.77442998,205,,false
16183130100000,1026 S CLINTON AVE,41.86957635,-87.79760068,207,,false
16173090120000,1026 S CUYLER AVE,41.86978773,-87.78258178,203,,false
16184130180000,1026 S ELMWOOD AVE,41.86977635,-87.78512157,205,,false
16183150090000,1026 S GROVE AVE,41.86958861,-87.79497239,203,,false
16184120180000,1026 S GUNDERSON AVE,41.86975439,-87.78623771,205,,false
16173110080000,1026 S HARVEY AVE,41.86982166,-87.78016407,205,,false
16173100120000,1026 S HIGHLAND AVE,41.86980215,-87.7813825,202,,false
16173150100000,1026 S HUMPHREY AVE,41.86971126,-87.77524414,203,,false
16173140280000,1026 S LYMAN AVE,41.86969774,-87.77645136,206,,false
16184070090000,1026 S OAK PARK AVE,41.86965089,-87.79364291,206,,false
16173080120000,1026 S RIDGELAND AVE,41.86976792,-87.78383562,205,,false
16184110380000,1026 S SCOVILLE AVE,41.86972077,-87.78752073,203,,false
16173130160000,1026 S TAYLOR AVE,41.86964967,-87.77767695,202,,false
16184090110000,1026 S WESLEY AVE,41.86965522,-87.79120768,203,,false
16061170060000,1026 WOODBINE AVE,41.90445487,-87.7991144,206,,false
16061140190000,1027 BELLEFORTE AVE,41.90438038,-87.80287466,205,,false
16071020370000,1027 CHICAGO AVE,41.8939958,-87.8017532,205,Frank Lloyd Wright,false
16184090280000,1027 CLARENCE AVE,41.86966877,-87.79052467,206,,false
16061150180000,1027 FOREST AVE,41.90441291,-87.80138009,206,,false
16073230830000,1027 LINCOLN TRL,41.88073266,-87.80120159,295,,false
16051150190000,1027 MAPLETON AVE,41.90484907,-87.78183297,202,,false
16062210180000,1027 N ELMWOOD AVE,41.90474795,-87.78749443,206,,false
16061180170000,1027 N GROVE AVE,41.90449484,-87.79676243,205,,false
16051170290000,1027 N HAYES AVE,41.90488148,-87.77943226,203,,false
16051190280000,1027 N HUMPHREY AVE,41.90490597,-87.77693948,205,,false
16061170180000,1027 N KENILWORTH AVE,41.90449068,-87.79840022,206,,false
16051160290000,1027 N LOMBARD AVE,41.90487626,-87.78063056,205,,false
16061130180000,1027 N MARION ST,41.90436219,-87.80438514,206,,false
16061190180000,1027 N OAK PARK AVE,41.90452809,-87.79525532,206,,false
16173080320000,1027 S CUYLER AVE,41.86977206,-87.78315719,202,,false
16184100310000,1027 S EAST AVE,41.86967453,-87.78929777,203,,false
16184120450000,1027 S ELMWOOD AVE,41.86976719,-87.78560701,205,,false
16183140270000,1027 S GROVE AVE,41.86958383,-87.79551862,203,,false
16184110520000,1027 S GUNDERSON AVE,41.8697223,-87.78684043,205,,false
16173090320000,1027 S HIGHLAND AVE,41.86979359,-87.78194913,202,,false
16173130280000,1027 S LYMAN AVE,41.86968436,-87.77703312,203,,false
16184130420000,1027 S RIDGELAND AVE,41.8697752,-87.78440246,203,,false
16184110210000,1027 S SCOVILLE AVE,41.86974919,-87.78805773,205,,false
16184080300000,1027 S WESLEY AVE,41.8696438,-87.79172443,205,,false
16073160730000,1027 WALNUT WAY,41.88256893,-87.80131469,295,Ridgeland - Oak Park,false
16183100270000,1027 WENONAH AVE,41.86949747,-87.80086547,203,,false
16061160180000,1027 WOODBINE AVE,41.90447115,-87.79981003,206,,false
16073230680000,1028 ALEXANDER LN,41.88006567,-87.80126827,295,,false
16063090210000,1028 AUGUSTA ST,41.89816961,-87.80217343,203,Frank Lloyd Wright,false
16073230730000,1028 BALDWIN LN,41.88037617,-87.80126607,295,,false
16061150050000,1028 BELLEFORTE AVE,41.90453903,-87.80226306,206,,false
16184100130000,1028 CLARENCE AVE,41.86961206,-87.78998046,204,,false
16062210050000,1028 FAIR OAKS AVE,41.90482104,-87.7882257,203,,false
16073230630000,1028 MADISON ST,41.879836,-87.80131659,295,,false
16051160090000,1028 MAPLETON AVE,41.90493445,-87.78130219,203,,false
16062200060000,1028 N EAST AVE,41.90480661,-87.78975683,206,,false
16062170060000,1028 N EUCLID AVE,41.90475771,-87.79335065,205,,false
16051180090000,1028 N HAYES AVE,41.90499597,-87.77886245,205,,false
16051190100000,1028 N TAYLOR AVE,41.90492026,-87.77760179,203,,false
16183130110000,1028 S CLINTON AVE,41.86946201,-87.79754772,205,,false
16184110060000,1028 S EAST AVE,41.86963542,-87.78874043,203,,false
16184130190000,1028 S ELMWOOD AVE,41.86970922,-87.78511765,205,,false
16184080120000,1028 S EUCLID AVE,41.86960972,-87.79243906,203,,false
16184120190000,1028 S GUNDERSON AVE,41.86967051,-87.78623843,204,,false
16173110090000,1028 S HARVEY AVE,41.86973709,-87.78016857,205,,false
16173150110000,1028 S HUMPHREY AVE,41.8696214,-87.77525448,203,,false
16183140120000,1028 S KENILWORTH AVE,41.86954106,-87.79620897,203,,false
16173080130000,1028 S RIDGELAND AVE,41.86969182,-87.78384382,202,,false
16184110390000,1028 S SCOVILLE AVE,41.8696503,-87.78752133,203,,false
16184090120000,1028 S WESLEY AVE,41.86955774,-87.79117256,204,,false
16183110100000,1028 WENONAH AVE,41.8694539,-87.80026117,205,Gunderson ,false
16183100110000,1028 WISCONSIN AVE,41.86943579,-87.80167105,203,,false
16073230710000,1029 BALDWIN LN,41.88017526,-87.80123107,295,,false
16061140180000,1029 BELLEFORTE AVE,41.90452049,-87.80285166,205,,false
16184090290000,1029 CLARENCE AVE,41.86956815,-87.79053451,203,,false
16062200190000,1029 FAIR OAKS AVE,41.90480282,-87.78893775,205,,false
16183110260000,1029 HOME AVE,41.86948142,-87.79946164,205,Gunderson ,false
16073230820000,1029 LINCOLN TRL,41.88073308,-87.80129263,295,,false
16062190190000,1029 N EAST AVE,41.90478396,-87.79037075,206,,false
16062210170000,1029 N ELMWOOD AVE,41.90487238,-87.78746442,205,,false
16062160180000,1029 N EUCLID AVE,41.90473533,-87.79404726,206,,false
16062170190000,1029 N LINDEN AVE,41.90474781,-87.79280534,206,,false
16051180300000,1029 N TAYLOR AVE,41.90490853,-87.77820568,203,,false
16183120280000,1029 S CLINTON AVE,41.8695141,-87.79813338,204,,false
16173080330000,1029 S CUYLER AVE,41.86969309,-87.7831541,203,,false
16184120460000,1029 S ELMWOOD AVE,41.86969014,-87.78563463,203,,false
16184070260000,1029 S EUCLID AVE,41.86966447,-87.79296425,203,,false
16183140280000,1029 S GROVE AVE,41.8694865,-87.79551495,203,,false
16173100320000,1029 S HARVEY AVE,41.86973115,-87.78069222,203,,false
16173090330000,1029 S HIGHLAND AVE,41.86972028,-87.78194976,203,,false
16183130250000,1029 S KENILWORTH AVE,41.86951941,-87.7968106,205,,false
16173110240000,1029 S LOMBARD AVE,41.86982257,-87.77950036,203,,false
16173130290000,1029 S LYMAN AVE,41.86959524,-87.77703389,203,,false
16184130430000,1029 S RIDGELAND AVE,41.86967924,-87.7843844,204,,false
16184110220000,1029 S SCOVILLE AVE,41.8696653,-87.78805844,206,,false
16183100280000,1029 WENONAH AVE,41.86941521,-87.80088652,203,,false
16072251010000,103 BISHOP QUARTER LN,41.887539,-87.79098371,295,,false
16073020430000,103 HOME AVE,41.88661978,-87.8003009,295,,false
16051110070000,103 LE MOYNE PKWY,41.90716487,-87.77848859,204,,false
16074000310000,103 S EUCLID AVE APT A,41.88664801,-87.79304059,295,Ridgeland - Oak Park,false
16074000380000,103 S EUCLID AVE APT B,41.88665458,-87.79330296,295,Ridgeland - Oak Park,false
16072250780000,103 WRIGHT LN,41.88754866,-87.79013033,295,,false
16073230670000,1030 ALEXANDER LN,41.88006109,-87.80132683,295,,false
16073230740000,1030 BALDWIN LN,41.88037647,-87.80133111,295,,false
16062190060000,1030 COLUMBIAN AVE,41.90478686,-87.7909842,205,,false
16071080210000,1030 ERIE ST,41.89214521,-87.80179354,205,Frank Lloyd Wright,false
16061160050000,1030 FOREST AVE,41.90454274,-87.80068034,206,,false
16183120360000,1030 HOME AVE,41.86942307,-87.79885654,206,,false
16073230620000,1030 MADISON ST,41.87983638,-87.80139896,295,,false
16062220170000,1030 N ELMWOOD AVE,41.90500936,-87.78699686,204,,false
16061190050000,1030 N GROVE AVE,41.90464944,-87.79613281,206,,false
16051200090000,1030 N HUMPHREY AVE,41.90499866,-87.77638899,205,,false
16061180050000,1030 N KENILWORTH AVE,41.90461236,-87.79760547,206,,false
16051170090000,1030 N LOMBARD AVE,41.90496527,-87.78009409,203,,false
16061140050000,1030 N MARION ST,41.90457096,-87.80375961,206,,false
16062160060000,1030 N OAK PARK AVE,41.90469741,-87.79464067,205,,false
16051190090000,1030 N TAYLOR AVE,41.90501186,-87.777601,205,,false
16173090130000,1030 S CUYLER AVE,41.86970032,-87.78258253,203,,false
16184110070000,1030 S EAST AVE,41.86957164,-87.78873648,205,,false
16184130200000,1030 S ELMWOOD AVE,41.86964876,-87.78510469,204,,false
16184080130000,1030 S EUCLID AVE,41.86949275,-87.79242657,205,,false
16183150100000,1030 S GROVE AVE,41.86945093,-87.79495108,203,,false
16173100130000,1030 S HIGHLAND AVE,41.86972602,-87.78138316,203,,false
16183140130000,1030 S KENILWORTH AVE,41.86943385,-87.79624581,203,,false
16173140150000,1030 S LYMAN AVE,41.86955476,-87.77648152,202,,false
16184110400000,1030 S SCOVILLE AVE,41.86958321,-87.78752639,205,,false
16173130170000,1030 S TAYLOR AVE,41.86955245,-87.77767779,202,,false
16071020180000,1030 SUPERIOR ST,41.89330348,-87.80178271,206,Frank Lloyd Wright,false
16183110110000,1030 WENONAH AVE,41.86935422,-87.80026843,205,Gunderson ,false
16183100120000,1030 WISCONSIN AVE,41.86934216,-87.80169041,205,,false
16061170050000,1030 WOODBINE AVE,41.90458875,-87.79915259,206,,false
16073230700000,1031 BALDWIN LN,41.88016156,-87.80143362,295,,false
16071020380000,1031 CHICAGO AVE,41.89397231,-87.80192494,206,Frank Lloyd Wright,false
16061150170000,1031 FOREST AVE,41.90455302,-87.80135709,205,,false
16183110270000,1031 HOME AVE,41.86937122,-87.79944575,205,Gunderson ,false
16073230810000,1031 LINCOLN TRL,41.88073338,-87.80135767,295,,false
16051150180000,1031 MAPLETON AVE,41.90494444,-87.78185669,206,,false
16061180160000,1031 N GROVE AVE,41.90462307,-87.79676136,206,,false
16051170280000,1031 N HAYES AVE,41.9049804,-87.7794314,203,,false
16051190270000,1031 N HUMPHREY AVE,41.90501972,-87.77697285,205,,false
16061170260000,1031 N KENILWORTH AVE,41.90461785,-87.79839916,206,,false
16051160280000,1031 N LOMBARD AVE,41.90496785,-87.78062977,203,,false
16061130170000,1031 N MARION ST,41.90449605,-87.80441898,206,,false
16061190170000,1031 N OAK PARK AVE,41.90465655,-87.79530333,206,,false
16051180290000,1031 N TAYLOR AVE,41.90499634,-87.77818038,206,,false
16183120290000,1031 S CLINTON AVE,41.86942686,-87.79813411,203,,false
16184100320000,1031 S EAST AVE,41.86956032,-87.78927178,203,,false
16184120470000,1031 S ELMWOOD AVE,41.86956996,-87.78565259,202,,false
16184070270000,1031 S EUCLID AVE,41.86953357,-87.79295636,205,,false
16184110530000,1031 S GUNDERSON AVE,41.86961159,-87.78684587,203,,false
16173100330000,1031 S HARVEY AVE,41.8696381,-87.78069302,202,,false
16173140240000,1031 S HUMPHREY AVE,41.86955409,-87.77578738,205,,false
16183130260000,1031 S KENILWORTH AVE,41.8694087,-87.79681602,202,,false
16173110250000,1031 S LOMBARD AVE,41.86973063,-87.77947585,202,,false
16173130300000,1031 S LYMAN AVE,41.86956738,-87.77703242,203,,false
16184080380000,1031 S WESLEY AVE,41.86949947,-87.79171667,205,,false
16183090220000,1031 WISCONSIN AVE,41.86938285,-87.80223326,205,,false
16061160170000,1031 WOODBINE AVE,41.90459547,-87.79989636,204,,false
16073230660000,1032 ALEXANDER LN,41.88006145,-87.80140487,295,,false
16073230750000,1032 BALDWIN LN,41.8803784,-87.80139829,295,,false
16184100150000,1032 CLARENCE AVE,41.86946782,-87.78999067,205,,false
16062190290000,1032 COLUMBIAN AVE,41.90491502,-87.7909684,206,,false
16071080200000,1032 ERIE ST,41.89211457,-87.80193865,206,Frank Lloyd Wright,false
16062210040000,1032 FAIR OAKS AVE,41.90493476,-87.78825418,204,,false
16061160040000,1032 FOREST AVE,41.90470671,-87.80074428,206,,false
16051160080000,1032 MAPLETON AVE,41.90503344,-87.78131606,203,,false
16062200050000,1032 N EAST AVE,41.90494926,-87.78970654,206,,false
16062170050000,1032 N EUCLID AVE,41.90487861,-87.79334963,205,,false
16051150010000,1032 N HARVEY AVE,41.90485147,-87.78231404,205,,false
16051180080000,1032 N HAYES AVE,41.90509489,-87.7788616,202,,false
16051200080000,1032 N HUMPHREY AVE,41.90508292,-87.77638826,203,,false
16051170080000,1032 N LOMBARD AVE,41.90505687,-87.7800933,205,,false
16062160050000,1032 N OAK PARK AVE,41.90484044,-87.79466879,205,,false
16051190080000,1032 N TAYLOR AVE,41.90509981,-87.77760514,203,,false
16071140200000,1032 ONTARIO ST,41.89092676,-87.80182361,206,Frank Lloyd Wright,false
16073090310000,1032 RANDOLPH ST,41.88349338,-87.80154395,205,Ridgeland - Oak Park,false
16183130120000,1032 S CLINTON AVE,41.86933809,-87.79759818,204,,false
16173090140000,1032 S CUYLER AVE,41.86962983,-87.78258313,203,,false
16184110080000,1032 S EAST AVE,41.86950451,-87.78873256,205,,false
16184130210000,1032 S ELMWOOD AVE,41.86957489,-87.78509633,203,,false
16184120200000,1032 S GUNDERSON AVE,41.86957657,-87.78624372,203,,false
16173110100000,1032 S HARVEY AVE,41.86965812,-87.78016548,202,,false
16173100140000,1032 S HIGHLAND AVE,41.86963857,-87.78137636,202,,false
16173150120000,1032 S HUMPHREY AVE,41.8695187,-87.7752373,203,,false
16173080140000,1032 S RIDGELAND AVE,41.86961004,-87.78384075,203,,false
16184110410000,1032 S SCOVILLE AVE,41.86951589,-87.78748204,203,,false
16173130180000,1032 S TAYLOR AVE,41.869466,-87.77767131,204,,false
16184090130000,1032 S WESLEY AVE,41.86945708,-87.79117341,205,,false
16071020170000,1032 SUPERIOR ST,41.89330121,-87.80190853,206,Frank Lloyd Wright,false
16183100130000,1032 WISCONSIN AVE,41.86925532,-87.80167719,203,,false
16063180270000,1033 AUGUSTA ST,41.89773963,-87.8023501,206,Frank Lloyd Wright,false
16184090300000,1033 CLARENCE AVE,41.86946401,-87.79050843,204,,false
16071140010000,1033 ERIE ST,41.89166584,-87.80185684,204,Frank Lloyd Wright,false
16062200270000,1033 FAIR OAKS AVE,41.90497504,-87.78894119,206,,false
16073230800000,1033 LINCOLN TRL,41.88073207,-87.80142488,295,,false
16051150170000,1033 MAPLETON AVE,41.90503242,-87.78186575,203,,false
16062190180000,1033 N EAST AVE,41.90493048,-87.7903646,206,,false
16062210160000,1033 N ELMWOOD AVE,41.90496764,-87.78746361,205,,false
16062160170000,1033 N EUCLID AVE,41.9048746,-87.79405602,205,,false
16051170270000,1033 N HAYES AVE,41.90506833,-87.77943064,203,,false
16051190260000,1033 N HUMPHREY AVE,41.90513325,-87.77696205,205,,false
16062170180000,1033 N LINDEN AVE,41.90489068,-87.79279923,205,,false
16051160270000,1033 N LOMBARD AVE,41.90507046,-87.7806338,202,,false
16051180280000,1033 N TAYLOR AVE,41.90508798,-87.7781894,204,,false
16183120300000,1033 S CLINTON AVE,41.86930604,-87.79813062,204,,false
16173080340000,1033 S CUYLER AVE,41.8696085,-87.78315482,202,,false
16184100330000,1033 S EAST AVE,41.86943617,-87.78927283,205,,false
16184070280000,1033 S EUCLID AVE,41.86941606,-87.79294387,204,,false
16183140290000,1033 S GROVE AVE,41.86939588,-87.79551121,203,,false
16184110540000,1033 S GUNDERSON AVE,41.86951757,-87.78683319,203,,false
16173090340000,1033 S HIGHLAND AVE,41.86963569,-87.78195049,202,,false
16173140250000,1033 S HUMPHREY AVE,41.86946226,-87.77578456,205,,false
16173110260000,1033 S LOMBARD AVE,41.86964962,-87.77947654,205,,false
16173130310000,1033 S LYMAN AVE,41.8694736,-87.77700964,205,,false
16183150370000,1033 S OAK PARK AVE,41.86931164,-87.79419429,234,,false
16184130440000,1033 S RIDGELAND AVE,41.86958619,-87.7843852,204,,false
16071080390000,1033 SUPERIOR ST,41.89277473,-87.80195573,206,Frank Lloyd Wright,false
16183100290000,1033 WENONAH AVE,41.86931103,-87.80087809,205,,false
16061150040000,1034 BELLEFORTE AVE,41.90466003,-87.80233631,206,,false
16183120130000,1034 HOME AVE,41.86927381,-87.79885778,205,,false
16051160070000,1034 MAPLETON AVE,41.90512135,-87.78131039,203,,false
16053140210000,1034 N AUSTIN BLVD,41.89958363,-87.77556498,206,,false
16061190040000,1034 N GROVE AVE,41.90478138,-87.79614164,206,,false
16051180070000,1034 N HAYES AVE,41.90517183,-87.77886093,205,,false
16051200070000,1034 N HUMPHREY AVE,41.90518565,-87.77641682,203,,false
16061180040000,1034 N KENILWORTH AVE,41.90474787,-87.79759452,206,,false
16051170070000,1034 N LOMBARD AVE,41.90515588,-87.78011208,203,,false
16061140040000,1034 N MARION ST,41.90469171,-87.80378045,206,,false
16051190070000,1034 N TAYLOR AVE,41.90518779,-87.77761419,204,,false
16173090150000,1034 S CUYLER AVE,41.8695424,-87.78258011,203,,false
16184110090000,1034 S EAST AVE,41.86943734,-87.78871965,205,,false
16184130220000,1034 S ELMWOOD AVE,41.86951114,-87.78509688,205,,false
16184080140000,1034 S EUCLID AVE,41.86939549,-87.79243638,203,,false
16183150110000,1034 S GROVE AVE,41.86935651,-87.79496723,203,,false
16184120210000,1034 S GUNDERSON AVE,41.86948933,-87.78624446,202,,false
16173110110000,1034 S HARVEY AVE,41.86957351,-87.78016243,202,,false
16173100150000,1034 S HIGHLAND AVE,41.86955962,-87.78137704,203,,false
16173150130000,1034 S HUMPHREY AVE,41.86942697,-87.77525617,203,,false
16183140140000,1034 S KENILWORTH AVE,41.86933319,-87.79624666,205,,false
16173140160000,1034 S LYMAN AVE,41.86948723,-87.77647849,203,,false
16183090090000,1034 S MAPLE AVE,41.86925576,-87.80318616,203,,false
16184070110000,1034 S OAK PARK AVE,41.86934873,-87.79360936,203,,false
16173080150000,1034 S RIDGELAND AVE,41.86953381,-87.78382252,203,,false
16184110420000,1034 S SCOVILLE AVE,41.86942529,-87.78748281,203,,false
16173130190000,1034 S TAYLOR AVE,41.8694039,-87.77767185,203,,false
16073230610000,1034 SUSAN COLLINS LN,41.88007683,-87.80166397,295,,false
16183110120000,1034 WENONAH AVE,41.86925351,-87.80025997,205,Gunderson ,false
16183100140000,1034 WISCONSIN AVE,41.8691685,-87.80166862,203,,false
16061170040000,1034 WOODBINE AVE,41.90474211,-87.79917315,206,,false
16061210380000,1035 BERKSHIRE ST,41.90320652,-87.80289521,206,,false
16061150160000,1035 FOREST AVE,41.90469676,-87.80141268,206,,false
16183110280000,1035 HOME AVE,41.86927052,-87.79943729,205,Gunderson ,false
16051150160000,1035 MAPLETON AVE,41.90513491,-87.78184523,205,,false
16061180150000,1035 N GROVE AVE,41.90477333,-87.79680942,204,,false
16051170260000,1035 N HAYES AVE,41.90516006,-87.77945929,203,,false
16061170250000,1035 N KENILWORTH AVE,41.90476172,-87.79848095,204,,false
16051160260000,1035 N LOMBARD AVE,41.90514745,-87.78064295,202,,false
16061130160000,1035 N MARION ST,41.90465243,-87.80438711,205,,false
16061190160000,1035 N OAK PARK AVE,41.90479898,-87.79526337,206,,false
16051180270000,1035 N TAYLOR AVE,41.90517962,-87.77819843,203,,false
16173080350000,1035 S CUYLER AVE,41.86952951,-87.78314795,202,,false
16184120480000,1035 S ELMWOOD AVE,41.86947601,-87.78565339,203,,false
16183140300000,1035 S GROVE AVE,41.86929184,-87.79550759,203,,false
16173100340000,1035 S HARVEY AVE,41.86955633,-87.78069373,203,,false
16173090350000,1035 S HIGHLAND AVE,41.86954828,-87.78195124,203,,false
16183130270000,1035 S KENILWORTH AVE,41.86931128,-87.79679437,205,,false
16173110270000,1035 S LOMBARD AVE,41.86958211,-87.77947713,205,,false
16184110240000,1035 S SCOVILLE AVE,41.86946727,-87.78804664,204,,false
16184080340000,1035 S WESLEY AVE,41.86940882,-87.79170395,205,,false
16183100300000,1035 WENONAH AVE,41.86923113,-87.80086481,203,,false
16183090230000,1035 WISCONSIN AVE,41.86925182,-87.80231083,206,,false
16061160160000,1035 WOODBINE AVE,41.90473208,-87.79982096,206,,false
16184100160000,1036 CLARENCE AVE,41.86937049,-87.789987,205,,false
16062210030000,1036 FAIR OAKS AVE,41.90507765,-87.78825297,206,,false
16053140200000,1036 N AUSTIN BLVD,41.89967168,-87.77555548,203,,false
16062200040000,1036 N EAST AVE,41.90507782,-87.78977416,206,,false
16062170040000,1036 N EUCLID AVE,41.90502157,-87.79336316,206,,false
16051200060000,1036 N HUMPHREY AVE,41.9052772,-87.77640621,203,,false
16061180030000,1036 N KENILWORTH AVE,41.9048873,-87.79763753,206,,false
16051170060000,1036 N LOMBARD AVE,41.90524752,-87.7801211,203,,false
16062160040000,1036 N OAK PARK AVE,41.90501621,-87.79464769,204,,false
16051190060000,1036 N TAYLOR AVE,41.90527936,-87.77760849,204,,false
16183130130000,1036 S CLINTON AVE,41.86922392,-87.79758116,206,,false
16173090160000,1036 S CUYLER AVE,41.86946063,-87.78258081,202,,false
16184110100000,1036 S EAST AVE,41.86936018,-87.7887248,205,,false
16184130230000,1036 S ELMWOOD AVE,41.86943732,-87.78509751,203,,false
16184080150000,1036 S EUCLID AVE,41.86929128,-87.79241798,205,,false
16183150120000,1036 S GROVE AVE,41.86927313,-87.79496156,205,,false
16184120220000,1036 S GUNDERSON AVE,41.86941858,-87.78627694,202,,false
16173110120000,1036 S HARVEY AVE,41.86949167,-87.78014803,203,,false
16173100160000,1036 S HIGHLAND AVE,41.86947492,-87.78135512,203,,false
16173150140000,1036 S HUMPHREY AVE,41.86934056,-87.77525692,203,,false
16183140150000,1036 S KENILWORTH AVE,41.86922915,-87.79624303,205,,false
16173140170000,1036 S LYMAN AVE,41.86941164,-87.77648276,202,,false
16183090100000,1036 S MAPLE AVE,41.86911692,-87.80318731,203,,false
16173080160000,1036 S RIDGELAND AVE,41.86944071,-87.783812,205,,false
16173130200000,1036 S TAYLOR AVE,41.86933367,-87.77766884,203,,false
16184090140000,1036 S WESLEY AVE,41.86934299,-87.79117437,205,,false
16071020160000,1036 SUPERIOR ST,41.89329659,-87.8020318,205,Frank Lloyd Wright,false
16073230600000,1036 SUSAN COLLINS LN,41.88007721,-87.8017452,295,,false
16183110130000,1036 WENONAH AVE,41.86914244,-87.80026089,205,Gunderson ,false
16061140170000,1037 BELLEFORTE AVE,41.90473251,-87.80289321,204,,false
16184090310000,1037 CLARENCE AVE,41.86935659,-87.79050036,205,,false
16063010300000,1037 DIVISION ST,41.90138645,-87.80267877,205,Frank Lloyd Wright,false
16062200160000,1037 FAIR OAKS AVE,41.90513263,-87.78894967,206,,false
16062190170000,1037 N EAST AVE,41.9050404,-87.79036367,206,,false
16062210150000,1037 N ELMWOOD AVE,41.90511415,-87.78745255,206,,false
16062160160000,1037 N EUCLID AVE,41.90502482,-87.79405476,203,,false
16051170250000,1037 N HAYES AVE,41.90525892,-87.77944372,205,,false
16051190250000,1037 N HUMPHREY AVE,41.90525053,-87.77697084,204,,false
16061170150000,1037 N KENILWORTH AVE,41.90489807,-87.798417,206,,false
16062170170000,1037 N LINDEN AVE,41.90502264,-87.79281284,206,,false
16051180260000,1037 N TAYLOR AVE,41.90526023,-87.77819773,203,,false
16183120310000,1037 S CLINTON AVE,41.86923224,-87.79813573,203,,false
16173080360000,1037 S CUYLER AVE,41.86945056,-87.78314863,203,,false
16184100340000,1037 S EAST AVE,41.86935553,-87.78925106,205,,false
16184070290000,1037 S EUCLID AVE,41.86928183,-87.79294051,205,,false
16184110550000,1037 S GUNDERSON AVE,41.86938658,-87.78680735,203,,false
16173100350000,1037 S HARVEY AVE,41.86945764,-87.78069458,203,,false
16173090360000,1037 S HIGHLAND AVE,41.86947206,-87.78193302,202,,false
16173140260000,1037 S HUMPHREY AVE,41.86938595,-87.7757147,203,,false
16183130280000,1037 S KENILWORTH AVE,41.86920384,-87.79678179,205,,false
16173110280000,1037 S LOMBARD AVE,41.86951993,-87.7794632,205,,false
16173130320000,1037 S LYMAN AVE,41.86937453,-87.77702196,203,,false
16184110250000,1037 S SCOVILLE AVE,41.86936656,-87.78803852,206,,false
16183100310000,1037 WENONAH AVE,41.86913737,-87.8008563,203,,false
16183090240000,1037 WISCONSIN AVE,41.86910862,-87.80223141,205,,false
16061150030000,1038 BELLEFORTE AVE,41.90482537,-87.8022919,206,,false
16184100170000,1038 CLARENCE AVE,41.86926974,-87.78996988,205,,false
16061210400000,1038 DIVISION ST,41.90168094,-87.80312784,204,,false
16061160030000,1038 FOREST AVE,41.90484729,-87.80075622,206,,false
16183120140000,1038 HOME AVE,41.86913488,-87.79884035,203,,false
16051160060000,1038 MAPLETON AVE,41.90522398,-87.78131932,203,,false
16061190030000,1038 N GROVE AVE,41.90490964,-87.79614548,206,,false
16051180060000,1038 N HAYES AVE,41.90525988,-87.77888471,205,,false
16173090170000,1038 S CUYLER AVE,41.86937886,-87.78258151,202,,false
16184110110000,1038 S EAST AVE,41.8692997,-87.78870734,203,,false
16184130590000,1038 S ELMWOOD AVE,41.86936348,-87.78509365,205,,false
16183150130000,1038 S GROVE AVE,41.86920107,-87.79494419,203,,false
16184120230000,1038 S GUNDERSON AVE,41.86932801,-87.7862822,205,,false
16173110130000,1038 S HARVEY AVE,41.86940428,-87.78015256,202,,false
16173100170000,1038 S HIGHLAND AVE,41.86939315,-87.78135582,205,,false
16173140180000,1038 S LYMAN AVE,41.86932517,-87.77647267,203,,false
16173080170000,1038 S RIDGELAND AVE,41.86936458,-87.78381265,205,,false
16184110430000,1038 S SCOVILLE AVE,41.86933805,-87.78748355,203,,false
16073230590000,1038 SUSAN COLLINS LN,41.88007754,-87.80181788,295,,false
16183100150000,1038 WISCONSIN AVE,41.86907129,-87.80166478,278,,false
16061170030000,1038 WOODBINE AVE,41.90487559,-87.79919159,206,,false
16184090320000,1039 CLARENCE AVE,41.86925924,-87.7904922,203,,false
16061150150000,1039 FOREST AVE,41.90482394,-87.80141412,206,,false
16183020060000,1039 GARFIELD ST,41.8721576,-87.80113054,202,,false
16183110290000,1039 HOME AVE,41.86916977,-87.79941954,205,Gunderson ,false
16051150150000,1039 MAPLETON AVE,41.9052265,-87.78184444,205,,false
16061180140000,1039 N GROVE AVE,41.90489786,-87.79679857,204,,false
16051160250000,1039 N LOMBARD AVE,41.90523904,-87.78064216,203,,false
16061130150000,1039 N MARION ST,41.90477302,-87.80437301,205,,false
16061190150000,1039 N OAK PARK AVE,41.90493873,-87.79531568,206,,false
16051180250000,1039 N TAYLOR AVE,41.90535907,-87.77818215,206,,false
16183120320000,1039 S CLINTON AVE,41.86914496,-87.79812747,203,,false
16184120490000,1039 S ELMWOOD AVE,41.86936518,-87.78563187,203,,false
16183140310000,1039 S GROVE AVE,41.8692046,-87.79550832,203,,false
16173090370000,1039 S HIGHLAND AVE,41.86938746,-87.78193374,203,,false
16173140270000,1039 S HUMPHREY AVE,41.86926248,-87.77579714,203,,false
16173110290000,1039 S LOMBARD AVE,41.86944977,-87.77947465,205,,false
16173130330000,1039 S LYMAN AVE,41.8692737,-87.77699691,205,,false
16183150350000,1039 S OAK PARK AVE,41.86919278,-87.79419341,205,,false
16184130470000,1039 S RIDGELAND AVE,41.86937529,-87.78437568,202,,false
16184080390000,1039 S WESLEY AVE,41.86923771,-87.79170989,205,,false
16061160150000,1039 WOODBINE AVE,41.90485863,-87.79982032,206,,false
16072251050000,104 BISHOP QUARTER LN,41.88760314,-87.79054902,295,,false
16051040290000,104 LE MOYNE PKWY,41.90772046,-87.77851313,203,,false
16083040020000,104 S TAYLOR AVE,41.88683184,-87.77776109,206,Ridgeland - Oak Park,false
16074020310000,104 S WESLEY AVE,41.88663053,-87.79082854,206,Ridgeland - Oak Park,false
16072250700000,104 WRIGHT LN,41.88759309,-87.78986072,295,,false
16063080310000,1040 AUGUSTA ST,41.89813234,-87.80302462,204,Frank Lloyd Wright,false
16184100180000,1040 CLARENCE AVE,41.86918921,-87.78997056,205,,false
16183120150000,1040 HOME AVE,41.86904461,-87.79883645,203,,false
16051160050000,1040 MAPLETON AVE,41.90531924,-87.7813185,203,,false
16053140190000,1040 N AUSTIN BLVD,41.89977273,-87.77553711,204,,false
16062200030000,1040 N EAST AVE,41.90520278,-87.78975824,206,,false
16062220030000,1040 N ELMWOOD AVE,41.90529468,-87.78690069,206,,false
16062170030000,1040 N EUCLID AVE,41.90513547,-87.7934309,205,,false
16051180050000,1040 N HAYES AVE,41.90535511,-87.77887898,203,,false
16051200050000,1040 N HUMPHREY AVE,41.90536877,-87.7764005,203,,false
16051170050000,1040 N LOMBARD AVE,41.90533879,-87.7800516,278,,false
16061140030000,1040 N MARION ST,41.9048189,-87.80378376,205,,false
16062160030000,1040 N OAK PARK AVE,41.90515057,-87.79461078,204,,false
16051190050000,1040 N TAYLOR AVE,41.90536729,-87.77760773,203,,false
16183130140000,1040 S CLINTON AVE,41.86908968,-87.79757779,205,,false
16184110120000,1040 S EAST AVE,41.86922257,-87.78871698,205,,false
16184080160000,1040 S EUCLID AVE,41.86917728,-87.79241575,204,,false
16183150140000,1040 S GROVE AVE,41.8691084,-87.79491874,203,,false
16184120240000,1040 S GUNDERSON AVE,41.86926421,-87.78627376,205,,false
16173150150000,1040 S HUMPHREY AVE,41.86925143,-87.77525408,205,,false
16183140160000,1040 S KENILWORTH AVE,41.86912506,-87.79623043,203,,false
16173140190000,1040 S LYMAN AVE,41.86922524,-87.77646992,202,,false
16183090110000,1040 S MAPLE AVE,41.86898116,-87.80319308,205,,false
16184110440000,1040 S SCOVILLE AVE,41.86925079,-87.7874798,203,,false
16173130210000,1040 S TAYLOR AVE,41.86923112,-87.77768419,205,,false
16184090150000,1040 S WESLEY AVE,41.86924233,-87.79117522,205,,false
16073230580000,1040 SUSAN COLLINS LN,41.88008146,-87.80189177,295,,false
16183110140000,1040 WENONAH AVE,41.86904865,-87.80024773,206,Gunderson ,false
16183100160000,1040 WISCONSIN AVE,41.86898445,-87.80165155,203,,false
16061170020000,1040 WOODBINE AVE,41.904993,-87.79919498,205,,false
16061210370000,1041 BERKSHIRE ST,41.90316956,-87.80316174,206,,false
16063010290000,1041 DIVISION ST,41.90137067,-87.80286992,205,Frank Lloyd Wright,false
16183110300000,1041 HOME AVE,41.86906221,-87.79942973,205,Gunderson ,false
16051150140000,1041 MAPLETON AVE,41.90531443,-87.78184369,205,,false
16062190160000,1041 N EAST AVE,41.90519565,-87.79037538,206,,false
16062210140000,1041 N ELMWOOD AVE,41.90524252,-87.7874809,205,,false
16062160150000,1041 N EUCLID AVE,41.9051416,-87.79407918,206,,false
16051170240000,1041 N HAYES AVE,41.90534694,-87.77946259,203,,false
16051190240000,1041 N HUMPHREY AVE,41.905346,-87.77701418,203,,false
16051160240000,1041 N LOMBARD AVE,41.90533442,-87.78066587,205,,false
16183120330000,1041 S CLINTON AVE,41.86904767,-87.79813278,203,,false
16173080370000,1041 S CUYLER AVE,41.86936315,-87.78314938,202,,false
16184120500000,1041 S ELMWOOD AVE,41.86928464,-87.78563256,203,,false
16184070300000,1041 S EUCLID AVE,41.86917791,-87.79296385,203,,false
16183140320000,1041 S GROVE AVE,41.86910331,-87.79549063,204,,false
16184110560000,1041 S GUNDERSON AVE,41.86923567,-87.7868266,203,,false
16173100360000,1041 S HARVEY AVE,41.86935048,-87.78069173,205,,false
16173110300000,1041 S LOMBARD AVE,41.86937683,-87.77946805,204,,false
16173130340000,1041 S LYMAN AVE,41.86919813,-87.77700479,205,,false
16184130480000,1041 S RIDGELAND AVE,41.86930756,-87.78436493,202,,false
16184110270000,1041 S SCOVILLE AVE,41.86925581,-87.78803496,205,,false
16183100320000,1041 WENONAH AVE,41.86905405,-87.80085234,203,,false
16183090250000,1041 WISCONSIN AVE,41.8689837,-87.80224174,205,,false
16061150020000,1042 BELLEFORTE AVE,41.90495392,-87.80228962,203,,false
16061160020000,1042 FOREST AVE,41.90497779,-87.80076824,206,,false
16183120160000,1042 HOME AVE,41.86896478,-87.79883712,278,,false
16051160040000,1042 MAPLETON AVE,41.90540719,-87.78132265,203,,false
16061190020000,1042 N GROVE AVE,41.9050452,-87.79614434,206,,false
16051180040000,1042 N HAYES AVE,41.90544305,-87.77887822,205,,false
16051200040000,1042 N HUMPHREY AVE,41.90546036,-87.7763997,203,,false
16061180020000,1042 N KENILWORTH AVE,41.90504111,-87.79762151,206,,false
16051170040000,1042 N LOMBARD AVE,41.90543052,-87.78008026,203,,false
16051190040000,1042 N TAYLOR AVE,41.90547361,-87.77762153,203,,false
16183130150000,1042 S CLINTON AVE,41.86898207,-87.79752927,203,,false
16173090180000,1042 S CUYLER AVE,41.86929426,-87.78258224,202,,false
16184110130000,1042 S EAST AVE,41.86916553,-87.78871747,205,,false
16184130600000,1042 S ELMWOOD AVE,41.86922892,-87.78502291,204,,false
16184120250000,1042 S GUNDERSON AVE,41.86920381,-87.78627428,205,,false
16173110140000,1042 S HARVEY AVE,41.86931969,-87.78015329,203,,false
16173100180000,1042 S HIGHLAND AVE,41.86931138,-87.78135652,202,,false
16183140170000,1042 S KENILWORTH AVE,41.86901429,-87.79622237,203,,false
16173080180000,1042 S RIDGELAND AVE,41.86928281,-87.78381335,203,,false
16184110450000,1042 S SCOVILLE AVE,41.86918368,-87.78748037,203,,false
16073230570000,1042 SUSAN COLLINS LN,41.88007106,-87.801962,295,,false
16183110150000,1042 WENONAH AVE,41.86893762,-87.80025795,205,Gunderson ,false
16183100170000,1042 WISCONSIN AVE,41.86889411,-87.80163371,205,,false
16061140150000,1043 BELLEFORTE AVE,41.90496632,-87.80285343,205,,false
16184090330000,1043 CLARENCE AVE,41.86915516,-87.7904796,205,,false
16062200150000,1043 FAIR OAKS AVE,41.90530485,-87.78895312,206,,false
16061150140000,1043 FOREST AVE,41.90499019,-87.80139963,206,,false
16183020050000,1043 GARFIELD ST,41.87215108,-87.80126468,203,,false
16183110310000,1043 HOME AVE,41.86897543,-87.79943045,205,Gunderson ,false
16051150130000,1043 MAPLETON AVE,41.90540603,-87.7818429,203,,false
16061180130000,1043 N GROVE AVE,41.90503687,-87.79675323,205,,false
16051170230000,1043 N HAYES AVE,41.90543487,-87.77946183,203,,false
16051190230000,1043 N HUMPHREY AVE,41.90548865,-87.77696387,205,,false
16061170140000,1043 N KENILWORTH AVE,41.90502182,-87.79838102,206,,false
16062170160000,1043 N LINDEN AVE,41.90517283,-87.79280667,206,,false
16051160230000,1043 N LOMBARD AVE,41.90542223,-87.78064058,205,,false
16061130140000,1043 N MARION ST,41.90492577,-87.80437571,206,,false
16061190140000,1043 N OAK PARK AVE,41.9050706,-87.79530966,206,,false
16051180240000,1043 N TAYLOR AVE,41.90545807,-87.77819601,204,,false
16183120340000,1043 S CLINTON AVE,41.86897377,-87.79811542,203,,false
16173080380000,1043 S CUYLER AVE,41.86928702,-87.78315003,203,,false
16184120510000,1043 S ELMWOOD AVE,41.86921258,-87.78561536,205,,false
16183140330000,1043 S GROVE AVE,41.86901663,-87.79549642,206,,false
16173100370000,1043 S HARVEY AVE,41.86926303,-87.78068493,203,,false
16173090380000,1043 S HIGHLAND AVE,41.86930566,-87.7819269,203,,false
16184130490000,1043 S RIDGELAND AVE,41.86923432,-87.78438066,205,,false
16184110280000,1043 S SCOVILLE AVE,41.86916186,-87.78803576,205,,false
16183100330000,1043 WENONAH AVE,41.86894983,-87.80083462,203,,false
16183090260000,1043 WISCONSIN AVE,41.86888651,-87.80224255,203,,false
16061160140000,1043 WOODBINE AVE,41.90499889,-87.79982789,206,,false
16184100190000,1044 CLARENCE AVE,41.86909868,-87.78998481,205,,false
16062210290000,1044 FAIR OAKS AVE,41.9053086,-87.78828045,206,,false
16181190120000,1044 JACKSON BLVD,41.87553107,-87.80192214,203,,false
16053140180000,1044 N AUSTIN BLVD,41.89990317,-87.77552287,205,,false
16062200020000,1044 N EAST AVE,41.90535866,-87.78979215,206,,false
16062220020000,1044 N ELMWOOD AVE,41.90541176,-87.78686533,204,,false
16062170020000,1044 N EUCLID AVE,41.90530043,-87.79344865,206,,false
16051180030000,1044 N HAYES AVE,41.90553459,-87.77886761,203,,false
16051200030000,1044 N HUMPHREY AVE,41.905552,-87.77640873,204,,false
16061180010000,1044 N KENILWORTH AVE,41.90514729,-87.7976059,206,,false
16051170030000,1044 N LOMBARD AVE,41.90552597,-87.7801187,203,,false
16061140020000,1044 N MARION ST,41.90497648,-87.8037779,206,,false
16062160020000,1044 N OAK PARK AVE,41.90526754,-87.79463564,205,,false
16173090190000,1044 S CUYLER AVE,41.86921248,-87.78257917,202,,false
16184110140000,1044 S EAST AVE,41.86909842,-87.78871803,205,,false
16184080170000,1044 S EUCLID AVE,41.86907657,-87.79240762,204,,false
16184120260000,1044 S GUNDERSON AVE,41.86912664,-87.78627494,205,,false
16173110150000,1044 S HARVEY AVE,41.86924916,-87.78014635,202,,false
16173100190000,1044 S HIGHLAND AVE,41.86922687,-87.78137613,202,,false
16183090120000,1044 S MAPLE AVE,41.86888047,-87.80318927,205,,false
16173080190000,1044 S RIDGELAND AVE,41.86920105,-87.78381783,202,,false
16184090160000,1044 S WESLEY AVE,41.86914838,-87.79117602,205,,false
16073230560000,1044 SUSAN COLLINS LN,41.88007245,-87.80202503,295,,false
16184090340000,1045 CLARENCE AVE,41.86904445,-87.79048503,206,,false
16063010280000,1045 DIVISION ST,41.90136022,-87.80310765,202,Frank Lloyd Wright,false
16051150120000,1045 MAPLETON AVE,41.90549396,-87.78184214,206,,false
16062190150000,1045 N EAST AVE,41.90533193,-87.79037423,206,,false
16062210130000,1045 N ELMWOOD AVE,41.90538183,-87.78749935,206,,false
16062160270000,1045 N EUCLID AVE,41.90527759,-87.79401755,207,,false
16051170220000,1045 N HAYES AVE,41.90553022,-87.77948063,204,,false
16062170150000,1045 N LINDEN AVE,41.90530118,-87.79283012,206,,false
16051160220000,1045 N LOMBARD AVE,41.90551399,-87.78067414,203,,false
16051180230000,1045 N TAYLOR AVE,41.90554234,-87.77819528,203,,false
16173080390000,1045 S CUYLER AVE,41.86920243,-87.78315075,202,,false
16184120520000,1045 S ELMWOOD AVE,41.86914888,-87.78559897,203,,false
16183140340000,1045 S GROVE AVE,41.86891586,-87.7954748,203,,false
16184130500000,1045 S RIDGELAND AVE,41.86916661,-87.78437369,205,,false
16184110290000,1045 S SCOVILLE AVE,41.86910817,-87.78803622,205,,false
16063080130000,1045 THOMAS ST,41.89955814,-87.80302384,205,Frank Lloyd Wright,false
16061150010000,1046 BELLEFORTE AVE,41.90507069,-87.80219349,208,,false
16184100200000,1046 CLARENCE AVE,41.86901804,-87.78996303,205,,false
16062210280000,1046 FAIR OAKS AVE,41.90547339,-87.78818102,278,,false
16061160010000,1046 FOREST AVE,41.90511116,-87.80069724,204,,false
16183120170000,1046 HOME AVE,41.86885709,-87.79881943,278,,false
16051160030000,1046 MAPLETON AVE,41.90549883,-87.78133168,206,,false
16053140170000,1046 N AUSTIN BLVD,41.89997817,-87.77551348,205,,false
16061190010000,1046 N GROVE AVE,41.90516592,-87.79610406,206,,false
16051200020000,1046 N HUMPHREY AVE,41.90564726,-87.7764079,203,,false
16061140010000,1046 N MARION ST,41.90507242,-87.80374317,206,,false
16051190030000,1046 N TAYLOR AVE,41.90555421,-87.77762083,205,,false
16173090200000,1046 S CUYLER AVE,41.86913067,-87.78257232,203,,false
16184110150000,1046 S EAST AVE,41.86902789,-87.78870515,202,,false
16184130270000,1046 S ELMWOOD AVE,41.86911479,-87.78501491,203,,false
16184120270000,1046 S GUNDERSON AVE,41.86906284,-87.78626649,205,,false
16173110160000,1046 S HARVEY AVE,41.86917013,-87.78013193,203,,false
16173100200000,1046 S HIGHLAND AVE,41.86914787,-87.78136548,202,,false
16183090130000,1046 S MAPLE AVE,41.86879023,-87.80319001,205,,false
16173080200000,1046 S RIDGELAND AVE,41.86911646,-87.78381855,203,,false
16184090400000,1046 S WESLEY AVE,41.86904079,-87.791132,204,,false
16073230540000,1046 SUSAN COLLINS LN,41.88005742,-87.80210326,295,,false
16063010320000,1046 THOMAS ST,41.89989747,-87.80308458,205,Frank Lloyd Wright,false
16183110160000,1046 WENONAH AVE,41.86883692,-87.80024949,205,Gunderson ,false
16183100180000,1046 WISCONSIN AVE,41.86881081,-87.8016344,203,,false
16061170010000,1046 WOODBINE AVE,41.90512647,-87.79914582,206,,false
16061140140000,1047 BELLEFORTE AVE,41.90507534,-87.80289834,206,,false
16062200140000,1047 FAIR OAKS AVE,41.90544435,-87.78901083,206,,false
16061150130000,1047 FOREST AVE,41.90508828,-87.8014556,206,,false
16183110320000,1047 HOME AVE,41.86885395,-87.79943146,205,Gunderson ,false
16051150310000,1047 MAPLETON AVE,41.90557756,-87.78184751,205,,false
16061180120000,1047 N GROVE AVE,41.90518697,-87.79672743,205,,false
16051170210000,1047 N HAYES AVE,41.90562175,-87.77946512,204,,false
16051190220000,1047 N HUMPHREY AVE,41.90559873,-87.77699727,204,,false
16061170130000,1047 N KENILWORTH AVE,41.90512985,-87.79847185,204,,false
16062170140000,1047 N LINDEN AVE,41.90540761,-87.79286849,205,,false
16051160210000,1047 N LOMBARD AVE,41.90560192,-87.78067338,203,,false
16061190130000,1047 N OAK PARK AVE,41.90516955,-87.79531374,206,,false
16051180220000,1047 N TAYLOR AVE,41.90562294,-87.77819459,203,,false
16183120350000,1047 S CLINTON AVE,41.86887636,-87.79809377,203,,false
16173080400000,1047 S CUYLER AVE,41.86911776,-87.78313638,203,,false
16184120530000,1047 S ELMWOOD AVE,41.86907517,-87.78562828,204,,false
16184110570000,1047 S GUNDERSON AVE,41.86909465,-87.78680983,204,,false
16173100380000,1047 S HARVEY AVE,41.86916139,-87.78065938,204,,false
16173090400000,1047 S HIGHLAND AVE,41.8691421,-87.78192453,203,,false
16184130510000,1047 S RIDGELAND AVE,41.86909549,-87.78437429,205,,false
16184110300000,1047 S SCOVILLE AVE,41.8690276,-87.78802792,205,,false
16183100340000,1047 WENONAH AVE,41.86883535,-87.80084951,203,,false
16183090270000,1047 WISCONSIN AVE,41.86880317,-87.80223394,205,,false
16061160130000,1047 WOODBINE AVE,41.90511988,-87.79990114,204,,false
16051160020000,1048 MAPLETON AVE,41.9055831,-87.78133096,203,,false
16053140160000,1048 N AUSTIN BLVD,41.90004668,-87.77551288,205,,false
16062200010000,1048 N EAST AVE,41.90546426,-87.78973018,204,,false
16062220010000,1048 N ELMWOOD AVE,41.90550345,-87.78688418,206,,false
16062170010000,1048 N EUCLID AVE,41.90539573,-87.79345766,206,,false
16051180020000,1048 N HAYES AVE,41.90561879,-87.77885216,204,,false
16051170020000,1048 N LOMBARD AVE,41.90560657,-87.780118,203,,false
16062160010000,1048 N OAK PARK AVE,41.90541029,-87.79463444,205,,false
16051190020000,1048 N TAYLOR AVE,41.90563096,-87.7775809,203,,false
16184080180000,1048 S EUCLID AVE,41.86898262,-87.79240841,205,,false
16051150300000,1049 MAPLETON AVE,41.90566866,-87.78188138,207,,false
16062190140000,1049 N EAST AVE,41.90544918,-87.79046015,204,,false
16062210120000,1049 N ELMWOOD AVE,41.90548808,-87.78749844,206,,false
16062160260000,1049 N EUCLID AVE,41.90542711,-87.79407678,206,,false
16072251000000,105 BISHOP QUARTER LN,41.88759153,-87.79098956,295,,false
16073020440000,105 HOME AVE,41.88653869,-87.80032263,295,,false
16071280350000,105 N KENILWORTH AVE,41.88750717,-87.79738337,205,Ridgeland - Oak Park,false
16074000320000,105 S EUCLID AVE APT A,41.88659341,-87.79303912,295,Ridgeland - Oak Park,false
16074000390000,105 S EUCLID AVE APT B,41.88659998,-87.79330149,295,Ridgeland - Oak Park,false
16074030350000,105 S SCOVILLE AVE,41.88663755,-87.78821885,205,Ridgeland - Oak Park,false
16072250790000,105 WRIGHT LN,41.88760116,-87.79012989,295,,false
16051160010000,1050 MAPLETON AVE,41.9056819,-87.78130556,203,,false
16051180010000,1050 N HAYES AVE,41.90569931,-87.77883007,203,,false
16051200010000,1050 N HUMPHREY AVE,41.90573974,-87.77642462,203,,false
16051170010000,1050 N LOMBARD AVE,41.90569084,-87.78011728,203,,false
16051190010000,1050 N TAYLOR AVE,41.90573241,-87.77758646,203,,false
16051170200000,1051 N HAYES AVE,41.90569868,-87.77946445,203,,false
16051190210000,1051 N HUMPHREY AVE,41.90573302,-87.77697263,206,,false
16051160200000,1051 N LOMBARD AVE,41.90568616,-87.78066775,206,,false
16051180210000,1051 N TAYLOR AVE,41.90570926,-87.77820794,205,,false
16072251060000,106 BISHOP QUARTER LN,41.88764885,-87.79054864,295,,false
16073030040000,106 HOME AVE,41.88651889,-87.79984537,210,Ridgeland - Oak Park,false
16073060030000,106 S GROVE AVE,41.88656521,-87.79548823,205,Ridgeland - Oak Park,false
16083050020000,106 S HUMPHREY AVE,41.88680572,-87.77615704,205,Ridgeland - Oak Park,false
16072250710000,106 WRIGHT LN,41.88763869,-87.78986033,295,,false
16072250990000,107 BISHOP QUARTER LN,41.88763261,-87.79098921,295,,false
16073020450000,107 HOME AVE,41.8865128,-87.80032013,295,,false
16051110060000,107 LE MOYNE PKWY,41.90718497,-87.77862702,203,,false
16074000330000,107 S EUCLID AVE APT A,41.88652504,-87.79303727,295,Ridgeland - Oak Park,false
16074000400000,107 S EUCLID AVE APT B,41.88653161,-87.79329964,295,Ridgeland - Oak Park,false
16083030170000,107 S TAYLOR AVE,41.88671831,-87.77853449,206,Ridgeland - Oak Park,false
16072250800000,107 WRIGHT LN,41.88764692,-87.79014179,295,,false
16072251070000,108 BISHOP QUARTER LN,41.88770363,-87.79055117,295,,false
16073030050000,108 HOME AVE,41.88645113,-87.79984593,210,Ridgeland - Oak Park,false
16051040280000,108 LE MOYNE PKWY,41.90773408,-87.77865221,204,,false
16074020290000,108 S WESLEY AVE,41.88651026,-87.79082356,206,Ridgeland - Oak Park,false
16072250720000,108 WRIGHT LN,41.88768215,-87.78986296,295,,false
16072250980000,109 BISHOP QUARTER LN,41.88769431,-87.79099769,295,,false
16073020460000,109 HOME AVE,41.88645797,-87.80031515,295,,false
16051110050000,109 LE MOYNE PKWY,41.90718556,-87.77874918,203,,false
16074000340000,109 S EUCLID AVE APT A,41.8864834,-87.79303617,295,Ridgeland - Oak Park,false
16074000410000,109 S EUCLID AVE APT B,41.88648997,-87.79329854,295,Ridgeland - Oak Park,false
16074030370000,109 S SCOVILLE AVE,41.88647282,-87.78821426,205,Ridgeland - Oak Park,false
16072250810000,109 WRIGHT LN,41.88768573,-87.79014147,295,,false
16053200360000,11 AUGUSTA ST,41.89814859,-87.77601465,203,,false
16071030370000,11 ELIZABETH CT,41.89206278,-87.79804583,204,Frank Lloyd Wright,false
16051130050000,11 LE MOYNE PKWY,41.90720532,-87.77614014,203,,false
16072251080000,110 BISHOP QUARTER LN,41.88774935,-87.79055378,295,,false
16073030060000,110 HOME AVE,41.88640021,-87.79982367,210,Ridgeland - Oak Park,false
16051040270000,110 LE MOYNE PKWY,41.90770868,-87.77875697,204,,false
16074050040000,110 S ELMWOOD AVE,41.88653293,-87.78599968,205,Ridgeland - Oak Park,false
16074010020000,110 S EUCLID AVE,41.8864022,-87.79244589,205,Ridgeland - Oak Park,false
16083050030000,110 S HUMPHREY AVE,41.88667772,-87.77615816,205,Ridgeland - Oak Park,false
16072250730000,110 WRIGHT LN,41.8877324,-87.78986583,295,,false
16062110100000,1100 COLUMBIAN AVE,41.90580499,-87.79095837,203,,false
16051070120000,1100 EDMER AVE,41.90586227,-87.78432938,203,,false
16062130100000,1100 FAIR OAKS AVE,41.90580039,-87.78832014,206,,false
16183190010000,1100 HOME AVE,41.86857807,-87.79884873,203,,false
16062120100000,1100 N EAST AVE,41.90583511,-87.78972225,206,,false
16062140120000,1100 N ELMWOOD AVE,41.90580953,-87.78690692,206,,false
16062090260000,1100 N EUCLID AVE,41.90575501,-87.793393,204,,false
16051090200000,1100 N HARVEY AVE,41.90594399,-87.78171263,203,,false
16051110180000,1100 N HAYES AVE,41.90600596,-87.77912896,205,,false
16051130180000,1100 N HUMPHREY AVE,41.90604494,-87.77647424,205,,false
16061110120000,1100 N KENILWORTH AVE,41.90550646,-87.79759742,205,,false
16062100120000,1100 N LINDEN AVE,41.90578181,-87.7921544,204,,false
16051100200000,1100 N LOMBARD AVE,41.90595705,-87.78038881,205,,false
16062080210000,1100 N OAK PARK AVE,41.9057481,-87.79467985,205,,false
16051080120000,1100 N RIDGELAND AVE,41.90595274,-87.78293215,204,,false
16062150120000,1100 ROSSELL AVE,41.90584868,-87.78560596,206,,false
16183200010000,1100 S CLINTON AVE,41.86860896,-87.79754304,205,,false
16173170010000,1100 S CUYLER AVE,41.86887909,-87.7825911,203,,false
16184180010000,1100 S EAST AVE,41.86875525,-87.78872944,205,,false
16184210010000,1100 S ELMWOOD AVE,41.86885004,-87.78504532,205,,false
16184150180000,1100 S EUCLID AVE,41.86869785,-87.79237488,203,,false
16183220010000,1100 S GROVE AVE,41.86866523,-87.79493743,205,,false
16184200010000,1100 S GUNDERSON AVE,41.86883246,-87.78627246,205,,false
16173190010000,1100 S HARVEY AVE,41.86888149,-87.78015787,203,,false
16173180010000,1100 S HIGHLAND AVE,41.8688822,-87.7813465,205,,false
16173230010000,1100 S HUMPHREY AVE,41.86896366,-87.77521043,203,,false
16173220010000,1100 S LYMAN AVE,41.86895576,-87.77649626,202,,false
16184190010000,1100 S SCOVILLE AVE,41.86875722,-87.7874543,204,,false
16173210010000,1100 S TAYLOR AVE,41.8689374,-87.77765694,202,,false
16184160010000,1100 S WESLEY AVE,41.8687245,-87.79116916,206,,false
16183180010000,1100 WENONAH AVE,41.86858922,-87.80023216,205,Gunderson ,false
16183170010000,1100 WISCONSIN AVE,41.86855081,-87.80162195,204,,false
16061100120000,1100 WOODBINE AVE,41.90548028,-87.79918794,208,,false
16184160170000,1101 CLARENCE AVE,41.86870453,-87.79052374,203,,false
16062150240000,1101 EDMER AVE,41.90585921,-87.78495723,205,,false
16062120200000,1101 FAIR OAKS AVE,41.90586619,-87.78900673,206,,false
16183180170000,1101 HOME AVE,41.86857162,-87.79941668,205,Gunderson ,false
16062110200000,1101 N EAST AVE,41.90581315,-87.7904167,208,,false
16062130230000,1101 N ELMWOOD AVE,41.90592735,-87.78758023,206,,false
16062080230000,1101 N EUCLID AVE,41.90573877,-87.79407416,204,,false
16061110240000,1101 N GROVE AVE,41.90549918,-87.79680353,205,,false
16051080250000,1101 N HARVEY AVE,41.90594987,-87.78233194,205,,false
16051100300000,1101 N HAYES AVE,41.90600581,-87.77970124,206,,false
16051120260000,1101 N HUMPHREY AVE,41.90602576,-87.7771269,205,,false
16061100240000,1101 N KENILWORTH AVE,41.90549241,-87.7985064,204,,false
16062090200000,1101 N LINDEN AVE,41.90579151,-87.79283785,204,,false
16061120240000,1101 N OAK PARK AVE,41.90551137,-87.79541647,278,,false
16051070230000,1101 N RIDGELAND AVE,41.90591105,-87.7836945,203,,false
16051110280000,1101 N TAYLOR AVE,41.90600884,-87.77838473,205,,false
16062140240000,1101 ROSSELL AVE,41.90582657,-87.78626309,204,,false
16183190180000,1101 S CLINTON AVE,41.8685907,-87.79808961,203,,false
16184200210000,1101 S ELMWOOD AVE,41.8688489,-87.78558143,205,,false
16184140170000,1101 S EUCLID AVE,41.86867473,-87.7929366,206,,false
16184190190000,1101 S GUNDERSON AVE,41.86880488,-87.7867598,205,,false
16173180200000,1101 S HARVEY AVE,41.86890145,-87.78065923,206,,false
16173170200000,1101 S HIGHLAND AVE,41.86887607,-87.78192359,203,,false
16173220190000,1101 S HUMPHREY AVE,41.86896297,-87.77575506,204,,false
16173190200000,1101 S LOMBARD AVE,41.86890833,-87.77946718,203,,false
16173210200000,1101 S LYMAN AVE,41.86896371,-87.77695534,203,,false
16184210210000,1101 S RIDGELAND AVE,41.86885518,-87.78435062,205,,false
16184180180000,1101 S SCOVILLE AVE,41.8687801,-87.78802325,202,,false
16173200220000,1101 S TAYLOR AVE,41.86891019,-87.77823967,205,,false
16184150010000,1101 S WESLEY AVE,41.86870036,-87.79171041,206,,false
16183170160000,1101 WENONAH AVE,41.86857142,-87.80078026,204,,false
16183160150000,1101 WISCONSIN AVE,41.86852285,-87.80226428,206,,false
16061120120000,1102 N GROVE AVE,41.90550819,-87.79612067,206,,false
16051120180000,1102 N TAYLOR AVE,41.90601263,-87.77782927,206,,false
16173310170000,1102 S AUSTIN BLVD,41.86671358,-87.77445147,203,,false
16183200020000,1102 S CLINTON AVE,41.86849839,-87.79754749,205,,false
16184210020000,1102 S ELMWOOD AVE,41.86878237,-87.7850459,205,,false
16183220020000,1102 S GROVE AVE,41.86857558,-87.79490998,203,,false
16184200020000,1102 S GUNDERSON AVE,41.86876478,-87.78627303,205,,false
16173230020000,1102 S HUMPHREY AVE,41.86887725,-87.77521118,203,,false
16173200020000,1102 S LOMBARD AVE,41.86886473,-87.77889082,205,,false
16183160290000,1102 S MAPLE AVE,41.86850906,-87.80303513,295,,false
16173210020000,1102 S TAYLOR AVE,41.86885093,-87.77764684,204,,false
16183170020000,1102 WISCONSIN AVE,41.86846751,-87.80162264,203,,false
16051090300000,1103 N LOMBARD AVE,41.90599301,-87.78107909,204,,false
16183190190000,1103 S CLINTON AVE,41.86850118,-87.79809035,203,,false
16184200220000,1103 S ELMWOOD AVE,41.86877279,-87.78558585,205,,false
16184190200000,1103 S GUNDERSON AVE,41.86873719,-87.7867566,205,,false
16173220200000,1103 S HUMPHREY AVE,41.86886833,-87.77573058,205,,false
16173190210000,1103 S LOMBARD AVE,41.86883811,-87.77946417,202,,false
16173210210000,1103 S LYMAN AVE,41.86888005,-87.77696691,205,,false
16184210220000,1103 S RIDGELAND AVE,41.86878747,-87.78434365,205,,false
16184180190000,1103 S SCOVILLE AVE,41.86871523,-87.78802002,202,,false
16183170170000,1103 WENONAH AVE,41.86848117,-87.80078101,203,,false
16061090120000,1103 WOODBINE AVE,41.9054711,-87.79987475,205,,false
16184170350000,1104 CLARENCE AVE,41.86862278,-87.78993264,203,,false
16062130090000,1104 FAIR OAKS AVE,41.90594319,-87.78832774,206,,false
16061070270000,1104 GREENFIELD ST,41.90540991,-87.80439225,205,,false
16183190020000,1104 HOME AVE,41.86844595,-87.79880336,204,,false
16062140110000,1104 N ELMWOOD AVE,41.90593933,-87.78690581,206,,false
16051090190000,1104 N HARVEY AVE,41.9060414,-87.78171179,206,,false
16051110170000,1104 N HAYES AVE,41.90610989,-87.77913687,205,,false
16051130170000,1104 N HUMPHREY AVE,41.90614887,-87.77648214,205,,false
16061110110000,1104 N KENILWORTH AVE,41.90562354,-87.79764871,205,,false
16062100110000,1104 N LINDEN AVE,41.90588587,-87.79224103,205,,false
16051100190000,1104 N LOMBARD AVE,41.90604163,-87.78041393,205,,false
16051080110000,1104 N RIDGELAND AVE,41.90606303,-87.78291358,204,,false
16051120170000,1104 N TAYLOR AVE,41.90613591,-87.77781939,203,,false
16062150110000,1104 ROSSELL AVE,41.90597873,-87.78560485,204,,false
16173310180000,1104 S AUSTIN BLVD,41.86661301,-87.77444788,203,,false
16173170030000,1104 S CUYLER AVE,41.8687691,-87.78258828,206,,false
16184210030000,1104 S ELMWOOD AVE,41.86870054,-87.78503527,203,,false
16184150190000,1104 S EUCLID AVE,41.86856815,-87.79237598,203,,false
16173190020000,1104 S HARVEY AVE,41.86879401,-87.78014352,202,,false
16173180020000,1104 S HIGHLAND AVE,41.86879197,-87.78134728,202,,false
16173230030000,1104 S HUMPHREY AVE,41.86878551,-87.77522644,206,,false
16173200030000,1104 S LOMBARD AVE,41.86878382,-87.77891321,205,,false
16173220020000,1104 S LYMAN AVE,41.86885304,-87.77647546,203,,false
16183160020000,1104 S MAPLE AVE,41.86839186,-87.8031244,206,,false
16184190020000,1104 S SCOVILLE AVE,41.86864174,-87.78748171,205,,false
16184160020000,1104 S WESLEY AVE,41.86860614,-87.79118526,205,,false
16183180020000,1104 WENONAH AVE,41.86848848,-87.80021441,205,Gunderson ,false
16061100110000,1104 WOODBINE AVE,41.90562396,-87.79917888,206,,false
16184160360000,1105 CLARENCE AVE,41.86858874,-87.79048697,204,,false
16061130130000,1105 GREENFIELD ST,41.90505032,-87.80441633,205,,false
16183180180000,1105 HOME AVE,41.86847096,-87.79941752,205,Gunderson ,false
16062080220000,1105 N EUCLID AVE,41.90587501,-87.79406479,203,,false
16051080240000,1105 N HARVEY AVE,41.90605375,-87.78233105,205,,false
16051100290000,1105 N HAYES AVE,41.90610331,-87.77971743,205,,false
16051120250000,1105 N HUMPHREY AVE,41.90614912,-87.77713464,204,,false
16051090290000,1105 N LOMBARD AVE,41.90609005,-87.78105242,203,,false
16051110270000,1105 N TAYLOR AVE,41.90611286,-87.77841026,205,,false
16062140230000,1105 ROSSELL AVE,41.90594989,-87.78626203,204,,false
16184200230000,1105 S ELMWOOD AVE,41.86869383,-87.78558653,203,,false
16184140180000,1105 S EUCLID AVE,41.86859853,-87.79292214,203,,false
16184190210000,1105 S GUNDERSON AVE,41.86866105,-87.78675725,203,,false
16173180410000,1105 S HARVEY AVE,41.86876043,-87.78065289,278,,false
16173170210000,1105 S HIGHLAND AVE,41.86873507,-87.78192103,203,,false
16173220210000,1105 S HUMPHREY AVE,41.86877396,-87.77576032,205,,false
16173190220000,1105 S LOMBARD AVE,41.86874629,-87.77946496,202,,false
16173210220000,1105 S LYMAN AVE,41.86881517,-87.77695301,205,,false
16184210230000,1105 S RIDGELAND AVE,41.8687254,-87.78433662,205,,false
16184180200000,1105 S SCOVILLE AVE,41.86864192,-87.78802065,205,,false
16173200230000,1105 S TAYLOR AVE,41.86877784,-87.77823358,203,,false
16184150020000,1105 S WESLEY AVE,41.86856771,-87.7916851,205,,false
16183160160000,1105 WISCONSIN AVE,41.86838339,-87.80221923,205,,false
16184170030000,1106 CLARENCE AVE,41.86853819,-87.78993336,205,,false
16062110090000,1106 COLUMBIAN AVE,41.9059545,-87.79101759,206,,false
16051070110000,1106 EDMER AVE,41.90597911,-87.78432838,203,,false
16053070330000,1106 N AUSTIN BLVD,41.90044797,-87.77555348,205,,false
16062120090000,1106 N EAST AVE,41.9059649,-87.78972115,204,,false
16061120110000,1106 N GROVE AVE,41.9056509,-87.79611066,206,,false
16051090180000,1106 N HARVEY AVE,41.90610642,-87.78171124,203,,false
16051110160000,1106 N HAYES AVE,41.90622029,-87.77914413,205,,false
16051130160000,1106 N HUMPHREY AVE,41.90622693,-87.77649908,205,,false
16051100180000,1106 N LOMBARD AVE,41.90613253,-87.78040433,203,,false
16062080280000,1106 N OAK PARK AVE,41.90588429,-87.79466167,203,,false
16051120160000,1106 N TAYLOR AVE,41.90622056,-87.77784343,203,,false
16183200030000,1106 S CLINTON AVE,41.86840351,-87.79752713,203,,false
16184210040000,1106 S ELMWOOD AVE,41.86862717,-87.78502457,205,,false
16184150200000,1106 S EUCLID AVE,41.86847801,-87.79239561,205,,false
16183220030000,1106 S GROVE AVE,41.86847027,-87.79491086,203,,false
16184200030000,1106 S GUNDERSON AVE,41.86868294,-87.78625863,202,,false
16173190030000,1106 S HARVEY AVE,41.86868689,-87.78015199,204,,false
16173180030000,1106 S HIGHLAND AVE,41.86871866,-87.78134791,203,,false
16173200040000,1106 S LOMBARD AVE,41.86872433,-87.77889565,205,,false
16173220030000,1106 S LYMAN AVE,41.86876119,-87.77646903,202,,false
16184190030000,1106 S SCOVILLE AVE,41.86857683,-87.78747094,203,,false
16173210030000,1106 S TAYLOR AVE,41.86876177,-87.77763677,205,,false
16183180030000,1106 WENONAH AVE,41.86837724,-87.80022343,205,Gunderson ,false
16183170030000,1106 WISCONSIN AVE,41.86837054,-87.80162809,204,,false
16184160370000,1107 CLARENCE AVE,41.86849564,-87.79047643,206,,false
16062150230000,1107 EDMER AVE,41.90597585,-87.78491278,206,,false
16062120190000,1107 FAIR OAKS AVE,41.90600907,-87.78897968,206,,false
16062110190000,1107 N EAST AVE,41.90595528,-87.79042541,206,,false
16061110230000,1107 N GROVE AVE,41.90564217,-87.7968546,204,,false
16051080230000,1107 N HARVEY AVE,41.90614473,-87.78233908,203,,false
16051120240000,1107 N HUMPHREY AVE,41.90624006,-87.77713385,203,,false
16061100230000,1107 N KENILWORTH AVE,41.90561557,-87.79849751,206,,false
16061070260000,1107 N MARION ST,41.90552136,-87.80439782,206,,false
16061120230000,1107 N OAK PARK AVE,41.90566022,-87.79533308,206,,false
16051070220000,1107 N RIDGELAND AVE,41.90602761,-87.783633,203,,false
16183190200000,1107 S CLINTON AVE,41.86841692,-87.79809106,205,,false
16184200240000,1107 S ELMWOOD AVE,41.86860633,-87.7855684,203,,false
16184140190000,1107 S EUCLID AVE,41.86848572,-87.79291931,203,,false
16184190220000,1107 S GUNDERSON AVE,41.86859338,-87.78675783,205,,false
16173180420000,1107 S HARVEY AVE,41.86869558,-87.78065345,203,,false
16173190230000,1107 S LOMBARD AVE,41.86867061,-87.77945115,202,,false
16173210230000,1107 S LYMAN AVE,41.86875306,-87.77695355,205,,false
16184210240000,1107 S RIDGELAND AVE,41.86864929,-87.78434105,203,,false
16184180400000,1107 S SCOVILLE AVE,41.86857142,-87.78802125,205,,false
16183170180000,1107 WENONAH AVE,41.86840134,-87.80078167,204,,false
16061090110000,1107 WOODBINE AVE,41.90561187,-87.79986965,205,,false
16062130080000,1108 FAIR OAKS AVE,41.90607286,-87.78830079,206,,false
16183190030000,1108 HOME AVE,41.86833858,-87.79885537,205,,false
16053070320000,1108 N AUSTIN BLVD,41.90052538,-87.77554539,203,,false
16062140100000,1108 N ELMWOOD AVE,41.90607577,-87.7869393,205,,false
16062090230000,1108 N EUCLID AVE,41.90598906,-87.79346914,205,,false
16051090170000,1108 N HARVEY AVE,41.90620388,-87.78171921,205,,false
16062100300000,1108 N LINDEN AVE,41.90602247,-87.79225691,204,,false
16051100170000,1108 N LOMBARD AVE,41.90621055,-87.78041247,205,,false
16062080240000,1108 N OAK PARK AVE,41.90599454,-87.79463431,203,,false
16051080100000,1108 N RIDGELAND AVE,41.90616044,-87.78291274,203,,false
16062150100000,1108 ROSSELL AVE,41.906115,-87.78560369,203,,false
16173170040000,1108 S CUYLER AVE,41.86867323,-87.7825891,203,,false
16184210050000,1108 S ELMWOOD AVE,41.8685482,-87.78502147,206,,false
16183220040000,1108 S GROVE AVE,41.86838606,-87.79492214,205,,false
16184200040000,1108 S GUNDERSON AVE,41.86859837,-87.78626312,205,,false
16173190040000,1108 S HARVEY AVE,41.86860776,-87.78011492,203,,false
16173180040000,1108 S HIGHLAND AVE,41.86861997,-87.78134876,203,,false
16173230040000,1108 S HUMPHREY AVE,41.86868815,-87.77519836,203,,false
16173200050000,1108 S LOMBARD AVE,41.86865141,-87.77889628,202,,false
16173220040000,1108 S LYMAN AVE,41.86866394,-87.77646264,203,,false
16183160030000,1108 S MAPLE AVE,41.8682284,-87.803145,278,,false
16184190040000,1108 S SCOVILLE AVE,41.86850916,-87.78747151,205,,false
16173210040000,1108 S TAYLOR AVE,41.86867264,-87.77763393,205,,false
16184160030000,1108 S WESLEY AVE,41.86849098,-87.79114705,206,,false
16183170040000,1108 WISCONSIN AVE,41.86827658,-87.80161957,203,,false
16183180190000,1109 HOME AVE,41.86833205,-87.79940474,205,Gunderson ,false
16062130200000,1109 N ELMWOOD AVE,41.90608941,-87.78755242,206,,false
16062080180000,1109 N EUCLID AVE,41.90601777,-87.79406359,206,,false
16051100280000,1109 N HAYES AVE,41.90620051,-87.7797254,203,,false
16062090190000,1109 N LINDEN AVE,41.90599256,-87.79283616,206,,false
16051090280000,1109 N LOMBARD AVE,41.90618103,-87.78106044,278,,false
16061070250000,1109 N MARION ST,41.90565699,-87.8043967,206,,false
16051110260000,1109 N TAYLOR AVE,41.90620379,-87.77840947,205,,false
16063170090000,1109 PAULINA ST,41.8951556,-87.8038443,205,Frank Lloyd Wright,false
16183190210000,1109 S CLINTON AVE,41.86833002,-87.79808826,203,,false
16184200250000,1109 S ELMWOOD AVE,41.8685302,-87.78556905,203,,false
16173180230000,1109 S HARVEY AVE,41.86862781,-87.78063516,205,,false
16173170220000,1109 S HIGHLAND AVE,41.86862778,-87.78189175,205,,false
16173220220000,1109 S HUMPHREY AVE,41.86869071,-87.7757912,203,,false
16173210240000,1109 S LYMAN AVE,41.86868018,-87.77696141,202,,false
16184210250000,1109 S RIDGELAND AVE,41.8685449,-87.78433062,205,,false
16184150030000,1109 S WESLEY AVE,41.86846342,-87.79169353,205,,false
16183170190000,1109 WENONAH AVE,41.8683215,-87.80078233,203,,false
16183160170000,1109 WISCONSIN AVE,41.86824183,-87.80216357,205,,false
16072250970000,111 BISHOP QUARTER LN,41.88774693,-87.79100024,295,,false
16073020470000,111 HOME AVE,41.88637349,-87.80037222,295,,false
16074000350000,111 S EUCLID AVE APT A,41.88642879,-87.7930347,295,Ridgeland - Oak Park,false
16074000420000,111 S EUCLID AVE APT B,41.88643536,-87.79329707,295,Ridgeland - Oak Park,false
16083030180000,111 S TAYLOR AVE,41.8866032,-87.77848713,206,Ridgeland - Oak Park,false
16072250820000,111 WRIGHT LN,41.88773824,-87.79014102,295,,false
16184170040000,1110 CLARENCE AVE,41.86843104,-87.78993427,205,,false
16062110080000,1110 COLUMBIAN AVE,41.90607787,-87.79102536,205,,false
16051070100000,1110 EDMER AVE,41.90611551,-87.78435364,278,,false
16181270240000,1110 HARRISON ST,41.87382624,-87.8026662,204,,false
16183190040000,1110 HOME AVE,41.86824465,-87.79880969,203,,false
16053070310000,1110 N AUSTIN BLVD,41.90059729,-87.77554477,205,,false
16062120080000,1110 N EAST AVE,41.90611442,-87.78978096,206,,false
16061120100000,1110 N GROVE AVE,41.9057807,-87.79610958,206,,false
16051090160000,1110 N HARVEY AVE,41.90628161,-87.78171854,205,,false
16051110150000,1110 N HAYES AVE,41.90629155,-87.77914352,205,,false
16051130150000,1110 N HUMPHREY AVE,41.90633725,-87.77648931,205,,false
16061110100000,1110 N KENILWORTH AVE,41.90577278,-87.79764746,206,,false
16051100160000,1110 N LOMBARD AVE,41.90628828,-87.7804118,205,,false
16051120150000,1110 N TAYLOR AVE,41.90632784,-87.77786163,204,,false
16183200040000,1110 S CLINTON AVE,41.86829288,-87.79751748,203,,false
16173170050000,1110 S CUYLER AVE,41.86854918,-87.78259394,202,,false
16184150210000,1110 S EUCLID AVE,41.86838208,-87.7923851,205,,false
16183220050000,1110 S GROVE AVE,41.86830976,-87.79493336,205,,false
16184200050000,1110 S GUNDERSON AVE,41.8684968,-87.78625266,203,,false
16173190050000,1110 S HARVEY AVE,41.86852883,-87.78011937,202,,false
16173180050000,1110 S HIGHLAND AVE,41.86852686,-87.78133823,205,,false
16173200060000,1110 S LOMBARD AVE,41.86858392,-87.77890048,202,,false
16184190050000,1110 S SCOVILLE AVE,41.8684387,-87.78747966,203,,false
16173210050000,1110 S TAYLOR AVE,41.86859702,-87.77763458,202,,false
16184160040000,1110 S WESLEY AVE,41.86837755,-87.79114566,204,,false
16183180040000,1110 WENONAH AVE,41.8682835,-87.80021956,205,Gunderson ,false
16061100100000,1110 WOODBINE AVE,41.90575602,-87.7991935,206,,false
16184160200000,1111 CLARENCE AVE,41.86839413,-87.79047729,204,,false
16062150220000,1111 EDMER AVE,41.90611897,-87.78493739,206,,false
16062120180000,1111 FAIR OAKS AVE,41.90614539,-87.78898733,206,,false
16183180200000,1111 HOME AVE,41.86819314,-87.79939195,205,Gunderson ,false
16062110180000,1111 N EAST AVE,41.906098,-87.79041598,206,,false
16061110220000,1111 N GROVE AVE,41.905778,-87.79675773,206,,false
16051080220000,1111 N HARVEY AVE,41.90623583,-87.78237294,203,,false
16051100270000,1111 N HAYES AVE,41.90629805,-87.77975099,204,,false
16051120230000,1111 N HUMPHREY AVE,41.90632451,-87.77713312,204,,false
16061100220000,1111 N KENILWORTH AVE,41.90577089,-87.79846871,206,,false
16051090270000,1111 N LOMBARD AVE,41.906272,-87.78106788,204,,false
16061120220000,1111 N OAK PARK AVE,41.90577694,-87.79530567,206,,false
16051070210000,1111 N RIDGELAND AVE,41.90615732,-87.78361427,205,,false
16051110250000,1111 N TAYLOR AVE,41.90630751,-87.7784256,203,,false
16062140220000,1111 ROSSELL AVE,41.90609929,-87.78629541,204,,false
16183190220000,1111 S CLINTON AVE,41.8682352,-87.79808199,203,,false
16184200260000,1111 S ELMWOOD AVE,41.86846247,-87.7855583,205,,false
16184140200000,1111 S EUCLID AVE,41.86838423,-87.79292394,204,,false
16184190240000,1111 S GUNDERSON AVE,41.86844683,-87.78677418,203,,false
16173180240000,1111 S HARVEY AVE,41.86856014,-87.78063574,205,,false
16173190240000,1111 S LOMBARD AVE,41.8685842,-87.7794519,202,,false
16173210410000,1111 S LYMAN AVE,41.86860727,-87.77696204,202,,false
16184180230000,1111 S SCOVILLE AVE,41.86839639,-87.78797743,202,,false
16184150040000,1111 S WESLEY AVE,41.86837038,-87.79169809,205,,false
16063070110000,1111 THOMAS ST,41.89955907,-87.80455372,205,Frank Lloyd Wright,false
16183170200000,1111 WENONAH AVE,41.86824512,-87.80077832,203,,false
16061090100000,1111 WOODBINE AVE,41.90574378,-87.79985283,206,,false
16184170050000,1112 CLARENCE AVE,41.86832939,-87.78990492,203,,false
16051070090000,1112 EDMER AVE,41.90623892,-87.78436962,206,,false
16062130070000,1112 FAIR OAKS AVE,41.90620287,-87.78834315,206,,false
16062140090000,1112 N ELMWOOD AVE,41.90621209,-87.78694695,205,,false
16062090280000,1112 N EUCLID AVE,41.90612526,-87.79345037,206,,false
16061120090000,1112 N GROVE AVE,41.90591723,-87.79610843,204,,false
16051090150000,1112 N HARVEY AVE,41.90636606,-87.78171781,205,,false
16051110140000,1112 N HAYES AVE,41.90639544,-87.77914262,204,,false
16051130140000,1112 N HUMPHREY AVE,41.90643462,-87.77647966,204,,false
16062100080000,1112 N LINDEN AVE,41.90613259,-87.79225598,205,,false
16051100150000,1112 N LOMBARD AVE,41.9063793,-87.78042863,205,,false
16062080270000,1112 N OAK PARK AVE,41.90611138,-87.79463333,206,,false
16051080090000,1112 N RIDGELAND AVE,41.9062708,-87.7829118,204,,false
16051120140000,1112 N TAYLOR AVE,41.9064084,-87.77780344,203,,false
16062150090000,1112 ROSSELL AVE,41.90623189,-87.7856115,204,,false
16183200050000,1112 S CLINTON AVE,41.86819544,-87.79751477,278,,false
16173170060000,1112 S CUYLER AVE,41.86846459,-87.78259466,205,,false
16184180050000,1112 S EAST AVE,41.86835186,-87.78869512,206,,false
16184210060000,1112 S ELMWOOD AVE,41.86845797,-87.78502224,203,,false
16184150220000,1112 S EUCLID AVE,41.86828623,-87.79238968,205,,false
16183220060000,1112 S GROVE AVE,41.8682332,-87.7948917,203,,false
16184200060000,1112 S GUNDERSON AVE,41.86839535,-87.78626485,205,,false
16173230060000,1112 S HUMPHREY AVE,41.86855583,-87.77519951,203,,false
16173220050000,1112 S LYMAN AVE,41.8685558,-87.77643827,203,,false
16183160040000,1112 S MAPLE AVE,41.86808959,-87.80315478,203,,false
16173210060000,1112 S TAYLOR AVE,41.86850519,-87.77763176,202,,false
16063000200000,1112 THOMAS ST,41.89989823,-87.80457173,205,Frank Lloyd Wright,false
16183180050000,1112 WENONAH AVE,41.86816546,-87.8002159,205,Gunderson ,false
16183170050000,1112 WISCONSIN AVE,41.8681485,-87.8016302,203,,false
16063140070000,1113 AUGUSTA ST,41.8976909,-87.80406921,203,Frank Lloyd Wright,false
16063150090000,1113 MILLER AVE,41.89693392,-87.80402825,203,Frank Lloyd Wright,false
16062130190000,1113 N ELMWOOD AVE,41.90620634,-87.78756904,206,,false
16062090180000,1113 N LINDEN AVE,41.90611593,-87.79284393,206,,false
16051090260000,1113 N LOMBARD AVE,41.90637589,-87.78106698,203,,false
16063170080000,1113 PAULINA ST,41.89512948,-87.80395143,203,Frank Lloyd Wright,false
16184170210000,1113 S EAST AVE,41.8683233,-87.78921409,203,,false
16173180250000,1113 S HARVEY AVE,41.86849529,-87.7806363,205,,false
16173220230000,1113 S HUMPHREY AVE,41.86859573,-87.77576187,203,,false
16173190250000,1113 S LOMBARD AVE,41.86848699,-87.77945274,203,,false
16184210260000,1113 S RIDGELAND AVE,41.86846035,-87.78433889,205,,false
16183170210000,1113 WENONAH AVE,41.86814793,-87.80077913,203,,false
16063070220000,1114 AUGUSTA ST,41.89811363,-87.80447822,204,Frank Lloyd Wright,false
16062110070000,1114 COLUMBIAN AVE,41.90621419,-87.79103301,206,,false
16183190050000,1114 HOME AVE,41.8681405,-87.79880591,203,,false
16063140160000,1114 MILLER AVE,41.89728898,-87.80403095,204,Frank Lloyd Wright,false
16053070300000,1114 N AUSTIN BLVD,41.9006858,-87.775544,203,,false
16062120070000,1114 N EAST AVE,41.90624455,-87.78979689,206,,false
16061110090000,1114 N KENILWORTH AVE,41.90589618,-87.79766405,206,,false
16051100140000,1114 N LOMBARD AVE,41.90645067,-87.78040159,205,,false
16051080080000,1114 N RIDGELAND AVE,41.90642033,-87.78297159,206,,false
16063160180000,1114 PAULINA ST,41.8955785,-87.80397148,203,Frank Lloyd Wright,false
16173170070000,1114 S CUYLER AVE,41.86838346,-87.78259678,203,,false
16184210070000,1114 S ELMWOOD AVE,41.86836776,-87.78502679,205,,false
16173190060000,1114 S HARVEY AVE,41.86844703,-87.78011631,203,,false
16173180060000,1114 S HIGHLAND AVE,41.86844227,-87.78133896,203,,false
16173200070000,1114 S LOMBARD AVE,41.86851103,-87.77890472,205,,false
16173220060000,1114 S LYMAN AVE,41.86846127,-87.77643548,205,,false
16184190060000,1114 S SCOVILLE AVE,41.86830327,-87.78746194,278,,false
16184160050000,1114 S WESLEY AVE,41.86827044,-87.79115411,203,,false
16063150140000,1114 SCHNEIDER AVE,41.89648443,-87.80404021,203,Frank Lloyd Wright,false
16183180060000,1114 WENONAH AVE,41.8680648,-87.80021674,205,Gunderson ,false
16061100090000,1114 WOODBINE AVE,41.90587348,-87.79922002,205,,false
16184160220000,1115 CLARENCE AVE,41.86828422,-87.79048955,203,,false
16062150210000,1115 EDMER AVE,41.90627497,-87.78499714,204,,false
16062120170000,1115 FAIR OAKS AVE,41.90626223,-87.78898633,206,,false
16183180210000,1115 HOME AVE,41.86809595,-87.79939276,205,Gunderson ,false
16062110170000,1115 N EAST AVE,41.90624751,-87.79042294,206,,false
16062080170000,1115 N EUCLID AVE,41.90613453,-87.79404499,205,,false
16061110210000,1115 N GROVE AVE,41.90590789,-87.79677426,205,,false
16051080210000,1115 N HARVEY AVE,41.90633964,-87.78235502,203,,false
16051100260000,1115 N HAYES AVE,41.90638894,-87.7797414,205,,false
16061100210000,1115 N KENILWORTH AVE,41.90591756,-87.79847141,205,,false
16061070240000,1115 N MARION ST,41.9058071,-87.80438249,205,,false
16061120210000,1115 N OAK PARK AVE,41.90593934,-87.79529609,206,,false
16051070250000,1115 N RIDGELAND AVE,41.90630664,-87.78363061,203,,false
16051110240000,1115 N TAYLOR AVE,41.90640501,-87.77844238,203,,false
16063170070000,1115 PAULINA ST,41.89513008,-87.8040821,203,Frank Lloyd Wright,false
16062140210000,1115 ROSSELL AVE,41.90623548,-87.78622495,206,,false
16183190230000,1115 S CLINTON AVE,41.86815095,-87.7980827,205,,false
16184200270000,1115 S ELMWOOD AVE,41.86837797,-87.7855779,202,,false
16184140210000,1115 S EUCLID AVE,41.86827983,-87.79290972,202,,false
16184190250000,1115 S GUNDERSON AVE,41.86833686,-87.78677512,206,,false
16173180260000,1115 S HARVEY AVE,41.86842199,-87.7806407,205,,false
16173170240000,1115 S HIGHLAND AVE,41.86845586,-87.7819121,203,,false
16173220240000,1115 S HUMPHREY AVE,41.86850394,-87.77576628,202,,false
16173190260000,1115 S LOMBARD AVE,41.86838167,-87.77945365,206,,false
16173210270000,1115 S LYMAN AVE,41.86846957,-87.77696685,202,,false
16184210270000,1115 S RIDGELAND AVE,41.86837849,-87.78432072,205,,false
16184180240000,1115 S SCOVILLE AVE,41.86831465,-87.78798568,203,,false
16184150050000,1115 S WESLEY AVE,41.86824914,-87.79169912,205,,false
16063160090000,1115 SCHNEIDER AVE,41.89613111,-87.80398836,205,Frank Lloyd Wright,false
16183160180000,1115 WISCONSIN AVE,41.86807574,-87.80230011,206,,false
16061090090000,1115 WOODBINE AVE,41.90588466,-87.7998713,206,,false
16063170200000,1116 CHICAGO AVE,41.89446422,-87.80392612,203,Frank Lloyd Wright,false
16184170060000,1116 CLARENCE AVE,41.868211,-87.78991348,203,,false
16051070080000,1116 EDMER AVE,41.90638175,-87.78438601,205,,false
16062130060000,1116 FAIR OAKS AVE,41.90635887,-87.78835063,204,,false
16183190060000,1116 HOME AVE,41.86805372,-87.79880663,203,,false
16053070290000,1116 N AUSTIN BLVD,41.90076325,-87.77554332,203,,false
16062140080000,1116 N ELMWOOD AVE,41.90636801,-87.78693681,206,,false
16062090270000,1116 N EUCLID AVE,41.90626158,-87.79340577,234,,false
16051090140000,1116 N HARVEY AVE,41.90644404,-87.78171714,202,,false
16051110130000,1116 N HAYES AVE,41.9064862,-87.77910718,203,,false
16051130130000,1116 N HUMPHREY AVE,41.90652535,-87.77648768,203,,false
16062100070000,1116 N LINDEN AVE,41.90628203,-87.79224591,278,,false
16062080260000,1116 N OAK PARK AVE,41.9062347,-87.7946323,204,,false
16051120130000,1116 N TAYLOR AVE,41.90649281,-87.7777939,203,,false
16062150080000,1116 ROSSELL AVE,41.90635554,-87.78568033,204,,false
16183200060000,1116 S CLINTON AVE,41.86809271,-87.79750505,203,,false
16184210080000,1116 S ELMWOOD AVE,41.86828024,-87.78500489,203,,false
16184150230000,1116 S EUCLID AVE,41.86818461,-87.79236788,203,,false
16183220070000,1116 S GROVE AVE,41.8681068,-87.79488923,206,,false
16184200080000,1116 S GUNDERSON AVE,41.86827987,-87.78629227,203,,false
16173190070000,1116 S HARVEY AVE,41.86836816,-87.78013209,203,,false
16173180070000,1116 S HIGHLAND AVE,41.86837185,-87.78135467,202,,false
16173230080000,1116 S HUMPHREY AVE,41.86841825,-87.77522963,203,,false
16173200080000,1116 S LOMBARD AVE,41.86841369,-87.77888025,203,,false
16183160050000,1116 S MAPLE AVE,41.86796116,-87.80315584,203,,false
16184190070000,1116 S SCOVILLE AVE,41.86820461,-87.78747033,203,,false
16173210070000,1116 S TAYLOR AVE,41.868408,-87.77763622,202,,false
16184160060000,1116 S WESLEY AVE,41.86816613,-87.79115877,205,,false
16063150130000,1116 SCHNEIDER AVE,41.89647165,-87.80415318,205,Frank Lloyd Wright,false
16183170060000,1116 WISCONSIN AVE,41.86805506,-87.80162566,203,,false
16184160390000,1117 CLARENCE AVE,41.8681798,-87.79047155,203,,false
16062100190000,1117 COLUMBIAN AVE,41.90626701,-87.79166669,206,,false
16062150200000,1117 EDMER AVE,41.90638517,-87.78496095,205,,false
16063150080000,1117 MILLER AVE,41.89691615,-87.80418137,203,Frank Lloyd Wright,false
16062130180000,1117 N ELMWOOD AVE,41.90635598,-87.78760242,204,,false
16062080160000,1117 N EUCLID AVE,41.90625146,-87.79406162,205,,false
16061110200000,1117 N GROVE AVE,41.90605068,-87.79678188,205,,false
16051080200000,1117 N HARVEY AVE,41.90643024,-87.78233662,203,,false
16051100250000,1117 N HAYES AVE,41.90647987,-87.77974061,203,,false
16051120210000,1117 N HUMPHREY AVE,41.90651257,-87.77712268,203,,false
16062090170000,1117 N LINDEN AVE,41.90627172,-87.79280796,206,,false
16051090250000,1117 N LOMBARD AVE,41.90647334,-87.78107495,203,,false
16051110230000,1117 N TAYLOR AVE,41.90649569,-87.77838932,205,,false
16062140200000,1117 ROSSELL AVE,41.90639119,-87.78622362,205,,false
16183190240000,1117 S CLINTON AVE,41.86806406,-87.79808342,203,,false
16184170220000,1117 S EAST AVE,41.86820487,-87.7892151,205,,false
16184200280000,1117 S ELMWOOD AVE,41.86828489,-87.78557114,203,,false
16184140220000,1117 S EUCLID AVE,41.86818398,-87.7929143,203,,false
16184190260000,1117 S GUNDERSON AVE,41.86824936,-87.78675698,203,,false
16173180270000,1117 S HARVEY AVE,41.86835425,-87.78062618,207,,false
16173170250000,1117 S HIGHLAND AVE,41.86836554,-87.781894,203,,false
16173210280000,1117 S LYMAN AVE,41.86840476,-87.77696742,205,,false
16184210280000,1117 S RIDGELAND AVE,41.86831087,-87.78433262,205,,false
16184180250000,1117 S SCOVILLE AVE,41.86822717,-87.78797132,205,,false
16173200430000,1117 S TAYLOR AVE,41.86838889,-87.77821887,205,,false
16184150060000,1117 S WESLEY AVE,41.86812502,-87.79168884,205,,false
16063160080000,1117 SCHNEIDER AVE,41.89612731,-87.80412502,205,Frank Lloyd Wright,false
16183170220000,1117 WENONAH AVE,41.86804726,-87.80077996,204,,false
16184170070000,1118 CLARENCE AVE,41.8681208,-87.78992179,205,,false
16062110060000,1118 COLUMBIAN AVE,41.90636379,-87.79105818,205,,false
16183190070000,1118 HOME AVE,41.86796,-87.79880741,203,,false
16063140150000,1118 MILLER AVE,41.89730744,-87.80418524,205,Frank Lloyd Wright,false
16062120060000,1118 N EAST AVE,41.90637431,-87.78978698,206,,false
16061120080000,1118 N GROVE AVE,41.90605379,-87.79616837,206,,false
16051090130000,1118 N HARVEY AVE,41.90652181,-87.78172528,203,,false
16051110120000,1118 N HAYES AVE,41.90658357,-87.77909753,203,,false
16061110080000,1118 N KENILWORTH AVE,41.90603893,-87.79766286,206,,false
16051100130000,1118 N LOMBARD AVE,41.90652849,-87.78041853,204,,false
16051080070000,1118 N RIDGELAND AVE,41.90653734,-87.78300524,205,,false
16051120120000,1118 N TAYLOR AVE,41.90659683,-87.77781942,203,,false
16071120070000,1118 ONTARIO ST,41.89078855,-87.80352095,203,Frank Lloyd Wright,false
16063160170000,1118 PAULINA ST,41.89561899,-87.80409589,205,Frank Lloyd Wright,false
16183200070000,1118 S CLINTON AVE,41.86797438,-87.79753777,205,,false
16173170090000,1118 S CUYLER AVE,41.86828969,-87.78258107,203,,false
16184180060000,1118 S EAST AVE,41.8681997,-87.78871906,203,,false
16184210090000,1118 S ELMWOOD AVE,41.86820147,-87.78504331,205,,false
16183220080000,1118 S GROVE AVE,41.8680436,-87.79488623,203,,false
16184200090000,1118 S GUNDERSON AVE,41.86822033,-87.78622482,203,,false
16173190080000,1118 S HARVEY AVE,41.86828073,-87.78012907,203,,false
16173180080000,1118 S HIGHLAND AVE,41.8682865,-87.78119684,202,,false
16173230090000,1118 S HUMPHREY AVE,41.8683291,-87.77522317,203,,false
16173200090000,1118 S LOMBARD AVE,41.86831658,-87.77890279,205,,false
16173220070000,1118 S LYMAN AVE,41.86834789,-87.77644369,203,,false
16173210080000,1118 S TAYLOR AVE,41.86831617,-87.7776334,202,,false
16071000180000,1118 SUPERIOR ST,41.89314096,-87.80417152,295,Frank Lloyd Wright,false
16183180070000,1118 WENONAH AVE,41.86796754,-87.8002036,205,Gunderson ,false
16061100080000,1118 WOODBINE AVE,41.90602293,-87.79919127,206,,false
16063140060000,1119 AUGUSTA ST,41.89768734,-87.80425933,204,Frank Lloyd Wright,false
16184160250000,1119 CLARENCE AVE,41.86808111,-87.79047239,205,,false
16062120160000,1119 FAIR OAKS AVE,41.90640494,-87.78897631,206,,false
16183180220000,1119 HOME AVE,41.86798141,-87.79939371,205,Gunderson ,false
16063150070000,1119 MILLER AVE,41.8969168,-87.80432393,205,Frank Lloyd Wright,false
16062110160000,1119 N EAST AVE,41.90638379,-87.79042178,206,,false
16051080190000,1119 N HARVEY AVE,41.90654729,-87.78237908,204,,false
16051100240000,1119 N HAYES AVE,41.90658372,-87.7797309,203,,false
16051120200000,1119 N HUMPHREY AVE,41.90662293,-87.77712172,203,,false
16061100200000,1119 N KENILWORTH AVE,41.9060584,-87.79848203,206,,false
16051090240000,1119 N LOMBARD AVE,41.90658375,-87.78108281,203,,false
16061070230000,1119 N MARION ST,41.90594274,-87.80438137,205,,false
16061120200000,1119 N OAK PARK AVE,41.90607565,-87.79530316,206,,false
16051070180000,1119 N RIDGELAND AVE,41.90651458,-87.78366348,204,,false
16051110220000,1119 N TAYLOR AVE,41.9065934,-87.77844956,203,,false
16183190250000,1119 S CLINTON AVE,41.86797729,-87.79810882,204,,false
16184200290000,1119 S ELMWOOD AVE,41.8681805,-87.7855607,203,,false
16184140230000,1119 S EUCLID AVE,41.86806841,-87.79292283,205,,false
16173180280000,1119 S HARVEY AVE,41.86828934,-87.78061542,205,,false
16173170260000,1119 S HIGHLAND AVE,41.86827802,-87.7818721,202,,false
16173190270000,1119 S LOMBARD AVE,41.86827888,-87.77941838,203,,false
16173210290000,1119 S LYMAN AVE,41.8683345,-87.77695718,205,,false
16184180260000,1119 S SCOVILLE AVE,41.86816232,-87.78797187,205,,false
16063160070000,1119 SCHNEIDER AVE,41.89612783,-87.80423787,205,Frank Lloyd Wright,false
16183170230000,1119 WENONAH AVE,41.86795359,-87.80079003,205,,false
16183160200000,1119 WISCONSIN AVE,41.86791875,-87.80230645,203,,false
16061090080000,1119 WOODBINE AVE,41.90601078,-87.79987025,206,,false
16072251090000,112 BISHOP QUARTER LN,41.88779959,-87.79055336,295,,false
16074050090000,112 S ELMWOOD AVE,41.88638687,-87.78602234,206,Ridgeland - Oak Park,false
16074040070000,112 S SCOVILLE AVE,41.88634388,-87.78748625,206,Ridgeland - Oak Park,false
16074020130000,112 S WESLEY AVE,41.88629443,-87.79078728,206,Ridgeland - Oak Park,false
16072250740000,112 WRIGHT LN,41.88777579,-87.78987446,295,,false
16051070070000,1120 EDMER AVE,41.90651126,-87.78432382,204,,false
16062130050000,1120 FAIR OAKS AVE,41.90647316,-87.78833682,205,,false
16063140140000,1120 MILLER AVE,41.89731245,-87.80430994,203,Frank Lloyd Wright,false
16053070270000,1120 N AUSTIN BLVD,41.90094038,-87.77556401,204,,false
16062140070000,1120 N ELMWOOD AVE,41.90649129,-87.78692695,206,,false
16051090120000,1120 N HARVEY AVE,41.90660623,-87.78171574,205,,false
16051130120000,1120 N HUMPHREY AVE,41.90662272,-87.77647802,203,,false
16062100060000,1120 N LINDEN AVE,41.90640552,-87.7922801,206,,false
16051100120000,1120 N LOMBARD AVE,41.9066259,-87.78041769,205,,false
16062080060000,1120 N OAK PARK AVE,41.90637131,-87.79470104,203,,false
16051080060000,1120 N RIDGELAND AVE,41.90662184,-87.78301332,205,,false
16051120110000,1120 N TAYLOR AVE,41.90670067,-87.77780971,203,,false
16063160160000,1120 PAULINA ST,41.89556632,-87.80421512,202,Frank Lloyd Wright,false
16062150070000,1120 ROSSELL AVE,41.90649166,-87.78564452,203,,false
16173170390000,1120 S CUYLER AVE,41.86818809,-87.78256306,203,,false
16184180070000,1120 S EAST AVE,41.86810663,-87.78871608,205,,false
16184150240000,1120 S EUCLID AVE,41.86808028,-87.79236876,205,,false
16183220090000,1120 S GROVE AVE,41.86795675,-87.79489402,203,,false
16184200100000,1120 S GUNDERSON AVE,41.86813639,-87.78623083,206,,false
16173190090000,1120 S HARVEY AVE,41.86819604,-87.78011092,203,,false
16173220080000,1120 S LYMAN AVE,41.86826413,-87.77643357,203,,false
16184190080000,1120 S SCOVILLE AVE,41.86811152,-87.78746357,203,,false
16184160070000,1120 S WESLEY AVE,41.86805616,-87.7911597,278,,false
16063150120000,1120 SCHNEIDER AVE,41.89646776,-87.80427201,205,Frank Lloyd Wright,false
16071000190000,1120 SUPERIOR ST,41.89317901,-87.80425926,295,Frank Lloyd Wright,false
16183170330000,1120 WISCONSIN AVE,41.86792667,-87.80159035,206,,false
16062100180000,1121 COLUMBIAN AVE,41.90640964,-87.79163906,206,,false
16062150190000,1121 EDMER AVE,41.90651518,-87.7850033,204,,false
16071100030000,1121 ERIE ST,41.89162526,-87.80377143,205,Frank Lloyd Wright,false
16183180230000,1121 HOME AVE,41.86788769,-87.79939449,205,Gunderson ,false
16062130170000,1121 N ELMWOOD AVE,41.90647914,-87.78756672,205,,false
16062080150000,1121 N EUCLID AVE,41.90638142,-87.79404291,205,,false
16061110190000,1121 N GROVE AVE,41.90619999,-87.79679766,203,,false
16063000450000,1121 N HARLEM AVE,41.90048896,-87.80503461,295,,false
16051080180000,1121 N HARVEY AVE,41.90664466,-87.78236943,205,,false
16062090160000,1121 N LINDEN AVE,41.90640168,-87.79284152,206,,false
16051110210000,1121 N TAYLOR AVE,41.90669077,-87.7784399,203,,false
16063170270000,1121 PAULINA ST,41.89512542,-87.80435549,205,Frank Lloyd Wright,false
16062140190000,1121 ROSSELL AVE,41.90650164,-87.7862397,205,,false
16183190260000,1121 S CLINTON AVE,41.86790617,-87.79810237,203,,false
16184170230000,1121 S EAST AVE,41.86812876,-87.78921952,204,,false
16184200300000,1121 S ELMWOOD AVE,41.86807334,-87.78555784,202,,false
16184190270000,1121 S GUNDERSON AVE,41.86815607,-87.78675979,205,,false
16173180290000,1121 S HARVEY AVE,41.86822158,-87.78059712,205,,false
16173170270000,1121 S HIGHLAND AVE,41.86818772,-87.78185778,203,,false
16173220260000,1121 S HUMPHREY AVE,41.86827424,-87.77573574,203,,false
16173210300000,1121 S LYMAN AVE,41.86825901,-87.77698314,203,,false
16184210290000,1121 S RIDGELAND AVE,41.86819804,-87.78432604,203,,false
16184180270000,1121 S SCOVILLE AVE,41.86808899,-87.78796872,205,,false
16184170080000,1122 CLARENCE AVE,41.8680277,-87.78991125,205,,false
16062110050000,1122 COLUMBIAN AVE,41.9065065,-87.79104816,206,,false
16051070060000,1122 EDMER AVE,41.90662819,-87.78434044,204,,false
16183190080000,1122 HOME AVE,41.86786281,-87.79880822,203,,false
16062120050000,1122 N EAST AVE,41.90651715,-87.78980339,206,,false
16062140060000,1122 N ELMWOOD AVE,41.90659518,-87.78692606,206,,false
16062090060000,1122 N EUCLID AVE,41.90636538,-87.79344013,206,,false
16061120070000,1122 N GROVE AVE,41.90618359,-87.79616728,206,,false
16051090110000,1122 N HARVEY AVE,41.90669716,-87.78171496,205,,false
16051110110000,1122 N HAYES AVE,41.90668107,-87.77911431,203,,false
16051130110000,1122 N HUMPHREY AVE,41.90670709,-87.77645967,203,,false
16061110070000,1122 N KENILWORTH AVE,41.90616226,-87.79766183,206,,false
16051100110000,1122 N LOMBARD AVE,41.90672331,-87.78041685,205,,false
16062080050000,1122 N OAK PARK AVE,41.90652066,-87.79467335,203,,false
16051080050000,1122 N RIDGELAND AVE,41.90672564,-87.78299481,205,,false
16063160150000,1122 PAULINA ST,41.89560232,-87.80432768,202,Frank Lloyd Wright,false
16183200090000,1122 S CLINTON AVE,41.86785601,-87.79756343,278,,false
16173170400000,1122 S CUYLER AVE,41.86811879,-87.78257817,202,,false
16184210100000,1122 S ELMWOOD AVE,41.86811673,-87.78501384,206,,false
16184150250000,1122 S EUCLID AVE,41.8679844,-87.7923658,205,,false
16183220100000,1122 S GROVE AVE,41.86785143,-87.7948949,203,,false
16173190100000,1122 S HARVEY AVE,41.8681142,-87.78009652,202,,false
16173180090000,1122 S HIGHLAND AVE,41.86818562,-87.78132984,203,,false
16173230100000,1122 S HUMPHREY AVE,41.86823455,-87.77521677,203,,false
16183160300000,1122 S MAPLE AVE,41.86782232,-87.80315699,295,,false
16184190090000,1122 S SCOVILLE AVE,41.86803257,-87.78746424,202,,false
16173210090000,1122 S TAYLOR AVE,41.86822158,-87.77761975,202,,false
16184160080000,1122 S WESLEY AVE,41.86796591,-87.79115669,205,,false
16071000200000,1122 SUPERIOR ST,41.89313819,-87.80433798,295,Frank Lloyd Wright,false
16183180080000,1122 WENONAH AVE,41.86786337,-87.80019517,205,Gunderson ,false
16061100070000,1122 WOODBINE AVE,41.90614323,-87.79919813,205,,false
16063140050000,1123 AUGUSTA ST,41.89768375,-87.8044435,205,Frank Lloyd Wright,false
16184160260000,1123 CLARENCE AVE,41.86797396,-87.7904733,203,,false
16062120150000,1123 FAIR OAKS AVE,41.90652826,-87.78897526,206,,false
16181270010000,1123 JACKSON BLVD,41.87520384,-87.80334669,204,,false
16063150060000,1123 MILLER AVE,41.89691749,-87.80447242,203,Frank Lloyd Wright,false
16062110150000,1123 N EAST AVE,41.90652011,-87.79042944,206,,false
16051100230000,1123 N HAYES AVE,41.90668093,-87.77973887,204,,false
16061100190000,1123 N KENILWORTH AVE,41.90617279,-87.79848107,205,,false
16051090230000,1123 N LOMBARD AVE,41.90666144,-87.78107333,203,,false
16061070220000,1123 N MARION ST,41.90606877,-87.80439979,206,,false
16061120190000,1123 N OAK PARK AVE,41.90619906,-87.79531975,206,,false
16051070170000,1123 N RIDGELAND AVE,41.90661838,-87.78364497,203,,false
16063170050000,1123 PAULINA ST,41.89514065,-87.80445029,205,Frank Lloyd Wright,false
16062140180000,1123 ROSSELL AVE,41.90661217,-87.786274,206,,false
16184170240000,1123 S EAST AVE,41.86803289,-87.78922034,204,,false
16184140240000,1123 S EUCLID AVE,41.86796965,-87.79290856,203,,false
16184190280000,1123 S GUNDERSON AVE,41.86807686,-87.7867561,205,,false
16173180300000,1123 S HARVEY AVE,41.86814088,-87.78082056,202,,false
16173170290000,1123 S HIGHLAND AVE,41.86809181,-87.78185105,205,,false
16173220270000,1123 S HUMPHREY AVE,41.86817696,-87.77572212,204,,false
16173190280000,1123 S LOMBARD AVE,41.86816562,-87.7794519,206,,false
16184210300000,1123 S RIDGELAND AVE,41.86810215,-87.78432308,205,,false
16184180280000,1123 S SCOVILLE AVE,41.86802133,-87.78797307,203,,false
16184150070000,1123 S WESLEY AVE,41.86802631,-87.79168589,205,,false
16063160060000,1123 SCHNEIDER AVE,41.89611942,-87.80433892,205,Frank Lloyd Wright,false
16183170240000,1123 WENONAH AVE,41.86785286,-87.80077693,203,,false
16183160210000,1123 WISCONSIN AVE,41.86780111,-87.8023219,203,,false
16061090070000,1123 WOODBINE AVE,41.90613984,-87.79986918,206,,false
16184170090000,1124 CLARENCE AVE,41.86793743,-87.78990447,205,,false
16062130040000,1124 FAIR OAKS AVE,41.90663577,-87.78837009,206,,false
16183190090000,1124 HOME AVE,41.86775857,-87.79878585,204,,false
16063140130000,1124 MILLER AVE,41.89731307,-87.80444656,205,Frank Lloyd Wright,false
16053070260000,1124 N AUSTIN BLVD,41.90104545,-87.77555569,203,,false
16062140050000,1124 N ELMWOOD AVE,41.90669238,-87.78693404,204,,false
16062090050000,1124 N EUCLID AVE,41.9064953,-87.79346488,206,,false
16051090100000,1124 N HARVEY AVE,41.90677498,-87.78173191,205,,false
16051110100000,1124 N HAYES AVE,41.90677179,-87.77912233,203,,false
16062100050000,1124 N LINDEN AVE,41.9065545,-87.79222658,206,,false
16051100100000,1124 N LOMBARD AVE,41.90678816,-87.78043333,205,,false
16051120100000,1124 N TAYLOR AVE,41.90679817,-87.77782649,203,,false
16062150060000,1124 ROSSELL AVE,41.90660846,-87.78563471,204,,false
16183200100000,1124 S CLINTON AVE,41.86773211,-87.79753274,205,,false
16173170110000,1124 S CUYLER AVE,41.86804435,-87.78257562,205,,false
16184210110000,1124 S ELMWOOD AVE,41.86802932,-87.78501458,205,,false
16184150260000,1124 S EUCLID AVE,41.86787446,-87.79237428,205,,false
16184200120000,1124 S GUNDERSON AVE,41.86800057,-87.78626445,205,,false
16173190110000,1124 S HARVEY AVE,41.86802957,-87.7800897,203,,false
16173180100000,1124 S HIGHLAND AVE,41.86810103,-87.78133057,203,,false
16173230110000,1124 S HUMPHREY AVE,41.86815354,-87.77521747,205,,false
16173220090000,1124 S LYMAN AVE,41.86816153,-87.77643808,203,,false
16183160310000,1124 S MAPLE AVE,41.86778694,-87.80325253,295,,false
16184190100000,1124 S SCOVILLE AVE,41.86794798,-87.78746496,205,,false
16173210100000,1124 S TAYLOR AVE,41.86812975,-87.77761693,202,,false
16183180090000,1124 WENONAH AVE,41.86776622,-87.80020527,205,Gunderson ,false
16184160380000,1125 CLARENCE AVE,41.86786958,-87.79046285,205,,false
16062100170000,1125 COLUMBIAN AVE,41.90655891,-87.79164661,205,,false
16063000300000,1125 DIVISION ST,41.90138456,-87.80464947,205,Frank Lloyd Wright,false
16062150180000,1125 EDMER AVE,41.90663202,-87.7850023,204,,false
16183180240000,1125 HOME AVE,41.86777653,-87.79937683,205,Gunderson ,false
16062130160000,1125 N ELMWOOD AVE,41.90658934,-87.7875834,204,,false
16062080140000,1125 N EUCLID AVE,41.90651147,-87.79409409,206,,false
16061110180000,1125 N GROVE AVE,41.90633012,-87.79686646,278,,false
16063000390000,1125 N HARLEM AVE,41.90062366,-87.80503589,295,,false
16051080170000,1125 N HARVEY AVE,41.90676794,-87.78235956,205,,false
16051100220000,1125 N HAYES AVE,41.90677859,-87.7797903,204,,false
16062090300000,1125 N LINDEN AVE,41.90652496,-87.79283167,206,,false
16051090220000,1125 N LOMBARD AVE,41.90675229,-87.78105552,205,,false
16061120180000,1125 N OAK PARK AVE,41.90636128,-87.79532719,206,,false
16051110200000,1125 N TAYLOR AVE,41.90678145,-87.77843912,204,,false
16063170040000,1125 PAULINA ST,41.89509682,-87.80456351,202,Frank Lloyd Wright,false
16062140170000,1125 ROSSELL AVE,41.9067161,-87.78628134,204,,false
16183190270000,1125 S CLINTON AVE,41.86780334,-87.7980715,203,,false
16184170250000,1125 S EAST AVE,41.86792005,-87.78920996,203,,false
16184140250000,1125 S EUCLID AVE,41.86787374,-87.79290182,203,,false
16184190290000,1125 S GUNDERSON AVE,41.86797859,-87.78674419,202,,false
16173180310000,1125 S HARVEY AVE,41.86807233,-87.78063994,205,,false
16173170300000,1125 S HIGHLAND AVE,41.86802978,-87.78185158,205,,false
16173190290000,1125 S LOMBARD AVE,41.86808729,-87.77944896,206,,false
16173210320000,1125 S LYMAN AVE,41.86809697,-87.77698093,203,,false
16183220290000,1125 S OAK PARK AVE,41.86784524,-87.79413704,204,,false
16184210310000,1125 S RIDGELAND AVE,41.86803164,-87.78431991,205,,false
16173200310000,1125 S TAYLOR AVE,41.86814314,-87.77821738,202,,false
16184150080000,1125 S WESLEY AVE,41.86794165,-87.79167151,205,,false
16063160050000,1125 SCHNEIDER AVE,41.89610669,-87.80446376,205,Frank Lloyd Wright,false
16183160220000,1125 WISCONSIN AVE,41.86769934,-87.80225418,206,,false
16184170100000,1126 CLARENCE AVE,41.8678613,-87.78990512,205,,false
16062110040000,1126 COLUMBIAN AVE,41.90663634,-87.79105587,205,,false
16051070050000,1126 EDMER AVE,41.90675155,-87.78434819,203,,false
16183190100000,1126 HOME AVE,41.8676683,-87.79878196,203,,false
16063140120000,1126 MILLER AVE,41.8973004,-87.80458329,204,Frank Lloyd Wright,false
16053070250000,1126 N AUSTIN BLVD,41.9011396,-87.7755771,205,,false
16062120040000,1126 N EAST AVE,41.90665347,-87.78981104,206,,false
16062090040000,1126 N EUCLID AVE,41.90665762,-87.79343767,205,,false
16061120060000,1126 N GROVE AVE,41.90632647,-87.79619251,205,,false
16051090090000,1126 N HARVEY AVE,41.90685296,-87.78173124,205,,false
16051110090000,1126 N HAYES AVE,41.90688233,-87.77915603,206,,false
16051130090000,1126 N HUMPHREY AVE,41.90690204,-87.77648441,203,,false
16061110060000,1126 N KENILWORTH AVE,41.90631169,-87.79770404,205,,false
16051100090000,1126 N LOMBARD AVE,41.90687262,-87.7804326,205,,false
16051120090000,1126 N TAYLOR AVE,41.90688898,-87.77785154,202,,false
16063160240000,1126 PAULINA ST,41.89557885,-87.80446472,203,Frank Lloyd Wright,false
16062150050000,1126 ROSSELL AVE,41.90671882,-87.78563377,204,,false
16183200110000,1126 S CLINTON AVE,41.86765044,-87.79752284,205,,false
16184180090000,1126 S EAST AVE,41.86790079,-87.78871782,202,,false
16184210120000,1126 S ELMWOOD AVE,41.86793822,-87.78505562,203,,false
16183220110000,1126 S GROVE AVE,41.86776716,-87.79489208,204,,false
16173180110000,1126 S HIGHLAND AVE,41.86802206,-87.78132747,203,,false
16173230120000,1126 S HUMPHREY AVE,41.86808321,-87.77519278,205,,false
16173220100000,1126 S LYMAN AVE,41.8680751,-87.77643521,203,,false
16173210110000,1126 S TAYLOR AVE,41.86803252,-87.77761416,203,,false
16184160090000,1126 S WESLEY AVE,41.86786711,-87.79113487,205,,false
16063150340000,1126 SCHNEIDER AVE,41.89643567,-87.8045685,295,,false
16183180100000,1126 WENONAH AVE,41.86766209,-87.80020614,205,Gunderson ,false
16183170100000,1126 WISCONSIN AVE,41.86764782,-87.80160673,206,,false
16061100060000,1126 WOODBINE AVE,41.90630766,-87.79923605,206,,false
16063140040000,1127 AUGUSTA ST,41.89766224,-87.80458624,206,Frank Lloyd Wright,false
16062150170000,1127 EDMER AVE,41.90673587,-87.78499319,205,,false
16062120140000,1127 FAIR OAKS AVE,41.9066777,-87.78901746,206,,false
16183180250000,1127 HOME AVE,41.86768281,-87.79937761,205,Gunderson ,false
16062110140000,1127 N EAST AVE,41.90665643,-87.79043709,206,,false
16062130150000,1127 N ELMWOOD AVE,41.90669983,-87.7876083,206,,false
16051100210000,1127 N HAYES AVE,41.90687596,-87.77978065,203,,false
16061100180000,1127 N KENILWORTH AVE,41.90629305,-87.79848007,206,,false
16051090210000,1127 N LOMBARD AVE,41.90686278,-87.78108041,203,,false
16061070210000,1127 N MARION ST,41.90620441,-87.80439867,205,,false
16051070160000,1127 N RIDGELAND AVE,41.90673531,-87.78366159,204,,false
16051110190000,1127 N TAYLOR AVE,41.90688534,-87.77843822,203,,false
16183190280000,1127 S CLINTON AVE,41.86771642,-87.79806517,204,,false
16184200310000,1127 S ELMWOOD AVE,41.86797185,-87.78556249,203,,false
16184190300000,1127 S GUNDERSON AVE,41.86792668,-87.78678606,206,,false
16173180320000,1127 S HARVEY AVE,41.86801312,-87.78064045,205,,false
16173170310000,1127 S HIGHLAND AVE,41.86793679,-87.78186371,203,,false
16173220280000,1127 S HUMPHREY AVE,41.86807699,-87.77571214,205,,false
16173210330000,1127 S LYMAN AVE,41.86800242,-87.77697452,203,,false
16184210420000,1127 S RIDGELAND AVE,41.86796679,-87.78432046,205,,false
16173200320000,1127 S TAYLOR AVE,41.86803514,-87.77822193,205,,false
16184150090000,1127 S WESLEY AVE,41.8678345,-87.79167241,204,,false
16063160040000,1127 SCHNEIDER AVE,41.89610727,-87.8045885,205,Frank Lloyd Wright,false
16183160230000,1127 WISCONSIN AVE,41.86756794,-87.80219331,234,,false
16061090060000,1127 WOODBINE AVE,41.90628959,-87.79990329,206,,false
16184170110000,1128 CLARENCE AVE,41.8677766,-87.78988318,205,,false
16062130030000,1128 FAIR OAKS AVE,41.9068268,-87.78837576,206,,false
16062140040000,1128 N ELMWOOD AVE,41.90680927,-87.78694186,205,,false
16062100040000,1128 N LINDEN AVE,41.90667795,-87.79225138,205,,false
16062080040000,1128 N OAK PARK AVE,41.90664411,-87.79469874,206,,false
16051080040000,1128 N RIDGELAND AVE,41.90684896,-87.78299375,203,,false
16063160230000,1128 PAULINA ST,41.89557103,-87.80460036,203,Frank Lloyd Wright,false
16173170130000,1128 S CUYLER AVE,41.86793718,-87.78257277,205,,false
16184180100000,1128 S EAST AVE,41.86779919,-87.78869981,204,,false
16184210130000,1128 S ELMWOOD AVE,41.86786023,-87.7850349,205,,false
16184150270000,1128 S EUCLID AVE,41.86776726,-87.79236385,205,,false
16184200130000,1128 S GUNDERSON AVE,41.86789599,-87.78621248,203,,false
16173190120000,1128 S HARVEY AVE,41.86794498,-87.78009043,202,,false
16173180120000,1128 S HIGHLAND AVE,41.86792901,-87.78132827,203,,false
16173230130000,1128 S HUMPHREY AVE,41.86801568,-87.77518975,202,,false
16173220110000,1128 S LYMAN AVE,41.86800219,-87.77643585,205,,false
16183160070000,1128 S MAPLE AVE,41.8676973,-87.80314408,204,,false
16184190110000,1128 S SCOVILLE AVE,41.86785206,-87.78745445,203,,false
16184160100000,1128 S WESLEY AVE,41.86776003,-87.79115088,203,,false
16063150270000,1128 SCHNEIDER AVE,41.89662457,-87.80456686,295,,false
16184160290000,1129 CLARENCE AVE,41.86777938,-87.79047117,204,,false
16062100160000,1129 COLUMBIAN AVE,41.90670167,-87.7916454,205,,false
16063150040000,1129 MILLER AVE,41.89691874,-87.80474566,205,Frank Lloyd Wright,false
16062130140000,1129 N ELMWOOD AVE,41.90681667,-87.78760731,206,,false
16062080130000,1129 N EUCLID AVE,41.90666074,-87.79410164,205,,false
16051080160000,1129 N HARVEY AVE,41.90686535,-87.78235872,204,,false
16061070200000,1129 N MARION ST,41.9063643,-87.80440384,205,,false
16071180640000,1129 ONTARIO ST,41.89038868,-87.80405218,295,,false
16063170030000,1129 PAULINA ST,41.89513296,-87.80470577,205,Frank Lloyd Wright,false
16062140160000,1129 ROSSELL AVE,41.90682651,-87.7862892,204,,false
16183190290000,1129 S CLINTON AVE,41.86762948,-87.79805532,203,,false
16184170260000,1129 S EAST AVE,41.86782134,-87.78920703,204,,false
16184200320000,1129 S ELMWOOD AVE,41.86787896,-87.78555691,203,,false
16184140260000,1129 S EUCLID AVE,41.86776936,-87.79289137,205,,false
16173180330000,1129 S HARVEY AVE,41.86793413,-87.78063358,204,,false
16173220290000,1129 S HUMPHREY AVE,41.86800675,-87.77570552,205,,false
16173190300000,1129 S LOMBARD AVE,41.86797654,-87.77944269,202,,false
16183220310000,1129 S OAK PARK AVE,41.86772146,-87.79413103,203,,false
16184180290000,1129 S SCOVILLE AVE,41.86787483,-87.78800074,203,,false
16173200330000,1129 S TAYLOR AVE,41.8679378,-87.77819747,202,,false
16184150100000,1129 S WESLEY AVE,41.86774141,-87.79166565,206,,false
16072250960000,113 BISHOP QUARTER LN,41.88779253,-87.79099985,295,,false
16051110040000,113 LE MOYNE PKWY,41.90717972,-87.77887961,203,,false
16074040180000,113 S ELMWOOD AVE,41.88637474,-87.78650279,206,Ridgeland - Oak Park,false
16074000360000,113 S EUCLID AVE APT A,41.88636652,-87.79303284,295,Ridgeland - Oak Park,false
16074000430000,113 S EUCLID AVE APT B,41.88637309,-87.79329521,295,Ridgeland - Oak Park,false
16072250830000,113 WRIGHT LN,41.88778168,-87.79014065,295,,false
16184170120000,1130 CLARENCE AVE,41.86770615,-87.78989132,202,,false
16062110030000,1130 COLUMBIAN AVE,41.90675971,-87.79106305,204,,false
16051070040000,1130 EDMER AVE,41.90683601,-87.78434747,206,,false
16183190110000,1130 HOME AVE,41.86757805,-87.79878271,204,,false
16063140110000,1130 MILLER AVE,41.89730105,-87.80472584,204,Frank Lloyd Wright,false
16053070240000,1130 N AUSTIN BLVD,41.90122258,-87.77557638,203,,false
16062120030000,1130 N EAST AVE,41.90678978,-87.78981869,206,,false
16061120050000,1130 N GROVE AVE,41.90645627,-87.79619142,206,,false
16061110050000,1130 N KENILWORTH AVE,41.90644797,-87.7977029,206,,false
16063160280000,1130 PAULINA ST,41.89556987,-87.80471334,206,Frank Lloyd Wright,false
16062150040000,1130 ROSSELL AVE,41.90683571,-87.78564158,203,,false
16183200120000,1130 S CLINTON AVE,41.86752136,-87.79750982,205,,false
16173170140000,1130 S CUYLER AVE,41.8678357,-87.78258119,205,,false
16184150350000,1130 S EUCLID AVE,41.86767703,-87.79236462,203,,false
16173190130000,1130 S HARVEY AVE,41.86787169,-87.78009484,203,,false
16173180130000,1130 S HIGHLAND AVE,41.86786416,-87.78132883,202,,false
16173230140000,1130 S HUMPHREY AVE,41.86794007,-87.77519041,205,,false
16173220120000,1130 S LYMAN AVE,41.86793464,-87.7764292,205,,false
16183160080000,1130 S MAPLE AVE,41.86756188,-87.80313524,203,,false
16184190120000,1130 S SCOVILLE AVE,41.86775615,-87.78744772,203,,false
16173210120000,1130 S TAYLOR AVE,41.8679299,-87.77761505,202,,false
16063150330000,1130 SCHNEIDER AVE,41.89643606,-87.80465288,295,,false
16183180110000,1130 WENONAH AVE,41.86755793,-87.80020236,205,Gunderson ,false
16183170110000,1130 WISCONSIN AVE,41.8675202,-87.80158389,204,,false
16061100050000,1130 WOODBINE AVE,41.90643378,-87.79923499,205,,false
16062150160000,1131 EDMER AVE,41.90683963,-87.78496587,205,,false
16062120130000,1131 FAIR OAKS AVE,41.90681377,-87.78897284,206,,false
16183180260000,1131 HOME AVE,41.86757514,-87.79936456,205,Gunderson ,false
16063150030000,1131 MILLER AVE,41.89691486,-87.80486449,203,Frank Lloyd Wright,false
16062110130000,1131 N EAST AVE,41.90678623,-87.79043599,206,,false
16061110170000,1131 N GROVE AVE,41.90645307,-87.79678732,205,,false
16061100170000,1131 N KENILWORTH AVE,41.90644845,-87.79846698,206,,false
16061120170000,1131 N OAK PARK AVE,41.90647813,-87.79532621,205,,false
16051070150000,1131 N RIDGELAND AVE,41.90689758,-87.78367723,204,,false
16183190300000,1131 S CLINTON AVE,41.86753468,-87.79805259,203,,false
16184170270000,1131 S EAST AVE,41.86771695,-87.78919659,204,,false
16184140270000,1131 S EUCLID AVE,41.86766506,-87.7928998,203,,false
16184190310000,1131 S GUNDERSON AVE,41.8678334,-87.78673989,205,,false
16173170320000,1131 S HIGHLAND AVE,41.86783822,-87.78189098,202,,false
16173190310000,1131 S LOMBARD AVE,41.86788199,-87.77943627,203,,false
16173210340000,1131 S LYMAN AVE,41.8679267,-87.77695348,202,,false
16183220320000,1131 S OAK PARK AVE,41.86763997,-87.79415991,203,,false
16184210340000,1131 S RIDGELAND AVE,41.86782861,-87.78431787,202,,false
16184180310000,1131 S SCOVILLE AVE,41.86774777,-87.78796407,203,,false
16184150110000,1131 S WESLEY AVE,41.86766528,-87.79166629,203,,false
16183170280000,1131 WENONAH AVE,41.86754051,-87.80078961,204,,false
16061090050000,1131 WOODBINE AVE,41.90643604,-87.79985885,206,,false
16184170130000,1132 CLARENCE AVE,41.86762719,-87.78989199,203,,false
16051070030000,1132 EDMER AVE,41.90695937,-87.78435463,204,,false
16062130020000,1132 FAIR OAKS AVE,41.90696755,-87.7883713,206,,false
16183190120000,1132 HOME AVE,41.86748086,-87.79878352,203,,false
16063140100000,1132 MILLER AVE,41.89730171,-87.8048684,203,Frank Lloyd Wright,false
16053070230000,1132 N AUSTIN BLVD,41.90130556,-87.77557565,203,,false
16062140030000,1132 N ELMWOOD AVE,41.90692611,-87.78694086,205,,false
16062090030000,1132 N EUCLID AVE,41.90680045,-87.79345349,206,,false
16061120040000,1132 N GROVE AVE,41.9065989,-87.7961638,205,,false
16061110040000,1132 N KENILWORTH AVE,41.90659076,-87.79771052,206,,false
16062100030000,1132 N LINDEN AVE,41.9068143,-87.79226784,206,,false
16062080030000,1132 N OAK PARK AVE,41.90677395,-87.79470587,205,,false
16051080030000,1132 N RIDGELAND AVE,41.90697237,-87.78301031,203,,false
16062150030000,1132 ROSSELL AVE,41.90695264,-87.78565761,205,,false
16184180110000,1132 S EAST AVE,41.86769487,-87.78870069,203,,false
16184210140000,1132 S ELMWOOD AVE,41.86777557,-87.78502053,203,,false
16183220140000,1132 S GROVE AVE,41.86756696,-87.79487261,204,,false
16184200140000,1132 S GUNDERSON AVE,41.86780026,-87.7862435,206,,false
16173190140000,1132 S HARVEY AVE,41.86779838,-87.78009547,202,,false
16173180140000,1132 S HIGHLAND AVE,41.86779377,-87.78135209,205,,false
16173220130000,1132 S LYMAN AVE,41.86784013,-87.77643002,205,,false
16183160090000,1132 S MAPLE AVE,41.86744018,-87.80308977,204,,false
16173210130000,1132 S TAYLOR AVE,41.86784617,-87.77761216,205,,false
16184160110000,1132 S WESLEY AVE,41.86763859,-87.79111037,203,,false
16063150260000,1132 SCHNEIDER AVE,41.89662495,-87.80464883,295,,false
16183180120000,1132 WENONAH AVE,41.86745723,-87.8001939,205,Gunderson ,false
16184160300000,1133 CLARENCE AVE,41.8676722,-87.79046452,203,,false
16062100150000,1133 COLUMBIAN AVE,41.90683795,-87.79164425,205,,false
16062150150000,1133 EDMER AVE,41.9069505,-87.78506947,204,,false
16183180270000,1133 HOME AVE,41.86746754,-87.79936546,205,Gunderson ,false
16062130130000,1133 N ELMWOOD AVE,41.9069206,-87.78761523,204,,false
16062080120000,1133 N EUCLID AVE,41.90678394,-87.79407417,206,,false
16051080150000,1133 N HARVEY AVE,41.90697572,-87.78235777,205,,false
16062090290000,1133 N LINDEN AVE,41.90681715,-87.79287266,205,,false
16063170020000,1133 PAULINA ST,41.89486153,-87.80480531,205,Frank Lloyd Wright,false
16062140150000,1133 ROSSELL AVE,41.90693028,-87.78631475,204,,false
16183210090000,1133 S GROVE AVE,41.8675459,-87.79543715,203,,false
16184190320000,1133 S GUNDERSON AVE,41.86773234,-87.78674276,205,,false
16173180430000,1133 S HARVEY AVE,41.86778697,-87.78067652,278,,false
16173220300000,1133 S HUMPHREY AVE,41.86792838,-87.77569536,203,,false
16173210350000,1133 S LYMAN AVE,41.86785649,-87.77695409,202,,false
16184210350000,1133 S RIDGELAND AVE,41.86775755,-87.78433241,202,,false
16184180320000,1133 S SCOVILLE AVE,41.86768571,-87.78796082,203,,false
16173200340000,1133 S TAYLOR AVE,41.86783247,-87.77819476,206,,false
16183160240000,1133 WISCONSIN AVE,41.86744631,-87.80214174,205,,false
16062110020000,1134 COLUMBIAN AVE,41.90689611,-87.79108832,205,,false
16183190130000,1134 HOME AVE,41.86739753,-87.79877957,205,,false
16053070220000,1134 N AUSTIN BLVD,41.90139408,-87.77557488,203,,false
16062120020000,1134 N EAST AVE,41.90691319,-87.78983468,278,,false
16051080020000,1134 N RIDGELAND AVE,41.90707626,-87.78300942,206,,false
16063160290000,1134 PAULINA ST,41.895559,-87.8048304,205,Frank Lloyd Wright,false
16062150020000,1134 ROSSELL AVE,41.90705664,-87.7856804,206,,false
16173170150000,1134 S CUYLER AVE,41.86774544,-87.78257441,205,,false
16184180120000,1134 S EAST AVE,41.86758484,-87.7886903,203,,false
16184210150000,1134 S ELMWOOD AVE,41.86768534,-87.7850213,205,,false
16184150300000,1134 S EUCLID AVE,41.86756988,-87.79236552,205,,false
16183220150000,1134 S GROVE AVE,41.86747482,-87.79487691,204,,false
16184200150000,1134 S GUNDERSON AVE,41.8677097,-87.78622574,205,,false
16173190150000,1134 S HARVEY AVE,41.86770524,-87.7800774,203,,false
16173230150000,1134 S HUMPHREY AVE,41.86784017,-87.77519489,205,,false
16173200160000,1134 S LOMBARD AVE,41.86775737,-87.77886062,205,,false
16173160210000,1134 S RIDGELAND AVE,41.86766168,-87.78383572,205,,false
16184190130000,1134 S SCOVILLE AVE,41.86764133,-87.7874409,203,,false
16173210140000,1134 S TAYLOR AVE,41.86777593,-87.77760554,206,,false
16184160120000,1134 S WESLEY AVE,41.86755116,-87.79110734,203,,false
16063150320000,1134 SCHNEIDER AVE,41.89643455,-87.80471558,295,,false
16183170120000,1134 WISCONSIN AVE,41.86738481,-87.80158036,203,,false
16061100040000,1134 WOODBINE AVE,41.90656276,-87.7992182,206,,false
16184160310000,1135 CLARENCE AVE,41.86755104,-87.79048442,203,,false
16071090130000,1135 ERIE ST,41.89165873,-87.80441128,205,Frank Lloyd Wright,false
16062120120000,1135 FAIR OAKS AVE,41.90694382,-87.78902401,204,,false
16063150020000,1135 MILLER AVE,41.89688439,-87.80498949,203,Frank Lloyd Wright,false
16062110120000,1135 N EAST AVE,41.90692259,-87.79045246,206,,false
16062130120000,1135 N ELMWOOD AVE,41.90704397,-87.78762299,204,,false
16061110160000,1135 N GROVE AVE,41.90659628,-87.79682958,278,,false
16051080140000,1135 N HARVEY AVE,41.90709917,-87.78238314,206,,false
16061100160000,1135 N KENILWORTH AVE,41.9065951,-87.79846576,206,,false
16061070190000,1135 N MARION ST,41.90649509,-87.80440276,205,,false
16061120160000,1135 N OAK PARK AVE,41.90662088,-87.79532501,206,,false
16071180650000,1135 ONTARIO ST,41.89038137,-87.80436755,295,,false
16183190310000,1135 S CLINTON AVE,41.86745569,-87.79805325,205,,false
16184170290000,1135 S EAST AVE,41.86758739,-87.78922789,202,,false
16184200340000,1135 S ELMWOOD AVE,41.86767918,-87.78555484,203,,false
16184140280000,1135 S EUCLID AVE,41.8675607,-87.79289313,205,,false
16183210100000,1135 S GROVE AVE,41.86745112,-87.79543795,204,,false
16173170330000,1135 S HIGHLAND AVE,41.86774792,-87.78187665,203,,false
16173220310000,1135 S HUMPHREY AVE,41.86783389,-87.7756998,205,,false
16173190320000,1135 S LOMBARD AVE,41.86777401,-87.77944443,203,,false
16173210360000,1135 S LYMAN AVE,41.86777276,-87.77695121,203,,false
16184210360000,1135 S RIDGELAND AVE,41.86768762,-87.78431908,202,,false
16184180330000,1135 S SCOVILLE AVE,41.86760969,-87.78798412,203,,false
16184150120000,1135 S WESLEY AVE,41.86757221,-87.7916633,203,,false
16183170290000,1135 WENONAH AVE,41.86743287,-87.80078121,204,,false
16061090040000,1135 WOODBINE AVE,41.90655932,-87.79987747,206,,false
16184170140000,1136 CLARENCE AVE,41.86752848,-87.78988906,205,,false
16051070020000,1136 EDMER AVE,41.90705672,-87.78434089,205,,false
16063140090000,1136 MILLER AVE,41.89728457,-87.80499922,204,Frank Lloyd Wright,false
16062140020000,1136 N ELMWOOD AVE,41.90702996,-87.78693116,206,,false
16062090020000,1136 N EUCLID AVE,41.90694337,-87.79348694,206,,false
16062100020000,1136 N LINDEN AVE,41.90697022,-87.79225772,206,,false
16183200140000,1136 S CLINTON AVE,41.86737392,-87.79751105,205,,false
16173170160000,1136 S CUYLER AVE,41.86764667,-87.78256016,205,,false
16184180130000,1136 S EAST AVE,41.86747762,-87.78867611,204,,false
16184150310000,1136 S EUCLID AVE,41.86745982,-87.79234757,205,,false
16184200160000,1136 S GUNDERSON AVE,41.86761118,-87.78621113,206,,false
16173180160000,1136 S HIGHLAND AVE,41.86765266,-87.78132688,203,,false
16173200170000,1136 S LOMBARD AVE,41.86769789,-87.77884667,202,,false
16173220140000,1136 S LYMAN AVE,41.86774832,-87.77643082,205,,false
16183160100000,1136 S MAPLE AVE,41.86730146,-87.8031188,205,,false
16184190140000,1136 S SCOVILLE AVE,41.86755032,-87.78746079,203,,false
16173210150000,1136 S TAYLOR AVE,41.86770842,-87.77760612,205,,false
16184160130000,1136 S WESLEY AVE,41.86744412,-87.7911309,205,,false
16063150250000,1136 SCHNEIDER AVE,41.89662529,-87.80472357,295,,false
16183180130000,1136 WENONAH AVE,41.86735307,-87.80018812,205,Gunderson ,false
16184160320000,1137 CLARENCE AVE,41.86746638,-87.79047004,203,,false
16062100140000,1137 COLUMBIAN AVE,41.90697447,-87.79164309,206,,false
16062150140000,1137 EDMER AVE,41.90706018,-87.78506438,203,,false
16071090040000,1137 ERIE ST,41.89165942,-87.80456044,205,Frank Lloyd Wright,false
16183180280000,1137 HOME AVE,41.86736688,-87.7993663,205,Gunderson ,false
16062080110000,1137 N EUCLID AVE,41.90693973,-87.79409048,206,,false
16051080130000,1137 N HARVEY AVE,41.90718996,-87.78235294,206,,false
16062090120000,1137 N LINDEN AVE,41.90695339,-87.79286329,205,,false
16062140140000,1137 ROSSELL AVE,41.90704068,-87.78632203,203,,false
16183190320000,1137 S CLINTON AVE,41.86738459,-87.79805031,205,,false
16184170300000,1137 S EAST AVE,41.86751117,-87.78920966,203,,false
16184190330000,1137 S GUNDERSON AVE,41.86762405,-87.78672917,204,,false
16173180440000,1137 S HARVEY AVE,41.86768209,-87.78066149,278,,false
16173220320000,1137 S HUMPHREY AVE,41.86773667,-87.77570064,205,,false
16173190330000,1137 S LOMBARD AVE,41.86767678,-87.77944166,202,,false
16184210370000,1137 S RIDGELAND AVE,41.86761427,-87.78431215,203,,false
16184180340000,1137 S SCOVILLE AVE,41.86752788,-87.78797726,202,,false
16173200360000,1137 S TAYLOR AVE,41.86770008,-87.77818145,203,,false
16184150130000,1137 S WESLEY AVE,41.86748196,-87.79166029,203,,false
16183170300000,1137 WENONAH AVE,41.8673322,-87.80078205,203,,false
16183160250000,1137 WISCONSIN AVE,41.86729371,-87.80217088,205,,false
16184170150000,1138 CLARENCE AVE,41.86743258,-87.78988232,205,,false
16071060180000,1138 ERIE ST,41.89193896,-87.80439535,203,Frank Lloyd Wright,false
16183190140000,1138 HOME AVE,41.86731076,-87.79878029,203,,false
16053070210000,1138 N AUSTIN BLVD,41.90150479,-87.77558874,205,,false
16061120030000,1138 N GROVE AVE,41.90674834,-87.79615374,203,,false
16061110030000,1138 N KENILWORTH AVE,41.90674004,-87.79766581,206,,false
16062080300000,1138 N OAK PARK AVE,41.90692318,-87.79470462,206,,false
16051080010000,1138 N RIDGELAND AVE,41.90718001,-87.78297911,204,,false
16071090100000,1138 ONTARIO ST,41.89075925,-87.80456837,206,Frank Lloyd Wright,false
16183200150000,1138 S CLINTON AVE,41.86731595,-87.79750096,205,,false
16184200170000,1138 S GUNDERSON AVE,41.86753234,-87.78623446,205,,false
16173220150000,1138 S LYMAN AVE,41.86767002,-87.77643511,205,,false
16183160110000,1138 S MAPLE AVE,41.86723898,-87.80311932,205,,false
16173160080000,1138 S RIDGELAND AVE,41.86753669,-87.78382689,205,,false
16173210160000,1138 S TAYLOR AVE,41.86764091,-87.77760671,205,,false
16183180140000,1138 WENONAH AVE,41.86725588,-87.80018893,205,Gunderson ,false
16183170130000,1138 WISCONSIN AVE,41.86723208,-87.80158163,204,,false
16061100030000,1138 WOODBINE AVE,41.90671545,-87.79925229,205,,false
16183180290000,1139 HOME AVE,41.86726969,-87.7993671,205,Gunderson ,false
16063150010000,1139 MILLER AVE,41.89688512,-87.80514986,203,Frank Lloyd Wright,false
16061110150000,1139 N GROVE AVE,41.9067196,-87.79682855,206,,false
16061100150000,1139 N KENILWORTH AVE,41.90672415,-87.79846468,206,,false
16061070180000,1139 N MARION ST,41.90662594,-87.80441466,205,,false
16061120150000,1139 N OAK PARK AVE,41.90675089,-87.79531511,206,,false
16051070140000,1139 N RIDGELAND AVE,41.9070536,-87.7836884,204,,false
16183190330000,1139 S CLINTON AVE,41.86729243,-87.79805108,203,,false
16184170310000,1139 S EAST AVE,41.86745463,-87.78917993,205,,false
16184200350000,1139 S ELMWOOD AVE,41.86756015,-87.78556223,203,,false
16184140290000,1139 S EUCLID AVE,41.86746763,-87.79289013,205,,false
16183210110000,1139 S GROVE AVE,41.86736417,-87.79542458,203,,false
16184190400000,1139 S GUNDERSON AVE,41.86751595,-87.78670283,203,,false
16173180370000,1139 S HARVEY AVE,41.86755334,-87.78061043,205,,false
16173170350000,1139 S HIGHLAND AVE,41.86758725,-87.78188936,203,,false
16173190340000,1139 S LOMBARD AVE,41.86759582,-87.7794532,203,,false
16173210370000,1139 S LYMAN AVE,41.86765126,-87.77695587,203,,false
16183220450000,1139 S OAK PARK AVE,41.86741553,-87.79414606,295,,false
16184210390000,1139 S RIDGELAND AVE,41.86747606,-87.78430201,203,,false
16173200400000,1139 S TAYLOR AVE,41.86761367,-87.77818219,204,,false
16184150140000,1139 S WESLEY AVE,41.86740583,-87.79166093,203,,false
16061090030000,1139 WOODBINE AVE,41.90671219,-87.79995086,206,,false
16072251100000,114 BISHOP QUARTER LN,41.88784756,-87.79055295,295,,false
16051040260000,114 LE MOYNE PKWY,41.90770935,-87.77889557,203,,false
16083010030000,114 S CUYLER AVE,41.88641175,-87.78261934,205,Ridgeland - Oak Park,false
16074010110000,114 S EUCLID AVE,41.88622392,-87.79245657,206,Ridgeland - Oak Park,false
16083020050000,114 S HARVEY AVE,41.88644098,-87.78103804,205,Ridgeland - Oak Park,false
16083030040000,114 S LOMBARD AVE,41.88645899,-87.77939947,205,Ridgeland - Oak Park,false
16083000110000,114 S RIDGELAND AVE,41.88628483,-87.78435062,203,Ridgeland - Oak Park,false
16074040330000,114 S SCOVILLE AVE,41.88625667,-87.78750468,206,Ridgeland - Oak Park,false
16072250750000,114 WRIGHT LN,41.8878009,-87.78987425,295,,false
16184170160000,1140 CLARENCE AVE,41.86734797,-87.78987926,202,,false
16062110010000,1140 COLUMBIAN AVE,41.9070323,-87.79106955,206,,false
16051070010000,1140 EDMER AVE,41.9071474,-87.78434011,206,,false
16062130010000,1140 FAIR OAKS AVE,41.90709075,-87.78834441,206,,false
16183190150000,1140 HOME AVE,41.8672101,-87.79878113,203,,false
16062120010000,1140 N EAST AVE,41.90706898,-87.78985098,206,,false
16062140010000,1140 N ELMWOOD AVE,41.90712741,-87.78693914,206,,false
16062090010000,1140 N EUCLID AVE,41.90704726,-87.79348607,206,,false
16061120020000,1140 N GROVE AVE,41.90686526,-87.79617037,278,,false
16061110020000,1140 N KENILWORTH AVE,41.90685049,-87.79768192,205,,false
16062100010000,1140 N LINDEN AVE,41.90707378,-87.79223922,206,,false
16062080010000,1140 N OAK PARK AVE,41.90702666,-87.79461683,204,,false
16062150010000,1140 ROSSELL AVE,41.90714745,-87.78570546,205,,false
16183200160000,1140 S CLINTON AVE,41.86723959,-87.7975016,203,,false
16173170170000,1140 S CUYLER AVE,41.86752814,-87.78253852,203,,false
16184180390000,1140 S EAST AVE,41.86737329,-87.788677,206,,false
16184150320000,1140 S EUCLID AVE,41.86736677,-87.79234835,203,,false
16184200180000,1140 S GUNDERSON AVE,41.86746184,-87.78623506,203,,false
16173190170000,1140 S HARVEY AVE,41.86754169,-87.78007881,203,,false
16173230180000,1140 S HUMPHREY AVE,41.86759433,-87.77517534,202,,false
16173200190000,1140 S LOMBARD AVE,41.86754944,-87.77886241,205,,false
16173220160000,1140 S LYMAN AVE,41.86759171,-87.77643579,205,,false
16183160120000,1140 S MAPLE AVE,41.86716609,-87.80311992,205,,false
16184140140000,1140 S OAK PARK AVE,41.86732577,-87.79352165,203,,false
16184190150000,1140 S SCOVILLE AVE,41.86746245,-87.78745777,203,,false
16173210170000,1140 S TAYLOR AVE,41.86757072,-87.77761093,205,,false
16184160140000,1140 S WESLEY AVE,41.86735102,-87.79112036,202,,false
16063150310000,1140 SCHNEIDER AVE,41.89644056,-87.80486532,295,,false
16071000070000,1140 SUPERIOR ST,41.89319889,-87.80461521,203,Frank Lloyd Wright,false
16184160330000,1141 CLARENCE AVE,41.86737047,-87.7904633,203,,false
16062100130000,1141 COLUMBIAN AVE,41.9070784,-87.7917033,206,,false
16062150130000,1141 EDMER AVE,41.90715709,-87.78501171,205,,false
16062120110000,1141 FAIR OAKS AVE,41.90708051,-87.7890575,206,,false
16062110110000,1141 N EAST AVE,41.90705247,-87.79046839,206,,false
16062130110000,1141 N ELMWOOD AVE,41.9071349,-87.78762222,205,,false
16062080100000,1141 N EUCLID AVE,41.90705022,-87.79411539,206,,false
16062090110000,1141 N LINDEN AVE,41.90704433,-87.79286252,205,,false
16061120140000,1141 N OAK PARK AVE,41.90690016,-87.79532267,206,,false
16051070130000,1141 N RIDGELAND AVE,41.90717692,-87.78368735,204,,false
16062140130000,1141 ROSSELL AVE,41.90713859,-87.78630543,205,,false
16183190340000,1141 S CLINTON AVE,41.86720293,-87.79805535,203,,false
16184170320000,1141 S EAST AVE,41.8673871,-87.7891492,204,,false
16184200360000,1141 S ELMWOOD AVE,41.86745289,-87.78554049,203,,false
16184140300000,1141 S EUCLID AVE,41.86735477,-87.79287598,204,,false
16183210120000,1141 S GROVE AVE,41.86727461,-87.79541828,202,,false
16173170360000,1141 S HIGHLAND AVE,41.86751114,-87.78189379,203,,false
16173220330000,1141 S HUMPHREY AVE,41.86763955,-87.77571956,203,,false
16173190350000,1141 S LOMBARD AVE,41.86751212,-87.77945754,203,,false
16173210380000,1141 S LYMAN AVE,41.86757025,-87.77695658,205,,false
16183220380000,1141 S OAK PARK AVE,41.86729224,-87.79412406,202,,false
16184180350000,1141 S SCOVILLE AVE,41.86743474,-87.78795918,205,,false
16173200420000,1141 S TAYLOR AVE,41.86752449,-87.77816851,203,,false
16184150150000,1141 S WESLEY AVE,41.86731842,-87.79166167,203,,false
16183170310000,1141 WENONAH AVE,41.86722441,-87.80074112,206,,false
16183160260000,1141 WISCONSIN AVE,41.86717587,-87.80220903,205,,false
16183190160000,1142 HOME AVE,41.86711638,-87.79878191,205,,false
16053070200000,1142 N AUSTIN BLVD,41.90158777,-87.77558802,205,,false
16183200170000,1142 S CLINTON AVE,41.86713952,-87.79749891,203,,false
16173170180000,1142 S CUYLER AVE,41.86743498,-87.78251667,203,,false
16184210180000,1142 S ELMWOOD AVE,41.8674679,-87.78495647,205,,false
16184150330000,1142 S EUCLID AVE,41.86727651,-87.79234156,205,,false
16183220410000,1142 S GROVE AVE,41.86722963,-87.79480846,204,,false
16173190180000,1142 S HARVEY AVE,41.86745714,-87.78008709,202,,false
16173180180000,1142 S HIGHLAND AVE,41.86745812,-87.78133232,205,,false
16173230190000,1142 S HUMPHREY AVE,41.86750518,-87.77516888,203,,false
16183210060000,1142 S KENILWORTH AVE,41.86715978,-87.7961983,203,,false
16173200200000,1142 S LOMBARD AVE,41.86746029,-87.77885596,205,,false
16173220170000,1142 S LYMAN AVE,41.8675241,-87.77641469,205,,false
16183160130000,1142 S MAPLE AVE,41.86709318,-87.80311587,205,,false
16184140150000,1142 S OAK PARK AVE,41.86722567,-87.79351192,203,,false
16173160090000,1142 S RIDGELAND AVE,41.86744446,-87.78377551,205,,false
16184190160000,1142 S SCOVILLE AVE,41.86738216,-87.78745349,205,,false
16173210180000,1142 S TAYLOR AVE,41.86747887,-87.77760449,205,,false
16184160150000,1142 S WESLEY AVE,41.86725802,-87.79113247,203,,false
16063150240000,1142 SCHNEIDER AVE,41.89661521,-87.80488025,295,,false
16183180150000,1142 WENONAH AVE,41.86714468,-87.80016397,205,Gunderson ,false
16183170140000,1142 WISCONSIN AVE,41.86712098,-87.8015779,205,,false
16061100020000,1142 WOODBINE AVE,41.90684408,-87.79916085,204,,false
16184160340000,1143 CLARENCE AVE,41.86726893,-87.79045661,203,,false
16183180300000,1143 HOME AVE,41.86716208,-87.799368,205,Gunderson ,false
16061110140000,1143 N GROVE AVE,41.90687531,-87.79682724,205,,false
16061100140000,1143 N KENILWORTH AVE,41.90683875,-87.79850695,204,,false
16061070170000,1143 N MARION ST,41.90674226,-87.80442668,205,,false
16183190350000,1143 S CLINTON AVE,41.86712654,-87.79804894,203,,false
16183210130000,1143 S GROVE AVE,41.86720091,-87.79542242,205,,false
16173170370000,1143 S HIGHLAND AVE,41.86742909,-87.78183787,204,,false
16173220340000,1143 S HUMPHREY AVE,41.86753947,-87.77568789,203,,false
16173210390000,1143 S LYMAN AVE,41.86748385,-87.77696094,205,,false
16184210400000,1143 S RIDGELAND AVE,41.86739145,-87.78429896,202,,false
16184180360000,1143 S SCOVILLE AVE,41.86734167,-87.7879562,203,,false
16173200390000,1143 S TAYLOR AVE,41.86742931,-87.77817553,205,,false
16061090020000,1143 WOODBINE AVE,41.90683818,-87.7999223,206,,false
16184170170000,1144 CLARENCE AVE,41.8672662,-87.78987995,203,,false
16184210190000,1144 S ELMWOOD AVE,41.86738076,-87.78501257,205,,false
16184200190000,1144 S GUNDERSON AVE,41.86737436,-87.7862207,203,,false
16173190190000,1144 S HARVEY AVE,41.86735565,-87.78009174,202,,false
16173220180000,1144 S LYMAN AVE,41.86741857,-87.77637222,203,,false
16183160140000,1144 S MAPLE AVE,41.86700638,-87.80311194,204,,false
16184190170000,1144 S SCOVILLE AVE,41.86730109,-87.78745737,205,,false
16063150300000,1144 SCHNEIDER AVE,41.89644093,-87.80494729,295,,false
16173160190000,1145 S CUYLER AVE,41.86735627,-87.78306358,205,,false
16184200370000,1145 S ELMWOOD AVE,41.86736543,-87.78552991,203,,false
16184140310000,1145 S EUCLID AVE,41.8672533,-87.79288439,204,,false
16173180400000,1145 S HARVEY AVE,41.86734465,-87.78060468,203,,false
16173220350000,1145 S HUMPHREY AVE,41.86741803,-87.77570507,203,,false
16173190360000,1145 S LOMBARD AVE,41.8674338,-87.7794546,203,,false
16183220390000,1145 S OAK PARK AVE,41.86721059,-87.7941177,202,,false
16184180370000,1145 S SCOVILLE AVE,41.86726554,-87.78795684,205,,false
16184150160000,1145 S WESLEY AVE,41.86723099,-87.79165863,203,,false
16183160270000,1145 WISCONSIN AVE,41.86702303,-87.80216423,206,,false
16184170180000,1146 CLARENCE AVE,41.86716472,-87.78988836,202,,false
16183190170000,1146 HOME AVE,41.86702613,-87.79878267,205,,false
16061120010000,1146 N GROVE AVE,41.90699938,-87.79618436,204,,false
16061110010000,1146 N KENILWORTH AVE,41.90697381,-87.79768089,205,,false
16183200180000,1146 S CLINTON AVE,41.86705792,-87.79750312,203,,false
16173170190000,1146 S CUYLER AVE,41.86731657,-87.78252146,203,,false
16184180160000,1146 S EAST AVE,41.86726052,-87.78868173,203,,false
16184210200000,1146 S ELMWOOD AVE,41.8672876,-87.78499072,205,,false
16184150340000,1146 S EUCLID AVE,41.86714673,-87.79232756,205,,false
16183220420000,1146 S GROVE AVE,41.86712936,-87.79476348,203,,false
16184200200000,1146 S GUNDERSON AVE,41.86727567,-87.78622155,206,,false
16173180190000,1146 S HIGHLAND AVE,41.86735654,-87.7813181,203,,false
16173230200000,1146 S HUMPHREY AVE,41.86742149,-87.77517323,203,,false
16173200210000,1146 S LOMBARD AVE,41.86737383,-87.77884586,205,,false
16184140160000,1146 S OAK PARK AVE,41.86712294,-87.79350221,204,,false
16173160100000,1146 S RIDGELAND AVE,41.86734566,-87.78375371,205,,false
16184190180000,1146 S SCOVILLE AVE,41.86722765,-87.78743157,205,,false
16173210190000,1146 S TAYLOR AVE,41.86739244,-87.77760163,205,,false
16184160160000,1146 S WESLEY AVE,41.86714227,-87.79110324,204,,false
16063150230000,1146 SCHNEIDER AVE,41.89661551,-87.8049453,295,,false
16183180160000,1146 WENONAH AVE,41.86703712,-87.80017416,205,Gunderson ,false
16183170150000,1146 WISCONSIN AVE,41.86700644,-87.80157885,205,,false
16061100010000,1146 WOODBINE AVE,41.90697033,-87.7991873,204,,false
16184160350000,1147 CLARENCE AVE,41.86716456,-87.79044994,205,,false
16183180310000,1147 HOME AVE,41.86702665,-87.79935519,205,Gunderson ,false
16061110130000,1147 N GROVE AVE,41.90698572,-87.79683454,206,,false
16061100130000,1147 N KENILWORTH AVE,41.90697666,-87.79851758,204,,false
16061120130000,1147 N OAK PARK AVE,41.90701872,-87.79540089,234,,false
16183190360000,1147 S CLINTON AVE,41.86704762,-87.7980637,203,,false
16173160200000,1147 S CUYLER AVE,41.86728575,-87.78306041,205,,false
16184200380000,1147 S ELMWOOD AVE,41.8672752,-87.78553068,205,,false
16184140320000,1147 S EUCLID AVE,41.86714897,-87.79288527,203,,false
16183210140000,1147 S GROVE AVE,41.86709826,-87.79543033,203,,false
16184190370000,1147 S GUNDERSON AVE,41.86731027,-87.78669845,205,,false
16173170380000,1147 S HIGHLAND AVE,41.86731643,-87.78186526,203,,false
16173190370000,1147 S LOMBARD AVE,41.86735817,-87.77945164,203,,false
16173210400000,1147 S LYMAN AVE,41.86739197,-87.77694727,203,,false
16183220400000,1147 S OAK PARK AVE,41.86711317,-87.79411852,203,,false
16184210410000,1147 S RIDGELAND AVE,41.86729285,-87.78431868,202,,false
16184180380000,1147 S SCOVILLE AVE,41.86720347,-87.78794982,205,,false
16184150170000,1147 S WESLEY AVE,41.86715482,-87.79165172,205,,false
16183170320000,1147 WENONAH AVE,41.86704824,-87.80081747,204,,false
16061090010000,1147 WOODBINE AVE,41.90695551,-87.79992133,206,,false
16063150290000,1148 SCHNEIDER AVE,41.89644132,-87.80503168,295,,false
16061070160000,1149 N MARION ST,41.90688316,-87.80451636,206,,false
16072250950000,115 BISHOP QUARTER LN,41.88784514,-87.79099941,295,,false
16073020480000,115 HOME AVE,41.88628941,-87.80029618,295,,false
16051110030000,115 LE MOYNE PKWY,41.9071803,-87.77900118,205,,false
16071280220000,115 N KENILWORTH AVE,41.88784207,-87.79738537,210,Ridgeland - Oak Park,false
16083000190000,115 S CUYLER AVE,41.88640442,-87.78338712,205,Ridgeland - Oak Park,false
16074020210000,115 S EAST AVE,41.88630516,-87.78986483,205,Ridgeland - Oak Park,false
16074000280000,115 S EUCLID AVE,41.88624506,-87.7931647,206,Ridgeland - Oak Park,false
16073050150000,115 S GROVE AVE,41.88621842,-87.79609354,205,Ridgeland - Oak Park,false
16083010140000,115 S HARVEY AVE,41.88641019,-87.7817891,206,Ridgeland - Oak Park,false
16083040170000,115 S HUMPHREY AVE,41.88648557,-87.77684312,205,Ridgeland - Oak Park,false
16074050180000,115 S RIDGELAND AVE,41.88637748,-87.78504552,206,Ridgeland - Oak Park,false
16083030190000,115 S TAYLOR AVE,41.88646193,-87.77846198,205,Ridgeland - Oak Park,false
16074010190000,115 S WESLEY AVE,41.88627299,-87.79153251,206,Ridgeland - Oak Park,false
16083210030000,115 W WASHINGTON BLVD,41.88176456,-87.77884064,206,Ridgeland - Oak Park,false
16072250840000,115 WRIGHT LN,41.88782502,-87.79014029,295,,false
16183260010000,1150 HOME AVE,41.8667682,-87.79873475,203,,false
16183270010000,1150 S CLINTON AVE,41.86678584,-87.79749523,205,,false
16173250010000,1150 S CUYLER AVE,41.86703269,-87.78251144,205,,false
16184260010000,1150 S EAST AVE,41.86696479,-87.78864745,202,,false
16184290010000,1150 S ELMWOOD AVE,41.86700559,-87.78499621,203,,false
16183290010000,1150 S GROVE AVE,41.86685203,-87.79486425,205,,false
16184280010000,1150 S GUNDERSON AVE,41.86699298,-87.78621636,203,,false
16173270010000,1150 S HARVEY AVE,41.86706382,-87.78006608,205,,false
16173260010000,1150 S HIGHLAND AVE,41.86706357,-87.78131649,203,,false
16173310010000,1150 S HUMPHREY AVE,41.867135,-87.7751649,205,,false
16183280010000,1150 S KENILWORTH AVE,41.86679338,-87.79618382,203,,false
16173280010000,1150 S LOMBARD AVE,41.86709025,-87.7788158,204,,false
16183230010000,1150 S MAPLE AVE,41.86669274,-87.80309761,204,,false
16184220010000,1150 S OAK PARK AVE,41.86686597,-87.79352407,205,,false
16173240010000,1150 S RIDGELAND AVE,41.86703088,-87.78375718,205,,false
16184270010000,1150 S SCOVILLE AVE,41.86697237,-87.78741745,205,,false
16173290010000,1150 S TAYLOR AVE,41.86711225,-87.77758196,205,,false
16184240010000,1150 S WESLEY AVE,41.86688438,-87.79108035,204,,false
16063150220000,1150 SCHNEIDER AVE,41.89661584,-87.80501759,295,,false
16183250010000,1150 WENONAH AVE,41.86674959,-87.80011913,203,,false
16184240160000,1151 CLARENCE AVE,41.86690776,-87.79039063,205,,false
16183250140000,1151 HOME AVE,41.86670446,-87.79932547,206,,false
16183260150000,1151 S CLINTON AVE,41.86677932,-87.79800459,205,,false
16173240190000,1151 S CUYLER AVE,41.86705459,-87.78305195,205,,false
16184250160000,1151 S EAST AVE,41.86693809,-87.78918236,205,,false
16184280150000,1151 S ELMWOOD AVE,41.86699227,-87.78551486,205,,false
16184220130000,1151 S EUCLID AVE,41.86686466,-87.79288152,203,,false
16183280170000,1151 S GROVE AVE,41.86682627,-87.79538686,203,,false
16184270190000,1151 S GUNDERSON AVE,41.86698295,-87.78671552,203,,false
16173260170000,1151 S HARVEY AVE,41.86705492,-87.78061506,203,,false
16173250180000,1151 S HIGHLAND AVE,41.86706099,-87.78182379,206,,false
16173300150000,1151 S HUMPHREY AVE,41.86713817,-87.77568822,203,,false
16173270190000,1151 S LOMBARD AVE,41.8670887,-87.77941593,203,,false
16173290160000,1151 S LYMAN AVE,41.86710357,-87.77690599,205,,false
16173280170000,1151 S TAYLOR AVE,41.86712214,-87.77815032,205,,false
16183230140000,1151 WISCONSIN AVE,41.86669571,-87.80219232,203,,false
16184250020000,1152 CLARENCE AVE,41.86685987,-87.78984777,204,,false
16183260020000,1152 HOME AVE,41.86668233,-87.79873546,203,,false
16173250020000,1152 S CUYLER AVE,41.86695369,-87.78250859,205,,false
16184260020000,1152 S EAST AVE,41.86687521,-87.78863411,203,,false
16184290020000,1152 S ELMWOOD AVE,41.86691076,-87.78498645,202,,false
16183290020000,1152 S GROVE AVE,41.86677047,-87.79487903,205,,false
16173270020000,1152 S HARVEY AVE,41.86697955,-87.78006328,205,,false
16173260020000,1152 S HIGHLAND AVE,41.86697143,-87.78132081,203,,false
16173280020000,1152 S LOMBARD AVE,41.86701471,-87.77883091,203,,false
16173240020000,1152 S RIDGELAND AVE,41.86695456,-87.78376489,205,,false
16184270020000,1152 S SCOVILLE AVE,41.86690128,-87.78741805,205,,false
16173290020000,1152 S TAYLOR AVE,41.86702855,-87.7775863,205,,false
16184240410000,1152 S WESLEY AVE,41.86675019,-87.79109911,202,,false
16063150280000,1152 SCHNEIDER AVE,41.89644156,-87.80508472,295,,false
16183250020000,1152 WENONAH AVE,41.86663152,-87.80012011,204,,false
16184240170000,1153 CLARENCE AVE,41.86682621,-87.79040542,205,,false
16173240200000,1153 S CUYLER AVE,41.86697299,-87.78305618,205,,false
16184250170000,1153 S EAST AVE,41.86684851,-87.78916901,203,,false
16184280160000,1153 S ELMWOOD AVE,41.8669212,-87.78551899,204,,false
16183280180000,1153 S GROVE AVE,41.86674989,-87.79538398,203,,false
16184270200000,1153 S GUNDERSON AVE,41.86690123,-87.78669506,204,,false
16173260180000,1153 S HARVEY AVE,41.8669732,-87.78059461,205,,false
16173250190000,1153 S HIGHLAND AVE,41.86696613,-87.78181051,205,,false
16173300160000,1153 S HUMPHREY AVE,41.8670545,-87.77569618,203,,false
16173270200000,1153 S LOMBARD AVE,41.86700222,-87.77940222,205,,false
16173290170000,1153 S LYMAN AVE,41.86702802,-87.77691749,203,,false
16184290170000,1153 S RIDGELAND AVE,41.86691771,-87.78426442,204,,false
16173280180000,1153 S TAYLOR AVE,41.86703296,-87.77813663,203,,false
16183240460000,1153 WENONAH AVE,41.86671441,-87.80082714,206,,false
16184250030000,1154 CLARENCE AVE,41.8667678,-87.78986618,205,,false
16183270020000,1154 S CLINTON AVE,41.86669372,-87.79750305,205,,false
16173250030000,1154 S CUYLER AVE,41.86687475,-87.78251984,205,,false
16184260030000,1154 S EAST AVE,41.86679364,-87.78864537,205,,false
16184290030000,1154 S ELMWOOD AVE,41.86682912,-87.78498362,205,,false
16183290030000,1154 S GROVE AVE,41.86669935,-87.79487258,205,,false
16184280020000,1154 S GUNDERSON AVE,41.86690524,-87.78619514,205,,false
16173270030000,1154 S HARVEY AVE,41.86690321,-87.78006746,205,,false
16173260030000,1154 S HIGHLAND AVE,41.86688719,-87.78132505,205,,false
16173310020000,1154 S HUMPHREY AVE,41.86699987,-87.77514438,205,,false
16183280020000,1154 S KENILWORTH AVE,41.86669049,-87.79613885,203,,false
16173300020000,1154 S LYMAN AVE,41.86696868,-87.77637658,205,,false
16183230020000,1154 S MAPLE AVE,41.86657112,-87.80310341,205,,false
16173240030000,1154 S RIDGELAND AVE,41.86687821,-87.78376554,205,,false
16184270030000,1154 S SCOVILLE AVE,41.86681439,-87.78741879,205,,false
16173290030000,1154 S TAYLOR AVE,41.86695294,-87.77758695,205,,false
16184240420000,1154 S WESLEY AVE,41.866637,-87.79110711,205,,false
16063150210000,1154 SCHNEIDER AVE,41.89661625,-87.80510687,295,,false
16184240180000,1155 CLARENCE AVE,41.86676598,-87.79056274,206,,false
16183250150000,1155 HOME AVE,41.86667018,-87.7992236,205,,false
16183260160000,1155 S CLINTON AVE,41.86669506,-87.79800529,205,,false
16173240210000,1155 S CUYLER AVE,41.86688615,-87.78306749,205,,false
16184250180000,1155 S EAST AVE,41.86676687,-87.78916618,206,,false
16184280170000,1155 S ELMWOOD AVE,41.8668395,-87.78550206,205,,false
16184220140000,1155 S EUCLID AVE,41.8667382,-87.79286496,205,,false
16184270210000,1155 S GUNDERSON AVE,41.8668275,-87.78669569,205,,false
16173260190000,1155 S HARVEY AVE,41.86690996,-87.78058458,205,,false
16173250200000,1155 S HIGHLAND AVE,41.86689505,-87.78181112,205,,false
16183270180000,1155 S KENILWORTH AVE,41.86667499,-87.79671391,206,,false
16173270210000,1155 S LOMBARD AVE,41.86693201,-87.77940283,205,,false
16173290180000,1155 S LYMAN AVE,41.8669603,-87.7768747,203,,false
16183290160000,1155 S OAK PARK AVE,41.86671891,-87.7940979,205,,false
16184290180000,1155 S RIDGELAND AVE,41.86683872,-87.78426509,203,,false
16184260190000,1155 S SCOVILLE AVE,41.86679689,-87.78795727,202,,false
16173280190000,1155 S TAYLOR AVE,41.86695733,-87.77813367,203,,false
16183240480000,1155 WENONAH AVE,41.86660315,-87.80075143,203,,false
16183230150000,1155 WISCONSIN AVE,41.86655954,-87.80215031,204,,false
16184250040000,1156 CLARENCE AVE,41.8666887,-87.78984217,205,,false
16183260030000,1156 HOME AVE,41.86658216,-87.7987363,203,,false
16183270030000,1156 S CLINTON AVE,41.86659357,-87.79748273,206,,false
16173250040000,1156 S CUYLER AVE,41.86680366,-87.78252045,205,,false
16184260040000,1156 S EAST AVE,41.8667225,-87.7886354,203,,false
16184290040000,1156 S ELMWOOD AVE,41.8667395,-87.78496324,203,,false
16183290040000,1156 S GROVE AVE,41.86661505,-87.79486271,205,,false
16184280030000,1156 S GUNDERSON AVE,41.86679805,-87.78619687,205,,false
16173310030000,1156 S HUMPHREY AVE,41.86687297,-87.7751491,205,,false
16183280030000,1156 S KENILWORTH AVE,41.86660362,-87.7961431,203,,false
16173280040000,1156 S LOMBARD AVE,41.86687972,-87.77883931,205,,false
16173300030000,1156 S LYMAN AVE,41.86689575,-87.7763736,205,,false
16183230030000,1156 S MAPLE AVE,41.86648884,-87.80310409,205,,false
16173240040000,1156 S RIDGELAND AVE,41.86681765,-87.78376606,205,,false
16184270040000,1156 S SCOVILLE AVE,41.86674855,-87.78741583,205,,false
16184240060000,1156 S WESLEY AVE,41.8665394,-87.79106916,206,,false
16183250030000,1156 WENONAH AVE,41.86652777,-87.80012098,204,,false
16183260170000,1157 S CLINTON AVE,41.86658185,-87.79800624,204,,false
16173240220000,1157 S CUYLER AVE,41.86680716,-87.78306817,204,,false
16184280180000,1157 S ELMWOOD AVE,41.86675791,-87.78550981,202,,false
16184220150000,1157 S EUCLID AVE,41.86665391,-87.79285862,204,,false
16183280190000,1157 S GROVE AVE,41.86665776,-87.79538827,203,,false
16184270220000,1157 S GUNDERSON AVE,41.86675641,-87.78669629,205,,false
16173260200000,1157 S HARVEY AVE,41.86684154,-87.78059222,205,,false
16173250210000,1157 S HIGHLAND AVE,41.86682133,-87.78181175,205,,false
16183270190000,1157 S KENILWORTH AVE,41.86658544,-87.79670761,203,,false
16173270220000,1157 S LOMBARD AVE,41.86685635,-87.77939264,205,,false
16173290190000,1157 S LYMAN AVE,41.86689568,-87.77691502,205,,false
16183290170000,1157 S OAK PARK AVE,41.8666109,-87.79408471,205,,false
16184290190000,1157 S RIDGELAND AVE,41.8667571,-87.78426579,203,,false
16184260200000,1157 S SCOVILLE AVE,41.86673375,-87.78796838,202,,false
16173280200000,1157 S TAYLOR AVE,41.86688717,-87.77814512,203,,false
16183240200000,1157 WENONAH AVE,41.8665136,-87.80072823,205,,false
16183260040000,1158 HOME AVE,41.86649854,-87.7987115,205,,false
16183270040000,1158 S CLINTON AVE,41.86651455,-87.79747634,205,,false
16173250050000,1158 S CUYLER AVE,41.86673516,-87.78251047,205,,false
16184280040000,1158 S GUNDERSON AVE,41.86670853,-87.78619763,205,,false
16173260040000,1158 S HIGHLAND AVE,41.86680282,-87.78130111,203,,false
16173280050000,1158 S LOMBARD AVE,41.86680678,-87.77883271,205,,false
16173300040000,1158 S LYMAN AVE,41.86682539,-87.77634167,204,,false
16183230040000,1158 S MAPLE AVE,41.8664173,-87.80310947,203,,false
16173240050000,1158 S RIDGELAND AVE,41.86674388,-87.78375612,205,,false
16184270050000,1158 S SCOVILLE AVE,41.86667481,-87.78741293,205,,false
16173290040000,1158 S TAYLOR AVE,41.86683412,-87.77758798,205,,false
16183250040000,1158 WENONAH AVE,41.86641328,-87.80012193,203,,false
16184240190000,1159 CLARENCE AVE,41.86667347,-87.79039966,203,,false
16183250160000,1159 HOME AVE,41.8665429,-87.79932616,203,,false
16173240230000,1159 S CUYLER AVE,41.8667229,-87.78306537,206,,false
16184250190000,1159 S EAST AVE,41.86668,-87.78917044,203,,false
16183280200000,1159 S GROVE AVE,41.86657614,-87.79538896,205,,false
16184270230000,1159 S GUNDERSON AVE,41.86668271,-87.78670045,205,,false
16173260210000,1159 S HARVEY AVE,41.86676519,-87.78059288,205,,false
16173250220000,1159 S HIGHLAND AVE,41.8667528,-87.78179824,205,,false
16173300180000,1159 S HUMPHREY AVE,41.86687624,-87.7756905,206,,false
16183270200000,1159 S KENILWORTH AVE,41.86648797,-87.79669785,203,,false
16173270230000,1159 S LOMBARD AVE,41.86679424,-87.77939317,205,,false
16173290200000,1159 S LYMAN AVE,41.86683216,-87.77715531,278,,false
16184260210000,1159 S SCOVILLE AVE,41.86667313,-87.7879548,202,,false
16173280210000,1159 S TAYLOR AVE,41.86677916,-87.77814606,203,,false
16183230160000,1159 WISCONSIN AVE,41.86643783,-87.80213219,205,,false
16053120180000,116 AUGUSTA ST,41.89848563,-87.77850273,205,,false
16081210540000,116 LAKE ST,41.88845402,-87.77906102,205,Ridgeland - Oak Park,false
16074050100000,116 S ELMWOOD AVE,41.88627253,-87.78595319,205,Ridgeland - Oak Park,false
16083020060000,116 S HARVEY AVE,41.88634483,-87.78103887,205,Ridgeland - Oak Park,false
16083000120000,116 S RIDGELAND AVE,41.8861969,-87.78429494,204,Ridgeland - Oak Park,false
16072250760000,116 WRIGHT LN,41.88784661,-87.78987386,295,,false
16184250050000,1160 CLARENCE AVE,41.86658602,-87.78984304,203,,false
16183260050000,1160 HOME AVE,41.86640685,-87.79873776,205,,false
16183270050000,1160 S CLINTON AVE,41.86642252,-87.79750179,205,,false
16173250060000,1160 S CUYLER AVE,41.86666937,-87.78251808,205,,false
16184260050000,1160 S EAST AVE,41.86660403,-87.78863993,205,,false
16184290050000,1160 S ELMWOOD AVE,41.86666588,-87.78498501,202,,false
16183290050000,1160 S GROVE AVE,41.86652285,-87.79485291,205,,false
16184280050000,1160 S GUNDERSON AVE,41.86660848,-87.78619849,203,,false
16173270060000,1160 S HARVEY AVE,41.86671096,-87.78005854,278,,false
16173260050000,1160 S HIGHLAND AVE,41.8667133,-87.78130188,205,,false
16173310040000,1160 S HUMPHREY AVE,41.8667676,-87.77513917,205,,false
16183280040000,1160 S KENILWORTH AVE,41.86650095,-87.79614749,203,,false
16173280360000,1160 S LOMBARD AVE,41.86672561,-87.77880087,203,,false
16173240060000,1160 S RIDGELAND AVE,41.86667277,-87.7837532,205,,false
16184270060000,1160 S SCOVILLE AVE,41.86661689,-87.78741342,205,,false
16173290050000,1160 S TAYLOR AVE,41.86673691,-87.77758883,203,,false
16184240070000,1160 S WESLEY AVE,41.8664301,-87.79110181,205,,false
16183250170000,1161 HOME AVE,41.86644421,-87.7993361,203,,false
16183260190000,1161 S CLINTON AVE,41.86645008,-87.79798266,203,,false
16184250200000,1161 S EAST AVE,41.86659837,-87.78916761,202,,false
16184280190000,1161 S ELMWOOD AVE,41.86667627,-87.78550698,203,,false
16184220160000,1161 S EUCLID AVE,41.86655901,-87.79283475,203,,false
16183280210000,1161 S GROVE AVE,41.86649968,-87.79536845,206,,false
16184270240000,1161 S GUNDERSON AVE,41.86661422,-87.78669398,205,,false
16173260220000,1161 S HARVEY AVE,41.86669933,-87.7805864,205,,false
16173250230000,1161 S HIGHLAND AVE,41.86668175,-87.7818059,203,,false
16173300190000,1161 S HUMPHREY AVE,41.86680336,-87.77569836,206,,false
16173270240000,1161 S LOMBARD AVE,41.86672404,-87.77939739,205,,false
16173290210000,1161 S LYMAN AVE,41.86675519,-87.77690178,205,,false
16184290200000,1161 S RIDGELAND AVE,41.86667546,-87.78426296,203,,false
16184260220000,1161 S SCOVILLE AVE,41.86659144,-87.78794139,205,,false
16183240210000,1161 WENONAH AVE,41.86640984,-87.80072909,205,,false
16183230170000,1161 WISCONSIN AVE,41.86634481,-87.80213296,205,,false
16184250060000,1162 CLARENCE AVE,41.86649915,-87.7898473,205,,false
16173250070000,1162 S CUYLER AVE,41.86660883,-87.78252213,205,,false
16184260060000,1162 S EAST AVE,41.86651979,-87.78864417,205,,false
16184290060000,1162 S ELMWOOD AVE,41.86657624,-87.78496111,206,,false
16183290060000,1162 S GROVE AVE,41.86642283,-87.7948608,202,,false
16173270070000,1162 S HARVEY AVE,41.86662934,-87.78005924,205,,false
16173260060000,1162 S HIGHLAND AVE,41.86662637,-87.78129205,202,,false
16173300060000,1162 S LYMAN AVE,41.86671721,-87.77631007,203,,false
16183230060000,1162 S MAPLE AVE,41.86629199,-87.80309618,204,,false
16173240070000,1162 S RIDGELAND AVE,41.86660429,-87.78374673,205,,false
16184270070000,1162 S SCOVILLE AVE,41.8665379,-87.7874141,205,,false
16183250050000,1162 WENONAH AVE,41.86631673,-87.80013231,203,,false
16184240210000,1163 CLARENCE AVE,41.86648829,-87.79042715,202,,false
16183250180000,1163 HOME AVE,41.86632257,-87.79933711,203,,false
16173240240000,1163 S CUYLER AVE,41.86663338,-87.78306614,203,,false
16184250210000,1163 S EAST AVE,41.8665062,-87.78916487,205,,false
16184280200000,1163 S ELMWOOD AVE,41.86658682,-87.78552185,205,,false
16184220170000,1163 S EUCLID AVE,41.86646154,-87.79282499,203,,false
16183280220000,1163 S GROVE AVE,41.86641025,-87.79538682,203,,false
16184270250000,1163 S GUNDERSON AVE,41.86655118,-87.78672624,205,,false
16173260230000,1163 S HARVEY AVE,41.86663614,-87.78058694,205,,false
16173250240000,1163 S HIGHLAND AVE,41.86661597,-87.78181704,202,,false
16173300200000,1163 S HUMPHREY AVE,41.8667089,-87.77571003,206,,false
16183270210000,1163 S KENILWORTH AVE,41.86639054,-87.79669514,205,,false
16173270250000,1163 S LOMBARD AVE,41.86665382,-87.77939438,234,,false
16184290210000,1163 S RIDGELAND AVE,41.86658589,-87.78425316,203,,false
16184260230000,1163 S SCOVILLE AVE,41.86652298,-87.78794197,205,,false
16173280220000,1163 S TAYLOR AVE,41.86669809,-87.77813591,205,,false
16183240220000,1163 WENONAH AVE,41.86628476,-87.80075886,206,,false
16183230340000,1163 WISCONSIN AVE,41.86626612,-87.8021384,205,,false
16184250070000,1164 CLARENCE AVE,41.86643069,-87.78984788,205,,false
16183260060000,1164 HOME AVE,41.86631387,-87.79874811,205,,false
16183270060000,1164 S CLINTON AVE,41.86632752,-87.79745675,206,,false
16173250080000,1164 S CUYLER AVE,41.8665296,-87.78247346,203,,false
16184260070000,1164 S EAST AVE,41.86645397,-87.78864473,205,,false
16184290070000,1164 S ELMWOOD AVE,41.86650251,-87.78495821,202,,false
16184280060000,1164 S GUNDERSON AVE,41.86651629,-87.78619222,203,,false
16173270080000,1164 S HARVEY AVE,41.86656088,-87.78005983,205,,false
16173260070000,1164 S HIGHLAND AVE,41.86656314,-87.78128554,202,,false
16173310050000,1164 S HUMPHREY AVE,41.86667141,-87.77508859,205,,false
16183280050000,1164 S KENILWORTH AVE,41.86639566,-87.79615542,205,,false
16173280080000,1164 S LOMBARD AVE,41.86661218,-87.77879824,203,,false
16173300070000,1164 S LYMAN AVE,41.8666173,-87.77631094,203,,false
16173240080000,1164 S RIDGELAND AVE,41.86653579,-87.78374027,205,,false
16184270080000,1164 S SCOVILLE AVE,41.86648525,-87.78741454,205,,false
16173290060000,1164 S TAYLOR AVE,41.86660726,-87.77758272,204,,false
16183250060000,1164 WENONAH AVE,41.8662058,-87.80012844,205,,false
16184240220000,1165 CLARENCE AVE,41.8664173,-87.7904489,234,,false
16183260200000,1165 S CLINTON AVE,41.86633947,-87.79797653,203,,false
16173240250000,1165 S CUYLER AVE,41.86655174,-87.78306331,203,,false
16184250220000,1165 S EAST AVE,41.86642453,-87.78915498,202,,false
16184280210000,1165 S ELMWOOD AVE,41.86650262,-87.78553314,205,,false
16184270260000,1165 S GUNDERSON AVE,41.86649222,-87.7866675,202,,false
16173260240000,1165 S HARVEY AVE,41.86655968,-87.78056645,205,,false
16173250250000,1165 S HIGHLAND AVE,41.86653947,-87.78178597,202,,false
16173270260000,1165 S LOMBARD AVE,41.86658361,-87.77939499,205,,false
16183290200000,1165 S OAK PARK AVE,41.86636964,-87.7940807,205,,false
16184290220000,1165 S RIDGELAND AVE,41.86650691,-87.78425383,203,,false
16184260240000,1165 S SCOVILLE AVE,41.86644136,-87.78794267,205,,false
16183240230000,1165 WENONAH AVE,41.86613818,-87.80077927,203,,false
16183230350000,1165 WISCONSIN AVE,41.86619083,-87.8021055,203,,false
16184250080000,1166 CLARENCE AVE,41.86635967,-87.78986258,205,,false
16183260070000,1166 HOME AVE,41.86622074,-87.79872494,203,,false
16183270070000,1166 S CLINTON AVE,41.8662329,-87.79749279,205,,false
16173250090000,1166 S CUYLER AVE,41.866448,-87.78247768,203,,false
16184260080000,1166 S EAST AVE,41.8663617,-87.78862084,203,,false
16184290080000,1166 S ELMWOOD AVE,41.86642088,-87.7849589,203,,false
16183290070000,1166 S GROVE AVE,41.86632799,-87.79485102,205,,false
16184280070000,1166 S GUNDERSON AVE,41.86641359,-87.78618957,203,,false
16173270090000,1166 S HARVEY AVE,41.86649507,-87.78006393,205,,false
16173260080000,1166 S HIGHLAND AVE,41.86648672,-87.7812721,203,,false
16173310060000,1166 S HUMPHREY AVE,41.86658666,-87.77513713,205,,false
16183280070000,1166 S KENILWORTH AVE,41.86625604,-87.79613896,202,,false
16173280090000,1166 S LOMBARD AVE,41.86652845,-87.77879534,205,,false
16183230070000,1166 S MAPLE AVE,41.86614527,-87.80308298,202,,false
16173240090000,1166 S RIDGELAND AVE,41.8664726,-87.78374081,205,,false
16184270090000,1166 S SCOVILLE AVE,41.86641401,-87.78738342,203,,false
16173290070000,1166 S TAYLOR AVE,41.86652624,-87.77758342,203,,false
16184240080000,1166 S WESLEY AVE,41.86633675,-87.7910885,205,,false
16184240230000,1167 CLARENCE AVE,41.86634059,-87.79037552,205,,false
16183250190000,1167 HOME AVE,41.86621878,-87.7993284,203,,false
16183260210000,1167 S CLINTON AVE,41.8662447,-87.79798085,205,,false
16184280220000,1167 S ELMWOOD AVE,41.86641293,-87.78549866,205,,false
16184220180000,1167 S EUCLID AVE,41.86635361,-87.79282942,204,,false
16183280230000,1167 S GROVE AVE,41.8662707,-87.79538799,205,,false
16184270270000,1167 S GUNDERSON AVE,41.86642382,-87.78667865,205,,false
16173260250000,1167 S HARVEY AVE,41.86648866,-87.78058116,205,,false
16173250260000,1167 S HIGHLAND AVE,41.86647101,-87.78178656,205,,false
16183270220000,1167 S KENILWORTH AVE,41.86625901,-87.79672092,204,,false
16173270270000,1167 S LOMBARD AVE,41.8665108,-87.77941731,203,,false
16183290210000,1167 S OAK PARK AVE,41.86628971,-87.79409446,203,,false
16184290230000,1167 S RIDGELAND AVE,41.86642527,-87.78425101,203,,false
16184260250000,1167 S SCOVILLE AVE,41.86636496,-87.78793274,205,,false
16173280370000,1167 S TAYLOR AVE,41.86658473,-87.77814774,205,,false
16183230190000,1167 WISCONSIN AVE,41.86610855,-87.80210618,205,,false
16184250090000,1168 CLARENCE AVE,41.86629381,-87.78985609,205,,false
16183260080000,1168 HOME AVE,41.86612761,-87.79870177,203,,false
16183270080000,1168 S CLINTON AVE,41.86614066,-87.79747594,205,,false
16184290090000,1168 S ELMWOOD AVE,41.86633675,-87.7849843,202,,false
16183290400000,1168 S GROVE AVE,41.86622531,-87.79485188,203,,false
16184280080000,1168 S GUNDERSON AVE,41.86630827,-87.78619047,203,,false
16173270100000,1168 S HARVEY AVE,41.86642915,-87.78004335,205,,false
16173260090000,1168 S HIGHLAND AVE,41.86642353,-87.78127264,205,,false
16173300080000,1168 S LYMAN AVE,41.86650386,-87.77630831,203,,false
16183230080000,1168 S MAPLE AVE,41.86605573,-87.80306456,202,,false
16173240100000,1168 S RIDGELAND AVE,41.86640413,-87.78373787,205,,false
16184270100000,1168 S SCOVILLE AVE,41.86633507,-87.78739467,205,,false
16173290080000,1168 S TAYLOR AVE,41.86643443,-87.77758422,203,,false
16184240090000,1168 S WESLEY AVE,41.86628146,-87.79108897,202,,false
16183250070000,1168 WENONAH AVE,41.86609847,-87.80012934,203,,false
16184240240000,1169 CLARENCE AVE,41.86626604,-87.79041016,207,,false
16183250200000,1169 HOME AVE,41.86612573,-87.79932438,203,,false
16173240260000,1169 S CUYLER AVE,41.86644501,-87.78303183,205,,false
16184250230000,1169 S EAST AVE,41.86633499,-87.78915222,205,,false
16184220190000,1169 S EUCLID AVE,41.86625354,-87.79282674,203,,false
16173260260000,1169 S HARVEY AVE,41.86642277,-87.78056763,205,,false
16173250270000,1169 S HIGHLAND AVE,41.86640524,-87.7817977,205,,false
16173290230000,1169 S LYMAN AVE,41.86652496,-87.77692812,202,,false
16184260260000,1169 S SCOVILLE AVE,41.86629117,-87.78791927,205,,false
16071280210000,117 N KENILWORTH AVE,41.88790266,-87.79737527,210,Ridgeland - Oak Park,false
16073030140000,117 S CLINTON AVE,41.88610568,-87.79898077,206,Ridgeland - Oak Park,false
16074000290000,117 S EUCLID AVE,41.88614374,-87.79338022,202,Ridgeland - Oak Park,false
16083040180000,117 S HUMPHREY AVE,41.88635866,-87.77681862,205,Ridgeland - Oak Park,false
16074050310000,117 S RIDGELAND AVE,41.88618489,-87.78501116,206,Ridgeland - Oak Park,false
16083030200000,117 S TAYLOR AVE,41.88635033,-87.77846295,206,Ridgeland - Oak Park,false
16184250100000,1170 CLARENCE AVE,41.86622009,-87.78985672,205,,false
16173250100000,1170 S CUYLER AVE,41.86635581,-87.78247142,203,,false
16184260090000,1170 S EAST AVE,41.86625639,-87.78862173,203,,false
16173270110000,1170 S HARVEY AVE,41.86635806,-87.78004396,202,,false
16173260100000,1170 S HIGHLAND AVE,41.86635507,-87.78127323,205,,false
16173310070000,1170 S HUMPHREY AVE,41.86644347,-87.77512392,203,,false
16183280080000,1170 S KENILWORTH AVE,41.86615207,-87.79613346,203,,false
16173280100000,1170 S LOMBARD AVE,41.86639614,-87.7788001,205,,false
16173300090000,1170 S LYMAN AVE,41.86637698,-87.77631664,203,,false
16173240110000,1170 S RIDGELAND AVE,41.86634086,-87.78372079,202,,false
16184270110000,1170 S SCOVILLE AVE,41.866264,-87.7873988,205,,false
16184240430000,1170 S WESLEY AVE,41.86618404,-87.79108979,205,,false
16183260220000,1171 S CLINTON AVE,41.86613144,-87.79797122,203,,false
16173240270000,1171 S CUYLER AVE,41.86634218,-87.78300098,205,,false
16184250240000,1171 S EAST AVE,41.8662482,-87.78917411,204,,false
16184280230000,1171 S ELMWOOD AVE,41.86632604,-87.7854994,205,,false
16183280240000,1171 S GROVE AVE,41.86614156,-87.79536087,278,,false
16184270280000,1171 S GUNDERSON AVE,41.86628427,-87.78667984,205,,false
16173260270000,1171 S HARVEY AVE,41.86635168,-87.78056824,205,,false
16173250280000,1171 S HIGHLAND AVE,41.86633935,-87.78178417,205,,false
16183270230000,1171 S KENILWORTH AVE,41.86611935,-87.79669741,203,,false
16173270280000,1171 S LOMBARD AVE,41.86638921,-87.7794039,206,,false
16183290220000,1171 S OAK PARK AVE,41.86619486,-87.79408115,205,,false
16184290240000,1171 S RIDGELAND AVE,41.86634628,-87.78425168,203,,false
16184260270000,1171 S SCOVILLE AVE,41.86622013,-87.78793044,205,,false
16173280250000,1171 S TAYLOR AVE,41.86639033,-87.77815665,205,,false
16183240240000,1171 WENONAH AVE,41.86603412,-87.80071308,203,,false
16183230200000,1171 WISCONSIN AVE,41.86600475,-87.80209746,203,,false
16184250110000,1172 CLARENCE AVE,41.86615692,-87.78986078,205,,false
16183260090000,1172 HOME AVE,41.86603097,-87.79869299,205,,false
16183270090000,1172 S CLINTON AVE,41.86605364,-87.79744847,205,,false
16173250110000,1172 S CUYLER AVE,41.86628471,-87.78246851,203,,false
16184260100000,1172 S EAST AVE,41.86618528,-87.78861881,205,,false
16184290100000,1172 S ELMWOOD AVE,41.86624978,-87.78496742,203,,false
16183290410000,1172 S GROVE AVE,41.86611984,-87.79482104,203,,false
16184280090000,1172 S GUNDERSON AVE,41.86622665,-87.78619116,203,,false
16173270120000,1172 S HARVEY AVE,41.86628437,-87.78005164,205,,false
16173260110000,1172 S HIGHLAND AVE,41.8662866,-87.7812703,202,,false
16173310080000,1172 S HUMPHREY AVE,41.86636789,-87.7751318,205,,false
16183280090000,1172 S KENILWORTH AVE,41.86604804,-87.7961407,205,,false
16173280110000,1172 S LOMBARD AVE,41.86632329,-87.77881158,203,,false
16183230090000,1172 S MAPLE AVE,41.86596627,-87.80306051,202,,false
16173240120000,1172 S RIDGELAND AVE,41.86626979,-87.78372493,205,,false
16184270120000,1172 S SCOVILLE AVE,41.86619816,-87.78739583,205,,false
16173290090000,1172 S TAYLOR AVE,41.86634528,-87.77757776,202,,false
16183250080000,1172 WENONAH AVE,41.8660126,-87.80013005,203,,false
16184240260000,1173 CLARENCE AVE,41.86613944,-87.79036541,203,,false
16183250210000,1173 HOME AVE,41.86602417,-87.79928698,205,,false
16173240280000,1173 S CUYLER AVE,41.86628425,-87.78300148,205,,false
16184250400000,1173 S EAST AVE,41.86615068,-87.78915378,203,,false
16184280240000,1173 S ELMWOOD AVE,41.86622591,-87.78548263,205,,false
16184220200000,1173 S EUCLID AVE,41.86615342,-87.79281349,203,,false
16184270290000,1173 S GUNDERSON AVE,41.86620793,-87.78668402,205,,false
16173260280000,1173 S HARVEY AVE,41.86629113,-87.78056876,205,,false
16173250290000,1173 S HIGHLAND AVE,41.86626296,-87.78177778,206,,false
16173300240000,1173 S HUMPHREY AVE,41.86634696,-87.7756951,203,,false
16173290250000,1173 S LYMAN AVE,41.86634452,-87.77686196,205,,false
16183290230000,1173 S OAK PARK AVE,41.86610537,-87.79408896,203,,false
16184290250000,1173 S RIDGELAND AVE,41.86626198,-87.78424183,203,,false
16184260280000,1173 S SCOVILLE AVE,41.86614904,-87.78793105,205,,false
16173280260000,1173 S TAYLOR AVE,41.86630925,-87.77814289,203,,false
16184250120000,1174 CLARENCE AVE,41.86607776,-87.7898262,203,,false
16183260100000,1174 HOME AVE,41.86591648,-87.79869395,203,,false
16183270100000,1174 S CLINTON AVE,41.86597202,-87.79744915,206,,false
16173250120000,1174 S CUYLER AVE,41.86619255,-87.7824693,203,,false
16184260110000,1174 S EAST AVE,41.86610111,-87.78863715,205,,false
16184290110000,1174 S ELMWOOD AVE,41.86616812,-87.78496106,203,,false
16183290420000,1174 S GROVE AVE,41.86603284,-87.7947971,203,,false
16184280100000,1174 S GUNDERSON AVE,41.86613182,-87.7861814,204,,false
16173270130000,1174 S HARVEY AVE,41.86621853,-87.78004869,205,,false
16173260120000,1174 S HIGHLAND AVE,41.86621025,-87.78127095,203,,false
16173310340000,1174 S HUMPHREY AVE,41.86627071,-87.77514464,295,,false
16173280120000,1174 S LOMBARD AVE,41.86625309,-87.7788158,203,,false
16173300100000,1174 S LYMAN AVE,41.86626637,-87.77633929,204,,false
16183230400000,1174 S MAPLE AVE,41.86585903,-87.80308055,203,,false
16173240130000,1174 S RIDGELAND AVE,41.86619865,-87.78371496,205,,false
16184270130000,1174 S SCOVILLE AVE,41.86613232,-87.78739287,203,,false
16173290100000,1174 S TAYLOR AVE,41.86626697,-87.77757844,202,,false
16184240120000,1174 S WESLEY AVE,41.86606294,-87.79109434,205,,false
16183250090000,1174 WENONAH AVE,41.86591958,-87.80013082,205,,false
16183250220000,1175 HOME AVE,41.86592533,-87.7993149,203,,false
16183260230000,1175 S CLINTON AVE,41.86599968,-87.79794764,205,,false
16173240390000,1175 S CUYLER AVE,41.86618797,-87.78302983,203,,false
16184280250000,1175 S ELMWOOD AVE,41.86613902,-87.78548337,205,,false
16184220210000,1175 S EUCLID AVE,41.86606127,-87.79281426,205,,false
16183280250000,1175 S GROVE AVE,41.86603364,-87.79536883,203,,false
16173260290000,1175 S HARVEY AVE,41.86621999,-87.7805588,205,,false
16183270240000,1175 S KENILWORTH AVE,41.86597449,-87.79668804,203,,false
16184290260000,1175 S RIDGELAND AVE,41.86618299,-87.7842425,203,,false
16183240250000,1175 WENONAH AVE,41.86593036,-87.80071394,205,,false
16183230210000,1175 WISCONSIN AVE,41.86589026,-87.80209841,205,,false
16173250130000,1176 S CUYLER AVE,41.86612673,-87.78246986,202,,false
16184260120000,1176 S EAST AVE,41.86604845,-87.7886376,205,,false
16184290120000,1176 S ELMWOOD AVE,41.86608122,-87.78495828,203,,false
16183290110000,1176 S GROVE AVE,41.86593971,-87.79483028,203,,false
16184280110000,1176 S GUNDERSON AVE,41.86604753,-87.78617507,203,,false
16173270140000,1176 S HARVEY AVE,41.86615798,-87.78004921,202,,false
16173310350000,1176 S HUMPHREY AVE,41.86622387,-87.77513944,295,,false
16183280100000,1176 S KENILWORTH AVE,41.86594701,-87.79614792,205,,false
16173280130000,1176 S LOMBARD AVE,41.86619086,-87.77879103,203,,false
16183230410000,1176 S MAPLE AVE,41.86578756,-87.80310514,205,,false
16173240140000,1176 S RIDGELAND AVE,41.86613017,-87.78371202,205,,false
16184270140000,1176 S SCOVILLE AVE,41.86605851,-87.78737587,202,,false
16173290110000,1176 S TAYLOR AVE,41.86619408,-87.77758268,205,,false
16184240130000,1176 S WESLEY AVE,41.8659918,-87.79108436,205,,false
16183250100000,1176 WENONAH AVE,41.86582656,-87.8001316,205,,false
16184240270000,1177 CLARENCE AVE,41.86603151,-87.79036985,203,,false
16183250230000,1177 HOME AVE,41.86582871,-87.79931091,205,,false
16184280260000,1177 S ELMWOOD AVE,41.86603889,-87.7854666,205,,false
16184220220000,1177 S EUCLID AVE,41.86597438,-87.79281499,205,,false
16183280260000,1177 S GROVE AVE,41.86593361,-87.79537319,203,,false
16184270310000,1177 S GUNDERSON AVE,41.86607101,-87.78668166,205,,false
16173260300000,1177 S HARVEY AVE,41.86614898,-87.78057704,203,,false
16173250300000,1177 S HIGHLAND AVE,41.86615763,-87.78177516,203,,false
16173300250000,1177 S HUMPHREY AVE,41.86624687,-87.77565981,206,,false
16183270250000,1177 S KENILWORTH AVE,41.8658849,-87.7966747,203,,false
16173270410000,1177 S LOMBARD AVE,41.86617502,-87.77940707,203,,false
16173290260000,1177 S LYMAN AVE,41.86624187,-87.77685562,203,,false
16183290240000,1177 S OAK PARK AVE,41.86600266,-87.79408277,205,,false
16184290270000,1177 S RIDGELAND AVE,41.86609874,-87.78424322,203,,false
16184260290000,1177 S SCOVILLE AVE,41.86607265,-87.78792465,203,,false
16173280270000,1177 S TAYLOR AVE,41.86620664,-87.77814378,203,,false
16183240260000,1177 WENONAH AVE,41.8658445,-87.80071465,205,,false
16184250130000,1178 CLARENCE AVE,41.86597771,-87.78982704,203,,false
16183260110000,1178 HOME AVE,41.86580578,-87.79873798,203,,false
16183270110000,1178 S CLINTON AVE,41.86585882,-87.79745362,203,,false
16184260130000,1178 S EAST AVE,41.86597736,-87.7886382,205,,false
16184290130000,1178 S ELMWOOD AVE,41.86600225,-87.78496248,203,,false
16183290120000,1178 S GROVE AVE,41.86583547,-87.7948199,203,,false
16173270150000,1178 S HARVEY AVE,41.86608162,-87.78004987,202,,false
16173260130000,1178 S HIGHLAND AVE,41.86610754,-87.78126831,203,,false
16173310360000,1178 S HUMPHREY AVE,41.86617214,-87.77514146,295,,false
16183280110000,1178 S KENILWORTH AVE,41.86583482,-87.79615306,203,,false
16173280140000,1178 S LOMBARD AVE,41.86610995,-87.77881342,205,,false
16173300110000,1178 S LYMAN AVE,41.86614478,-87.77632589,203,,false
16173240150000,1178 S RIDGELAND AVE,41.86606438,-87.78371963,202,,false
16184270150000,1178 S SCOVILLE AVE,41.8659928,-87.7874011,203,,false
16173290120000,1178 S TAYLOR AVE,41.86612117,-87.77758331,202,,false
16184240140000,1178 S WESLEY AVE,41.86591528,-87.79104976,204,,false
16183250110000,1178 WENONAH AVE,41.86574423,-87.8001227,205,,false
16184240280000,1179 CLARENCE AVE,41.86593921,-87.7903389,205,,false
16183250240000,1179 HOME AVE,41.8657465,-87.79932753,204,,false
16183260240000,1179 S CLINTON AVE,41.86587346,-87.79798395,203,,false
16173240310000,1179 S CUYLER AVE,41.86607369,-87.78301738,205,,false
16184250280000,1179 S EAST AVE,41.86596375,-87.78915537,205,,false
16184220230000,1179 S EUCLID AVE,41.86590065,-87.79281209,205,,false
16184270320000,1179 S GUNDERSON AVE,41.86600515,-87.78667517,205,,false
16173260310000,1179 S HARVEY AVE,41.86608042,-87.78055647,205,,false
16173290270000,1179 S LYMAN AVE,41.86615011,-87.77686726,205,,false
16183290250000,1179 S OAK PARK AVE,41.86591837,-87.79407643,203,,false
16184290280000,1179 S RIDGELAND AVE,41.86601975,-87.7842439,206,,false
16184260300000,1179 S SCOVILLE AVE,41.86597512,-87.7879008,205,,false
16173280280000,1179 S TAYLOR AVE,41.86612827,-87.77813362,203,,false
16183240270000,1179 WENONAH AVE,41.86575505,-87.80071539,205,,false
16183230220000,1179 WISCONSIN AVE,41.86576144,-87.80209468,203,,false
16053120170000,118 AUGUSTA ST,41.89848622,-87.77862507,205,,false
16051040250000,118 LE MOYNE PKWY,41.90768432,-87.77907845,203,,false
16083010040000,118 S CUYLER AVE,41.8863084,-87.78262022,205,Ridgeland - Oak Park,false
16074050110000,118 S ELMWOOD AVE,41.88618354,-87.78596565,205,Ridgeland - Oak Park,false
16074040100000,118 S SCOVILLE AVE,41.88613214,-87.78751173,206,Ridgeland - Oak Park,false
16083040060000,118 S TAYLOR AVE,41.88635258,-87.77775645,205,Ridgeland - Oak Park,false
16074020140000,118 S WESLEY AVE,41.88610015,-87.79074892,206,Ridgeland - Oak Park,false
16184250140000,1180 CLARENCE AVE,41.86588813,-87.7898137,203,,false
16183270120000,1180 S CLINTON AVE,41.86577982,-87.79745075,204,,false
16173250450000,1180 S CUYLER AVE,41.86596347,-87.78246774,204,,false
16184260140000,1180 S EAST AVE,41.86590363,-87.78863531,205,,false
16184290140000,1180 S ELMWOOD AVE,41.86592063,-87.78496318,203,,false
16184280120000,1180 S GUNDERSON AVE,41.86596327,-87.78617579,203,,false
16173270160000,1180 S HARVEY AVE,41.86601053,-87.78005048,203,,false
16173260140000,1180 S HIGHLAND AVE,41.86601011,-87.78126563,202,,false
16173280150000,1180 S LOMBARD AVE,41.8660126,-87.77878534,202,,false
16173300120000,1180 S LYMAN AVE,41.86607187,-87.77632652,202,,false
16183230420000,1180 S MAPLE AVE,41.86568714,-87.80304852,205,,false
16173240160000,1180 S RIDGELAND AVE,41.86600118,-87.78371665,202,,false
16184270160000,1180 S SCOVILLE AVE,41.86593226,-87.78740514,205,,false
16173290130000,1180 S TAYLOR AVE,41.86605636,-87.77758387,202,,false
16184240290000,1181 CLARENCE AVE,41.86586022,-87.79033957,205,,false
16183260250000,1181 S CLINTON AVE,41.86576278,-87.79796372,205,,false
16173240320000,1181 S CUYLER AVE,41.86600261,-87.78302152,205,,false
16184250290000,1181 S EAST AVE,41.86589258,-87.78913835,205,,false
16184280270000,1181 S ELMWOOD AVE,41.86593884,-87.78546745,205,,false
16184220240000,1181 S EUCLID AVE,41.86581376,-87.79281282,205,,false
16183280270000,1181 S GROVE AVE,41.86583087,-87.79536348,203,,false
16184270330000,1181 S GUNDERSON AVE,41.86594458,-87.78667216,202,,false
16173260320000,1181 S HARVEY AVE,41.86602248,-87.78055345,203,,false
16173250310000,1181 S HIGHLAND AVE,41.86603408,-87.78181852,205,,false
16173300270000,1181 S HUMPHREY AVE,41.86604969,-87.77565068,205,,false
16183270260000,1181 S KENILWORTH AVE,41.86579012,-87.79667549,203,,false
16173270320000,1181 S LOMBARD AVE,41.86602999,-87.77939254,202,,false
16173290280000,1181 S LYMAN AVE,41.86605557,-87.77686447,203,,false
16183290260000,1181 S OAK PARK AVE,41.86582628,-87.7940913,278,,false
16184290290000,1181 S RIDGELAND AVE,41.86593025,-87.78424819,206,,false
16184260310000,1181 S SCOVILLE AVE,41.86591194,-87.78790486,202,,false
16183260120000,1182 HOME AVE,41.86571253,-87.79869086,203,,false
16183270130000,1182 S CLINTON AVE,41.8656851,-87.79746564,205,,false
16173250170000,1182 S CUYLER AVE,41.86585284,-87.78245811,205,,false
16184260150000,1182 S EAST AVE,41.86583254,-87.78863591,205,,false
16183290130000,1182 S GROVE AVE,41.86574607,-87.79484533,205,,false
16184280130000,1182 S GUNDERSON AVE,41.86588692,-87.78617644,203,,false
16173260150000,1182 S HIGHLAND AVE,41.86594165,-87.78126621,202,,false
16183280120000,1182 S KENILWORTH AVE,41.86571889,-87.79613641,205,,false
16173300130000,1182 S LYMAN AVE,41.86600983,-87.77634152,205,,false
16183230120000,1182 S MAPLE AVE,41.86561201,-87.80304914,205,,false
16173240170000,1182 S RIDGELAND AVE,41.86592221,-87.78372085,205,,false
16184270170000,1182 S SCOVILLE AVE,41.86585591,-87.78740579,205,,false
16173290140000,1182 S TAYLOR AVE,41.86599156,-87.77758805,202,,false
16184240150000,1182 S WESLEY AVE,41.86577575,-87.79105446,203,,false
16183250120000,1182 WENONAH AVE,41.86565479,-87.80012344,205,,false
16183240160000,1182 WISCONSIN AVE,41.86560757,-87.80145926,205,,false
16184240300000,1183 CLARENCE AVE,41.86579966,-87.79034008,205,,false
16183250250000,1183 HOME AVE,41.86566399,-87.79928042,205,,false
16183260260000,1183 S CLINTON AVE,41.8656917,-87.79796784,205,,false
16173240330000,1183 S CUYLER AVE,41.86589911,-87.78303515,203,,false
16184250300000,1183 S EAST AVE,41.86582675,-87.78913891,203,,false
16184280280000,1183 S ELMWOOD AVE,41.86583875,-87.78546126,205,,false
16183280280000,1183 S GROVE AVE,41.86571764,-87.7953609,203,,false
16184270340000,1183 S GUNDERSON AVE,41.86587615,-87.78667979,202,,false
16173260330000,1183 S HARVEY AVE,41.86594353,-87.78056118,202,,false
16173250320000,1183 S HIGHLAND AVE,41.86592875,-87.7818159,203,,false
16183270270000,1183 S KENILWORTH AVE,41.86569798,-87.79667978,203,,false
16173270330000,1183 S LOMBARD AVE,41.86597328,-87.77939303,202,,false
16184260320000,1183 S SCOVILLE AVE,41.86584082,-87.78789842,202,,false
16173280290000,1183 S TAYLOR AVE,41.86603374,-87.77813082,202,,false
16183240280000,1183 WENONAH AVE,41.86565493,-87.80072579,205,,false
16183230240000,1183 WISCONSIN AVE,41.86560407,-87.80210562,206,,false
16184250150000,1184 CLARENCE AVE,41.86575396,-87.78983951,205,,false
16183260130000,1184 HOME AVE,41.86560529,-87.79871091,205,,false
16183270140000,1184 S CLINTON AVE,41.86558482,-87.79741713,203,,false
16184260160000,1184 S EAST AVE,41.865764,-87.78861886,205,,false
16184290150000,1184 S ELMWOOD AVE,41.86584694,-87.78497086,203,,false
16184280140000,1184 S GUNDERSON AVE,41.86582106,-87.78616995,203,,false
16173270170000,1184 S HARVEY AVE,41.86593946,-87.78005462,203,,false
16173260160000,1184 S HIGHLAND AVE,41.8658706,-87.78127387,203,,false
16183280130000,1184 S KENILWORTH AVE,41.86567305,-87.79618626,203,,false
16173280160000,1184 S LOMBARD AVE,41.86592899,-87.77880776,205,,false
16173300140000,1184 S LYMAN AVE,41.86593959,-87.7763349,203,,false
16183230130000,1184 S MAPLE AVE,41.86552972,-87.80304982,205,,false
16173240180000,1184 S RIDGELAND AVE,41.8658485,-87.78372501,205,,false
16184270180000,1184 S SCOVILLE AVE,41.86579012,-87.7874134,205,,false
16173290150000,1184 S TAYLOR AVE,41.8659213,-87.77757782,205,,false
16183240170000,1184 WISCONSIN AVE,41.86553244,-87.80145988,205,,false
16184240310000,1185 CLARENCE AVE,41.86573131,-87.79036181,203,,false
16183260270000,1185 S CLINTON AVE,41.86561268,-87.79796145,205,,false
16184250310000,1185 S EAST AVE,41.8657504,-87.78913955,205,,false
16184220250000,1185 S EUCLID AVE,41.86574017,-87.79284164,204,,false
16184270350000,1185 S GUNDERSON AVE,41.8657998,-87.78668044,205,,false
16173260340000,1185 S HARVEY AVE,41.86588297,-87.7805617,203,,false
16173250330000,1185 S HIGHLAND AVE,41.8658627,-87.78177064,202,,false
16173300280000,1185 S HUMPHREY AVE,41.86595505,-87.7756262,202,,false
16183270280000,1185 S KENILWORTH AVE,41.86560315,-87.79667,202,,false
16173270340000,1185 S LOMBARD AVE,41.8658976,-87.77937922,205,,false
16173290290000,1185 S LYMAN AVE,41.86594491,-87.77687627,203,,false
16184290300000,1185 S RIDGELAND AVE,41.86584864,-87.78425242,203,,false
16184260330000,1185 S SCOVILLE AVE,41.86577232,-87.78788843,205,,false
16173280300000,1185 S TAYLOR AVE,41.86595262,-87.77810983,203,,false
16183290140000,1186 S GROVE AVE,41.86568286,-87.79484233,205,,false
16173270180000,1186 S HARVEY AVE,41.86588679,-87.78005155,202,,false
16183280140000,1186 S KENILWORTH AVE,41.86558197,-87.79613756,205,,false
16183250260000,1187 HOME AVE,41.86558195,-87.79933369,204,,false
16183280290000,1187 S GROVE AVE,41.86562017,-87.79535114,203,,false
16173250470000,1187 S HIGHLAND AVE,41.86572577,-87.78164846,202,,false
16183260140000,1188 HOME AVE,41.8655507,-87.79870631,205,,false
16183270150000,1188 S CLINTON AVE,41.8654902,-87.79745317,205,,false
16183270290000,1189 S KENILWORTH AVE,41.86552151,-87.79666716,203,,false
16051110020000,119 LE MOYNE PKWY,41.90717454,-87.77914924,205,,false
16071280200000,119 N KENILWORTH AVE,41.88796326,-87.79738915,210,Ridgeland - Oak Park,false
16083000200000,119 S CUYLER AVE,41.88630652,-87.78338796,205,Ridgeland - Oak Park,false
16074000150000,119 S EUCLID AVE,41.88607144,-87.79315447,206,Ridgeland - Oak Park,false
16083040190000,119 S HUMPHREY AVE,41.88628653,-87.77683683,205,Ridgeland - Oak Park,false
16074050210000,119 S RIDGELAND AVE,41.88606473,-87.78500619,206,Ridgeland - Oak Park,false
16083030210000,119 S TAYLOR AVE,41.88623874,-87.77846391,205,Ridgeland - Oak Park,false
16184250560000,1192 CLARENCE AVE,41.86547673,-87.7896295,295,,false
16183280460000,1193 S GROVE AVE,41.86539506,-87.79544899,295,,false
16051270470000,12 DIVISION ST,41.90211468,-87.77572824,295,,false
16071150350000,12 ELIZABETH CT,41.89161826,-87.798387,203,Frank Lloyd Wright,false
16051060280000,12 LE MOYNE PKWY,41.90772818,-87.7763511,203,,false
16053120160000,120 AUGUSTA ST,41.89846387,-87.77872577,203,,false
16083030140000,120 PLEASANT ST,41.88551044,-87.77904163,205,Ridgeland - Oak Park,false
16083090070000,120 RANDOLPH ST,41.88418123,-87.77914822,203,Ridgeland - Oak Park,false
16083010050000,120 S CUYLER AVE,41.88622289,-87.78260657,205,Ridgeland - Oak Park,false
16074010130000,120 S EUCLID AVE,41.88607251,-87.79243986,206,Ridgeland - Oak Park,false
16083020070000,120 S HARVEY AVE,41.88625219,-87.78103967,205,Ridgeland - Oak Park,false
16083030060000,120 S LOMBARD AVE,41.88624236,-87.77940135,205,Ridgeland - Oak Park,false
16083000130000,120 S RIDGELAND AVE,41.88606346,-87.78431407,206,Ridgeland - Oak Park,false
16083150270000,120 W WASHINGTON BLVD,41.88232337,-87.7790221,206,Ridgeland - Oak Park,false
16061020220000,1200 BELLEFORTE AVE,41.90727114,-87.80232288,206,,false
16062030190000,1200 COLUMBIAN AVE,41.9073926,-87.79100765,206,,false
16051000230000,1200 EDMER AVE,41.90747208,-87.78434785,206,,false
16062050210000,1200 FAIR OAKS AVE,41.90742897,-87.78834624,206,,false
16061030230000,1200 FOREST AVE,41.90728131,-87.80082728,206,,false
16062040220000,1200 N EAST AVE,41.90740251,-87.78977782,205,,false
16062060220000,1200 N ELMWOOD AVE,41.90744826,-87.78695472,204,,false
16062010210000,1200 N EUCLID AVE,41.90738368,-87.79350033,206,,false
16061060180000,1200 N GROVE AVE,41.90732966,-87.7961414,205,,false
16061050310000,1200 N KENILWORTH AVE,41.90730863,-87.79761059,206,,false
16062020330000,1200 N LINDEN AVE,41.90740477,-87.79221334,204,,false
16061010230000,1200 N MARION ST,41.90722615,-87.80378592,206,,false
16062000210000,1200 N OAK PARK AVE,41.90735186,-87.79473753,206,,false
16051010180000,1200 N RIDGELAND AVE,41.9074916,-87.78301339,205,,false
16062070220000,1200 ROSSELL AVE,41.90746148,-87.7856488,206,,false
16061010320000,1201 BELLEFORTE AVE,41.90724724,-87.80294507,206,,false
16062020280000,1201 COLUMBIAN AVE,41.90739456,-87.79168479,206,,false
16062070330000,1201 EDMER AVE,41.90746509,-87.7850486,204,,false
16062040310000,1201 FAIR OAKS AVE,41.90741009,-87.78906881,204,,false
16061020310000,1201 FOREST AVE,41.90726817,-87.80153069,206,,false
16062030280000,1201 N EAST AVE,41.90739667,-87.79049668,206,,false
16062050320000,1201 N ELMWOOD AVE,41.90741918,-87.78765094,204,,false
16062000320000,1201 N EUCLID AVE,41.90737637,-87.7941441,206,,false
16061050370000,1201 N GROVE AVE,41.90734628,-87.79692388,204,,false
16051010290000,1201 N HARVEY AVE,41.90748212,-87.78238738,205,,false
16061040280000,1201 N KENILWORTH AVE,41.90739932,-87.79851879,206,,false
16062010320000,1201 N LINDEN AVE,41.90735993,-87.79287625,206,,false
16061000350000,1201 N MARION ST,41.90722257,-87.80458523,203,,false
16061060270000,1201 N OAK PARK AVE,41.90735091,-87.79535832,206,,false
16051000340000,1201 N RIDGELAND AVE,41.90747522,-87.78365185,206,,false
16062060330000,1201 ROSSELL AVE,41.90744243,-87.78628,206,,false
16061030420000,1201 WOODBINE AVE,41.90730479,-87.7999686,208,,false
16061040200000,1202 WOODBINE AVE,41.9073346,-87.79909454,204,,false
16062030180000,1204 COLUMBIAN AVE,41.90750978,-87.79107655,205,,false
16051000220000,1204 EDMER AVE,41.90758896,-87.78435507,205,,false
16062050200000,1204 FAIR OAKS AVE,41.9075461,-87.78840633,206,,false
16062040210000,1204 N EAST AVE,41.90755611,-87.78986223,206,,false
16062060210000,1204 N ELMWOOD AVE,41.90755211,-87.78694502,204,,false
16061060170000,1204 N GROVE AVE,41.90746626,-87.79615728,206,,false
16062020320000,1204 N LINDEN AVE,41.90752817,-87.79222933,204,,false
16062000200000,1204 N OAK PARK AVE,41.90746214,-87.79471898,206,,false
16051010170000,1204 N RIDGELAND AVE,41.90758249,-87.7830038,204,,false
16062070210000,1204 ROSSELL AVE,41.90757188,-87.78565666,206,,false
16062020270000,1205 COLUMBIAN AVE,41.90751145,-87.79169202,206,,false
16062070320000,1205 EDMER AVE,41.9075821,-87.78508225,204,,false
16062040300000,1205 FAIR OAKS AVE,41.9075401,-87.7890589,204,,false
16061020300000,1205 FOREST AVE,41.90740228,-87.80146371,205,,false
16062030270000,1205 N EAST AVE,41.90751982,-87.7904604,205,,false
16062050310000,1205 N ELMWOOD AVE,41.90754898,-87.78764983,204,,false
16062000310000,1205 N EUCLID AVE,41.90748005,-87.79409976,205,,false
16051010280000,1205 N HARVEY AVE,41.9076054,-87.78237751,203,,false
16062010310000,1205 N LINDEN AVE,41.90749628,-87.79289213,204,,false
16061000340000,1205 N MARION ST,41.90734137,-87.80444457,206,,false
16061060260000,1205 N OAK PARK AVE,41.90747419,-87.79534848,205,,false
16051000360000,1205 N RIDGELAND AVE,41.9075988,-87.78370306,206,,false
16062060320000,1205 ROSSELL AVE,41.90756563,-87.7862531,202,,false
16061020210000,1206 BELLEFORTE AVE,41.907391,-87.80232858,206,,false
16051000210000,1206 EDMER AVE,41.90769272,-87.78432834,204,,false
16061030220000,1206 FOREST AVE,41.90739114,-87.80082303,206,,false
16062060200000,1206 N ELMWOOD AVE,41.90765596,-87.78693591,204,,false
16062010200000,1206 N EUCLID AVE,41.907507,-87.7934993,203,,false
16061050300000,1206 N KENILWORTH AVE,41.90742445,-87.79768653,206,,false
16061010220000,1206 N MARION ST,41.90735379,-87.80385509,205,,false
16051010160000,1206 N RIDGELAND AVE,41.90770585,-87.78301155,204,,false
16061010310000,1207 BELLEFORTE AVE,41.90738443,-87.80292052,206,,false
16062070310000,1207 EDMER AVE,41.90768586,-87.78505552,204,,false
16062050300000,1207 N ELMWOOD AVE,41.90765271,-87.7876143,205,,false
16051010270000,1207 N HARVEY AVE,41.90771572,-87.78236776,204,,false
16062060310000,1207 ROSSELL AVE,41.90768264,-87.78628676,205,,false
16062030170000,1208 COLUMBIAN AVE,41.90765228,-87.79102308,204,,false
16062040200000,1208 N EAST AVE,41.90769214,-87.78980881,206,,false
16062020310000,1208 N LINDEN AVE,41.90766449,-87.79223699,203,,false
16062070200000,1208 ROSSELL AVE,41.90768225,-87.78565572,203,,false
16062020260000,1209 COLUMBIAN AVE,41.90764505,-87.79167865,206,,false
16062040290000,1209 FAIR OAKS AVE,41.90767654,-87.78909239,203,,false
16062030260000,1209 N EAST AVE,41.90765007,-87.79055503,204,,false
16062000300000,1209 N EUCLID AVE,41.90760981,-87.79408986,206,,false
16061050360000,1209 N GROVE AVE,41.90755455,-87.79692359,204,,false
16062010300000,1209 N LINDEN AVE,41.90761313,-87.79289114,204,,false
16061000330000,1209 N MARION ST,41.90745784,-87.80448503,206,,false
16061060250000,1209 N OAK PARK AVE,41.90760432,-87.79541728,204,,false
16061030300000,1209 WOODBINE AVE,41.90755455,-87.79991826,206,,false
16051110010000,121 LE MOYNE PKWY,41.90716213,-87.77926211,203,,false
16071280190000,121 N KENILWORTH AVE,41.88803812,-87.79739333,210,Ridgeland - Oak Park,false
16074020220000,121 S EAST AVE,41.88610063,-87.78991423,206,Ridgeland - Oak Park,false
16074040210000,121 S ELMWOOD AVE,41.88614574,-87.78657871,206,Ridgeland - Oak Park,false
16083010220000,121 S HARVEY AVE,41.88609654,-87.78177261,208,Ridgeland - Oak Park,false
16083040200000,121 S HUMPHREY AVE,41.88620452,-87.77684633,205,Ridgeland - Oak Park,false
16073000070000,121 S MAPLE AVE,41.8858833,-87.80437133,206,Ridgeland - Oak Park,false
16074050220000,121 S RIDGELAND AVE,41.8859756,-87.78498927,205,Ridgeland - Oak Park,false
16074010200000,121 S WESLEY AVE,41.88606824,-87.79153424,206,Ridgeland - Oak Park,false
16072250530000,121 WRIGHT LN,41.88796212,-87.79015741,295,,false
16061020200000,1210 BELLEFORTE AVE,41.90752179,-87.80239061,205,,false
16051000200000,1210 EDMER AVE,41.90780313,-87.78433621,204,,false
16062050190000,1210 FAIR OAKS AVE,41.90768253,-87.78840696,206,,false
16061030210000,1210 FOREST AVE,41.90753597,-87.80083185,206,,false
16062060190000,1210 N ELMWOOD AVE,41.90776612,-87.7869432,206,,false
16062010190000,1210 N EUCLID AVE,41.90761741,-87.79350717,205,,false
16061060160000,1210 N GROVE AVE,41.90758971,-87.79618268,204,,false
16061050200000,1210 N KENILWORTH AVE,41.90755441,-87.79772009,206,,false
16061010210000,1210 N MARION ST,41.90749849,-87.80383383,204,,false
16062000190000,1210 N OAK PARK AVE,41.90759194,-87.79471789,203,,false
16051010150000,1210 N RIDGELAND AVE,41.9078227,-87.78301054,203,,false
16062070190000,1210 ROSSELL AVE,41.90779274,-87.78568062,206,,false
16061040190000,1210 WOODBINE AVE,41.90756267,-87.7992866,205,,false
16061010300000,1211 BELLEFORTE AVE,41.90752172,-87.80291604,205,,false
16062070300000,1211 EDMER AVE,41.90778348,-87.78509815,204,,false
16061020290000,1211 FOREST AVE,41.90753239,-87.80144155,206,,false
16062050290000,1211 N ELMWOOD AVE,41.90775631,-87.78760461,206,,false
16062000290000,1211 N EUCLID AVE,41.90773322,-87.79410644,205,,false
16051010260000,1211 N HARVEY AVE,41.90783909,-87.7823755,203,,false
16061040270000,1211 N KENILWORTH AVE,41.90756404,-87.79850739,206,,false
16062010290000,1211 N LINDEN AVE,41.90773649,-87.79289891,205,,false
16051000350000,1211 N RIDGELAND AVE,41.90779997,-87.78367491,205,,false
16062060300000,1211 ROSSELL AVE,41.90778022,-87.78632058,204,,false
16062030160000,1212 COLUMBIAN AVE,41.9077952,-87.79100425,204,,false
16051000190000,1212 EDMER AVE,41.90790706,-87.78434413,204,,false
16062050180000,1212 FAIR OAKS AVE,41.90784071,-87.78837431,206,,false
16061030200000,1212 FOREST AVE,41.90767829,-87.80083401,204,,false
16051270330000,1212 N AUSTIN BLVD,41.90245115,-87.77566201,204,,false
16062040190000,1212 N EAST AVE,41.90782206,-87.78983355,206,,false
16062010180000,1212 N EUCLID AVE,41.90773425,-87.79350619,206,,false
16061060150000,1212 N GROVE AVE,41.90773242,-87.79617267,204,,false
16051020150000,1212 N HARVEY AVE,41.90796223,-87.78179182,205,,false
16051040150000,1212 N HAYES AVE,41.90798341,-87.77915456,203,,false
16051030150000,1212 N LOMBARD AVE,41.90797969,-87.7804479,204,,false
16061010200000,1212 N MARION ST,41.90760846,-87.80385968,205,,false
16062000180000,1212 N OAK PARK AVE,41.90772195,-87.79476026,206,,false
16051010140000,1212 N RIDGELAND AVE,41.90793311,-87.7830184,204,,false
16051050170000,1212 N TAYLOR AVE,41.90801987,-87.77785565,205,,false
16062070180000,1212 ROSSELL AVE,41.90790311,-87.78567967,206,,false
16061040180000,1212 WOODBINE AVE,41.9076998,-87.79924867,206,,false
16062020250000,1213 COLUMBIAN AVE,41.90775813,-87.79169875,206,,false
16062070290000,1213 EDMER AVE,41.9079002,-87.78507072,203,,false
16062040280000,1213 FAIR OAKS AVE,41.90782585,-87.78910874,204,,false
16062050280000,1213 N ELMWOOD AVE,41.90786692,-87.78765594,204,,false
16051010250000,1213 N HARVEY AVE,41.90793654,-87.78238348,204,,false
16051030230000,1213 N HAYES AVE,41.90799755,-87.77981167,205,,false
16051050250000,1213 N HUMPHREY AVE,41.90801883,-87.77722898,203,,false
16051020230000,1213 N LOMBARD AVE,41.90797202,-87.78113217,203,,false
16051000300000,1213 N RIDGELAND AVE,41.90792329,-87.78367385,205,,false
16051040230000,1213 N TAYLOR AVE,41.907993,-87.77845849,204,,false
16062060290000,1213 ROSSELL AVE,41.90789054,-87.78631083,203,,false
16061020190000,1214 BELLEFORTE AVE,41.90764423,-87.80241635,205,,false
16062060180000,1214 N ELMWOOD AVE,41.90788317,-87.78698625,205,,false
16051020140000,1214 N HARVEY AVE,41.90805947,-87.78175574,204,,false
16051040140000,1214 N HAYES AVE,41.9080807,-87.77917956,206,,false
16051060180000,1214 N HUMPHREY AVE,41.90802126,-87.77652241,203,,false
16061050190000,1214 N KENILWORTH AVE,41.90769721,-87.79772771,206,,false
16062000170000,1214 N OAK PARK AVE,41.90783231,-87.79475934,206,,false
16061010290000,1215 BELLEFORTE AVE,41.90765412,-87.80293501,206,,false
16061020280000,1215 FOREST AVE,41.90767879,-87.80148287,206,,false
16062030250000,1215 N EAST AVE,41.90779956,-87.79055377,204,,false
16062050270000,1215 N ELMWOOD AVE,41.90797729,-87.787655,204,,false
16061050270000,1215 N GROVE AVE,41.90772994,-87.79692212,206,,false
16061200250000,1215 N HARLEM AVE,41.90221597,-87.80517874,210,,false
16051030220000,1215 N HAYES AVE,41.90807756,-87.7798192,203,,false
16051050240000,1215 N HUMPHREY AVE,41.90811388,-87.77720525,203,,false
16061040260000,1215 N KENILWORTH AVE,41.90770635,-87.79850954,206,,false
16062010280000,1215 N LINDEN AVE,41.90784682,-87.79288917,205,,false
16051020220000,1215 N LOMBARD AVE,41.90805,-87.7811315,204,,false
16061000320000,1215 N MARION ST,41.90761497,-87.80447177,203,,false
16061060240000,1215 N OAK PARK AVE,41.90772076,-87.79532937,205,,false
16051040220000,1215 N TAYLOR AVE,41.90809017,-87.77845765,203,,false
16062060280000,1215 ROSSELL AVE,41.90800742,-87.78631864,205,,false
16061030290000,1215 WOODBINE AVE,41.90769444,-87.79993716,206,,false
16062030150000,1216 COLUMBIAN AVE,41.90793148,-87.79100309,204,,false
16051000180000,1216 EDMER AVE,41.90803043,-87.78435129,204,,false
16062050170000,1216 FAIR OAKS AVE,41.90796784,-87.78839393,206,,false
16061030190000,1216 FOREST AVE,41.90782074,-87.80086627,205,,false
16051270390000,1216 N AUSTIN BLVD,41.90254519,-87.77566119,203,,false
16062040180000,1216 N EAST AVE,41.90793882,-87.78981494,203,,false
16062060170000,1216 N ELMWOOD AVE,41.90799337,-87.78695007,204,,false
16062010170000,1216 N EUCLID AVE,41.9078381,-87.79349651,205,,false
16051060170000,1216 N HUMPHREY AVE,41.90811219,-87.77652162,204,,false
16061050180000,1216 N KENILWORTH AVE,41.90785312,-87.7977176,206,,false
16062020350000,1216 N LINDEN AVE,41.90784669,-87.79230534,203,,false
16051030140000,1216 N LOMBARD AVE,41.90807484,-87.78044355,203,,false
16051010130000,1216 N RIDGELAND AVE,41.90804351,-87.78302568,203,,false
16051050160000,1216 N TAYLOR AVE,41.90809993,-87.77787492,204,,false
16062070170000,1216 ROSSELL AVE,41.908007,-87.78567878,203,,false
16061040170000,1216 WOODBINE AVE,41.90783973,-87.79927426,205,,false
16062020240000,1217 COLUMBIAN AVE,41.90789453,-87.79172402,206,,false
16062070280000,1217 EDMER AVE,41.90801057,-87.78506978,204,,false
16062040270000,1217 FAIR OAKS AVE,41.90794224,-87.78901202,206,,false
16062000280000,1217 N EUCLID AVE,41.9078437,-87.79413136,205,,false
16061050260000,1217 N GROVE AVE,41.90786626,-87.79692979,204,,false
16061200280000,1217 N HARLEM AVE,41.90221867,-87.80498899,210,,false
16051010240000,1217 N HARVEY AVE,41.90806003,-87.78241707,204,,false
16061000310000,1217 N MARION ST,41.90774833,-87.80447081,206,,false
16061060230000,1217 N OAK PARK AVE,41.90786359,-87.79534521,207,,false
16051000290000,1217 N RIDGELAND AVE,41.90802731,-87.78369939,206,,false
16061030280000,1217 WOODBINE AVE,41.90782924,-87.79993604,204,,false
16061020180000,1218 BELLEFORTE AVE,41.90780399,-87.80241169,204,,false
16051270300000,1218 N AUSTIN BLVD,41.9026337,-87.77566042,204,,false
16062010160000,1218 N EUCLID AVE,41.9079356,-87.7935133,205,,false
16061060140000,1218 N GROVE AVE,41.90786865,-87.79616272,204,,false
16051020130000,1218 N HARVEY AVE,41.90814401,-87.78177263,206,,false
16051040130000,1218 N HAYES AVE,41.90817819,-87.77919634,203,,false
16051060160000,1218 N HUMPHREY AVE,41.90820944,-87.77653839,204,,false
16062020140000,1218 N LINDEN AVE,41.90795066,-87.79232149,205,,false
16051030130000,1218 N LOMBARD AVE,41.90816685,-87.78045862,204,,false
16061010190000,1218 N MARION ST,41.90778086,-87.8038917,205,,false
16062000160000,1218 N OAK PARK AVE,41.90791652,-87.79475863,205,,false
16051050150000,1218 N TAYLOR AVE,41.90820165,-87.77788873,203,,false
16062070160000,1218 ROSSELL AVE,41.90813679,-87.78567768,204,,false
16061010280000,1219 BELLEFORTE AVE,41.90779418,-87.8029907,206,,false
16062020230000,1219 COLUMBIAN AVE,41.90812182,-87.79173913,206,,false
16061020270000,1219 FOREST AVE,41.90779861,-87.80147853,206,,false
16062030240000,1219 N EAST AVE,41.90792292,-87.79056153,204,,false
16062050260000,1219 N ELMWOOD AVE,41.90809413,-87.787654,203,,false
16062000270000,1219 N EUCLID AVE,41.90794763,-87.79413929,206,,false
16051030210000,1219 N HAYES AVE,41.90817284,-87.77984187,204,,false
16051050230000,1219 N HUMPHREY AVE,41.90820057,-87.77720156,206,,false
16061040250000,1219 N KENILWORTH AVE,41.90784363,-87.79850505,206,,false
16051020210000,1219 N LOMBARD AVE,41.90816032,-87.78112173,205,,false
16051040210000,1219 N TAYLOR AVE,41.90818106,-87.77844806,206,,false
16062060270000,1219 ROSSELL AVE,41.90811111,-87.78632656,203,,false
16051040240000,122 LE MOYNE PKWY,41.90770176,-87.77928503,206,,false
16083030130000,122 PLEASANT ST,41.88551119,-87.77919547,205,Ridgeland - Oak Park,false
16083010060000,122 S CUYLER AVE,41.88611595,-87.78261228,205,Ridgeland - Oak Park,false
16074050120000,122 S ELMWOOD AVE,41.8860456,-87.78596682,206,Ridgeland - Oak Park,false
16083020080000,122 S HARVEY AVE,41.88612392,-87.78104077,205,Ridgeland - Oak Park,false
16083000140000,122 S RIDGELAND AVE,41.88593877,-87.78430914,205,Ridgeland - Oak Park,false
16074040110000,122 S SCOVILLE AVE,41.88601187,-87.78750676,206,Ridgeland - Oak Park,false
16074020150000,122 S WESLEY AVE,41.88595803,-87.79075331,206,Ridgeland - Oak Park,false
16072250630000,122 WRIGHT LN,41.88796637,-87.78984893,295,,false
16062030140000,1220 COLUMBIAN AVE,41.90807436,-87.79102831,206,,false
16051000170000,1220 EDMER AVE,41.90813427,-87.78434218,204,,false
16062050160000,1220 FAIR OAKS AVE,41.9080976,-87.78838461,204,,false
16061030180000,1220 FOREST AVE,41.90794312,-87.80087863,205,,false
16051270290000,1220 N AUSTIN BLVD,41.90273327,-87.77565956,203,,false
16062040170000,1220 N EAST AVE,41.90807518,-87.7898314,203,,false
16062060160000,1220 N ELMWOOD AVE,41.90809722,-87.78694037,204,,false
16062010150000,1220 N EUCLID AVE,41.90805252,-87.79352935,206,,false
16061060130000,1220 N GROVE AVE,41.90799238,-87.79624861,206,,false
16051020120000,1220 N HARVEY AVE,41.90824155,-87.78179764,205,,false
16051040120000,1220 N HAYES AVE,41.90827552,-87.77917787,203,,false
16051060150000,1220 N HUMPHREY AVE,41.90830694,-87.77655458,203,,false
16061050170000,1220 N KENILWORTH AVE,41.90798288,-87.7977077,206,,false
16051030120000,1220 N LOMBARD AVE,41.90824707,-87.78045793,204,,false
16062000150000,1220 N OAK PARK AVE,41.90802045,-87.79476656,205,,false
16051010120000,1220 N RIDGELAND AVE,41.9081604,-87.78303349,204,,false
16051050140000,1220 N TAYLOR AVE,41.90829033,-87.77788502,203,,false
16062070270000,1221 EDMER AVE,41.9081206,-87.78499953,205,,false
16062040260000,1221 FAIR OAKS AVE,41.9080786,-87.78902789,205,,false
16062030230000,1221 N EAST AVE,41.90807174,-87.79047334,205,,false
16061050250000,1221 N GROVE AVE,41.90800254,-87.79692865,204,,false
16061200310000,1221 N HARLEM AVE,41.9023954,-87.80518756,210,,false
16051010230000,1221 N HARVEY AVE,41.90816392,-87.78241617,204,,false
16051030200000,1221 N HAYES AVE,41.90826477,-87.77984108,204,,false
16051050220000,1221 N HUMPHREY AVE,41.90829579,-87.77721248,204,,false
16061040240000,1221 N KENILWORTH AVE,41.907981,-87.79851728,206,,false
16062010270000,1221 N LINDEN AVE,41.90795714,-87.79288002,205,,false
16051020200000,1221 N LOMBARD AVE,41.90825125,-87.78112095,203,,false
16061000300000,1221 N MARION ST,41.90788222,-87.80449967,234,,false
16061060220000,1221 N OAK PARK AVE,41.90802602,-87.79539612,204,,false
16051000280000,1221 N RIDGELAND AVE,41.90815059,-87.78368952,205,,false
16051040200000,1221 N TAYLOR AVE,41.90827864,-87.77848245,202,,false
16061020170000,1222 BELLEFORTE AVE,41.90794377,-87.80240719,206,,false
16051000160000,1222 EDMER AVE,41.9082446,-87.78433242,204,,false
16062060150000,1222 N ELMWOOD AVE,41.90820115,-87.7869483,204,,false
16051020110000,1222 N HARVEY AVE,41.9083258,-87.78180572,203,,false
16051040110000,1222 N HAYES AVE,41.90836006,-87.77919476,203,,false
16062020130000,1222 N LINDEN AVE,41.90806098,-87.79231175,205,,false
16061010180000,1222 N MARION ST,41.90790319,-87.80389068,205,,false
16051010110000,1222 N RIDGELAND AVE,41.90826421,-87.78301556,203,,false
16062070150000,1222 ROSSELL AVE,41.90822765,-87.78571214,204,,false
16061040160000,1222 WOODBINE AVE,41.907992,-87.79927299,205,,false
16062070260000,1223 EDMER AVE,41.9082308,-87.78501621,203,,false
16061020260000,1223 FOREST AVE,41.90794198,-87.80147828,206,,false
16062050250000,1223 N ELMWOOD AVE,41.90819806,-87.78766193,203,,false
16062000260000,1223 N EUCLID AVE,41.90804488,-87.79415609,205,,false
16061200340000,1223 N HARLEM AVE,41.9023981,-87.80499781,210,,false
16051010220000,1223 N HARVEY AVE,41.90826785,-87.78242409,203,,false
16051050210000,1223 N HUMPHREY AVE,41.90838664,-87.77719407,203,,false
16062010260000,1223 N LINDEN AVE,41.90804804,-87.79287044,206,,false
16062060260000,1223 ROSSELL AVE,41.90821512,-87.78635152,206,,false
16061030270000,1223 WOODBINE AVE,41.90795411,-87.79994503,206,,false
16062030130000,1224 COLUMBIAN AVE,41.90821716,-87.79103591,206,,false
16051270280000,1224 N AUSTIN BLVD,41.90283285,-87.77565869,205,,false
16062040160000,1224 N EAST AVE,41.90819867,-87.789865,205,,false
16062010140000,1224 N EUCLID AVE,41.90814976,-87.79354615,205,,false
16051060140000,1224 N HUMPHREY AVE,41.90839796,-87.77657141,203,,false
16061050160000,1224 N KENILWORTH AVE,41.90811924,-87.79772418,204,,false
16062020120000,1224 N LINDEN AVE,41.9081586,-87.79235439,206,,false
16051030110000,1224 N LOMBARD AVE,41.90834798,-87.78046058,206,,false
16062000140000,1224 N OAK PARK AVE,41.9081309,-87.79478326,205,,false
16051010100000,1224 N RIDGELAND AVE,41.90836801,-87.78299705,204,,false
16051050130000,1224 N TAYLOR AVE,41.90838774,-87.77788418,203,,false
16061010270000,1225 BELLEFORTE AVE,41.90790639,-87.80296302,206,,false
16062040250000,1225 FAIR OAKS AVE,41.90823427,-87.78901776,206,,false
16062000250000,1225 N EUCLID AVE,41.90814889,-87.79418106,205,,false
16061050240000,1225 N GROVE AVE,41.90813842,-87.79684324,204,,false
16051010210000,1225 N HARVEY AVE,41.90838465,-87.78241428,204,,false
16051030190000,1225 N HAYES AVE,41.90835975,-87.77985259,203,,false
16062010250000,1225 N LINDEN AVE,41.90814536,-87.79290427,203,,false
16051020190000,1225 N LOMBARD AVE,41.90834837,-87.7811113,203,,false
16061060210000,1225 N OAK PARK AVE,41.90815582,-87.79539503,204,,false
16051000270000,1225 N RIDGELAND AVE,41.908248,-87.78368868,206,,false
16051040190000,1225 N TAYLOR AVE,41.90840239,-87.7783838,205,,false
16061020160000,1226 BELLEFORTE AVE,41.90805862,-87.80240958,206,,false
16051000150000,1226 EDMER AVE,41.90835497,-87.78433148,204,,false
16062050150000,1226 FAIR OAKS AVE,41.90824039,-87.78839161,206,,false
16061030170000,1226 FOREST AVE,41.90808543,-87.8008808,206,,false
16062060140000,1226 N ELMWOOD AVE,41.90831799,-87.7869473,203,,false
16062010130000,1226 N EUCLID AVE,41.9082537,-87.79355409,205,,false
16061060120000,1226 N GROVE AVE,41.9081285,-87.79621281,205,,false
16051020100000,1226 N HARVEY AVE,41.90842342,-87.78184834,205,,false
16051040100000,1226 N HAYES AVE,41.90846391,-87.77918506,203,,false
16051060130000,1226 N HUMPHREY AVE,41.90849537,-87.77657056,203,,false
16051030100000,1226 N LOMBARD AVE,41.90844005,-87.78048798,204,,false
16061010170000,1226 N MARION ST,41.90803064,-87.80391973,203,,false
16062000130000,1226 N OAK PARK AVE,41.90822835,-87.79479066,205,,false
16051050120000,1226 N TAYLOR AVE,41.90847653,-87.77790396,206,,false
16062070140000,1226 ROSSELL AVE,41.90833818,-87.78574585,205,,false
16061040150000,1226 WOODBINE AVE,41.90810444,-87.79929212,206,,false
16061010260000,1227 BELLEFORTE AVE,41.90805607,-87.80293837,206,,false
16062020220000,1227 COLUMBIAN AVE,41.90824876,-87.79168587,205,,false
16062070250000,1227 EDMER AVE,41.90834121,-87.78502349,205,,false
16061020250000,1227 FOREST AVE,41.90807429,-87.80147718,203,,false
16062030220000,1227 N EAST AVE,41.90821461,-87.79049798,205,,false
16062050240000,1227 N ELMWOOD AVE,41.90830843,-87.78766099,204,,false
16051010200000,1227 N HARVEY AVE,41.90848206,-87.78241344,204,,false
16051030180000,1227 N HAYES AVE,41.90844894,-87.77985182,203,,false
16051050200000,1227 N HUMPHREY AVE,41.90848828,-87.77719025,205,,false
16061040230000,1227 N KENILWORTH AVE,41.90811582,-87.7985195,206,,false
16062010240000,1227 N LINDEN AVE,41.90826209,-87.79287745,205,,false
16051020180000,1227 N LOMBARD AVE,41.90843287,-87.78111939,203,,false
16061000290000,1227 N MARION ST,41.90803686,-87.80446829,205,,false
16051000260000,1227 N RIDGELAND AVE,41.90835836,-87.78368774,205,,false
16051040180000,1227 N TAYLOR AVE,41.90845411,-87.77849796,203,,false
16062060250000,1227 ROSSELL AVE,41.90831913,-87.78637706,204,,false
16061030260000,1227 WOODBINE AVE,41.9080938,-87.79992046,205,,false
16062030120000,1228 COLUMBIAN AVE,41.9083536,-87.79106941,206,,false
16061030160000,1228 FOREST AVE,41.90822774,-87.80088296,205,,false
16062040150000,1228 N EAST AVE,41.90834802,-87.78989017,206,,false
16051020090000,1228 N HARVEY AVE,41.90851485,-87.78184638,203,,false
16051040090000,1228 N HAYES AVE,41.90854811,-87.77918433,203,,false
16051060120000,1228 N HUMPHREY AVE,41.9085863,-87.77656977,203,,false
16062020110000,1228 N LINDEN AVE,41.90826491,-87.7923333,205,,false
16051030090000,1228 N LOMBARD AVE,41.90854104,-87.78050707,205,,false
16051010090000,1228 N RIDGELAND AVE,41.90847838,-87.7829961,203,,false
16051050110000,1228 N TAYLOR AVE,41.90856972,-87.77790609,203,,false
16062070240000,1229 EDMER AVE,41.90845174,-87.78505778,204,,false
16061020240000,1229 FOREST AVE,41.9082215,-87.80145923,203,,false
16062050230000,1229 N ELMWOOD AVE,41.9084188,-87.78766005,203,,false
16062000240000,1229 N EUCLID AVE,41.90823966,-87.79414565,203,,false
16051030170000,1229 N HAYES AVE,41.90854984,-87.77985095,204,,false
16051050190000,1229 N HUMPHREY AVE,41.90857372,-87.77718716,203,,false
16051020170000,1229 N LOMBARD AVE,41.90852381,-87.7811186,203,,false
16051040170000,1229 N TAYLOR AVE,41.90855127,-87.77849712,203,,false
16062060240000,1229 ROSSELL AVE,41.90844392,-87.78639337,203,,false
16061030250000,1229 WOODBINE AVE,41.90822899,-87.80000294,204,,false
16081210500000,123 N TAYLOR AVE,41.88836921,-87.77855868,204,Ridgeland - Oak Park,false
16083000210000,123 S CUYLER AVE,41.88620147,-87.78340085,205,Ridgeland - Oak Park,false
16074040340000,123 S ELMWOOD AVE,41.88601675,-87.7865798,205,Ridgeland - Oak Park,false
16073050180000,123 S GROVE AVE,41.88589341,-87.79607228,206,Ridgeland - Oak Park,false
16074050230000,123 S RIDGELAND AVE,41.88588204,-87.78497208,206,Ridgeland - Oak Park,false
16083030220000,123 S TAYLOR AVE,41.88612383,-87.77846051,205,Ridgeland - Oak Park,false
16072250520000,123 WRIGHT LN,41.8880078,-87.79015103,295,,false
16061020150000,1230 BELLEFORTE AVE,41.90820837,-87.80240165,205,,false
16051000140000,1230 EDMER AVE,41.90846533,-87.78433053,204,,false
16062050140000,1230 FAIR OAKS AVE,41.90838326,-87.78836062,206,,false
16062060130000,1230 N ELMWOOD AVE,41.90842848,-87.78697279,203,,false
16062010120000,1230 N EUCLID AVE,41.90835102,-87.79353565,205,,false
16061060110000,1230 N GROVE AVE,41.90825838,-87.79622934,206,,false
16051020080000,1230 N HARVEY AVE,41.90863112,-87.78182952,203,,false
16051040080000,1230 N HAYES AVE,41.90863266,-87.77920122,203,,false
16051060110000,1230 N HUMPHREY AVE,41.90868351,-87.77657773,205,,false
16061050150000,1230 N KENILWORTH AVE,41.90824904,-87.7977231,206,,false
16062020100000,1230 N LINDEN AVE,41.90835924,-87.79226577,204,,false
16051030080000,1230 N LOMBARD AVE,41.90863326,-87.78051391,205,,false
16061010160000,1230 N MARION ST,41.90817033,-87.80389516,205,,false
16062000120000,1230 N OAK PARK AVE,41.90833195,-87.79472929,234,,false
16051010080000,1230 N RIDGELAND AVE,41.90858928,-87.78310792,205,,false
16051050100000,1230 N TAYLOR AVE,41.90866134,-87.7778912,206,,false
16062070130000,1230 ROSSELL AVE,41.90844834,-87.78570144,204,,false
16061040140000,1230 WOODBINE AVE,41.90822153,-87.79924098,206,,false
16061010250000,1231 BELLEFORTE AVE,41.90819095,-87.80295398,205,,false
16062020210000,1231 COLUMBIAN AVE,41.90835806,-87.7917231,206,,false
16062070230000,1231 EDMER AVE,41.90855563,-87.78505689,203,,false
16062040240000,1231 FAIR OAKS AVE,41.90836419,-87.78904308,206,,false
16062030210000,1231 N EAST AVE,41.90834441,-87.79049688,206,,false
16062000230000,1231 N EUCLID AVE,41.90835007,-87.79415353,203,,false
16061050230000,1231 N GROVE AVE,41.90826181,-87.79685658,205,,false
16051010190000,1231 N HARVEY AVE,41.90859251,-87.78242952,204,,false
16051030160000,1231 N HAYES AVE,41.90864177,-87.77985016,205,,false
16061040220000,1231 N KENILWORTH AVE,41.90824064,-87.79851846,205,,false
16062010330000,1231 N LINDEN AVE,41.90838544,-87.79288463,205,,false
16061000280000,1231 N MARION ST,41.9081618,-87.80449402,204,,false
16061060200000,1231 N OAK PARK AVE,41.9082725,-87.79535939,205,,false
16051000250000,1231 N RIDGELAND AVE,41.90845582,-87.78374798,204,,false
16051040160000,1231 N TAYLOR AVE,41.90865516,-87.77849622,203,,false
16062010110000,1232 N EUCLID AVE,41.90845495,-87.79354358,205,,false
16062000110000,1232 N OAK PARK AVE,41.9084424,-87.7947454,205,,false
16062020200000,1233 COLUMBIAN AVE,41.90847884,-87.79170634,205,,false
16062000220000,1233 N EUCLID AVE,41.90846052,-87.79416963,203,,false
16051050180000,1233 N HUMPHREY AVE,41.90867075,-87.77716048,205,,false
16051020160000,1233 N LOMBARD AVE,41.90862138,-87.78115241,203,,false
16061030240000,1233 WOODBINE AVE,41.90837135,-87.80001513,204,,false
16061020140000,1234 BELLEFORTE AVE,41.90834574,-87.80241389,203,,false
16062030110000,1234 COLUMBIAN AVE,41.90847052,-87.79108604,206,,false
16051000130000,1234 EDMER AVE,41.9085691,-87.78435549,203,,false
16062050130000,1234 FAIR OAKS AVE,41.90849393,-87.7884247,204,,false
16061030150000,1234 FOREST AVE,41.90837242,-87.80085835,205,,false
16062040140000,1234 N EAST AVE,41.90849078,-87.78988896,203,,false
16062060120000,1234 N ELMWOOD AVE,41.90854545,-87.78699763,202,,false
16061060100000,1234 N GROVE AVE,41.9084079,-87.79623632,205,,false
16061050140000,1234 N KENILWORTH AVE,41.90837232,-87.79771326,206,,false
16062020090000,1234 N LINDEN AVE,41.90846321,-87.79228251,205,,false
16061010150000,1234 N MARION ST,41.9083277,-87.80391393,203,,false
16062070120000,1234 ROSSELL AVE,41.9085587,-87.7857005,205,,false
16061040130000,1234 WOODBINE AVE,41.9083714,-87.79925645,206,,false
16061010240000,1235 BELLEFORTE AVE,41.90830838,-87.80297307,206,,false
16062040230000,1235 FAIR OAKS AVE,41.908468,-87.78902458,205,,false
16061020230000,1235 FOREST AVE,41.9083559,-87.8015289,205,,false
16062030200000,1235 N EAST AVE,41.90846831,-87.79061799,278,,false
16062050220000,1235 N ELMWOOD AVE,41.90854187,-87.78760673,202,,false
16061050220000,1235 N GROVE AVE,41.90839809,-87.79685544,205,,false
16061040210000,1235 N KENILWORTH AVE,41.90838292,-87.79851393,203,,false
16061000270000,1235 N MARION ST,41.90831166,-87.8045095,203,,false
16061060190000,1235 N OAK PARK AVE,41.90841538,-87.79533176,205,,false
16051000240000,1235 N RIDGELAND AVE,41.90856623,-87.78375585,204,,false
16062060230000,1235 ROSSELL AVE,41.90855417,-87.78636659,204,,false
16081210270000,124 N LOMBARD AVE,41.88841672,-87.7795247,205,Ridgeland - Oak Park,false
16074010140000,124 S EUCLID AVE,41.88594908,-87.79241722,206,Ridgeland - Oak Park,false
16073060080000,124 S GROVE AVE,41.8858883,-87.79541625,205,Ridgeland - Oak Park,false
16083040080000,124 S TAYLOR AVE,41.88612936,-87.77775399,206,Ridgeland - Oak Park,false
16074020160000,124 S WESLEY AVE,41.88581566,-87.79075452,206,Ridgeland - Oak Park,false
16072250620000,124 WRIGHT LN,41.88802116,-87.78985477,295,,false
16072250260000,125 FRANCISCO TER,41.88799442,-87.79117564,295,,false
16081190360000,125 N HARVEY AVE,41.88842841,-87.78171996,205,Ridgeland - Oak Park,false
16081210490000,125 N TAYLOR AVE,41.88847119,-87.77852249,205,Ridgeland - Oak Park,false
16083000220000,125 S CUYLER AVE,41.88610902,-87.78340278,205,Ridgeland - Oak Park,false
16074020230000,125 S EAST AVE,41.88596867,-87.78993448,206,Ridgeland - Oak Park,false
16083040210000,125 S HUMPHREY AVE,41.88606664,-87.77684313,206,Ridgeland - Oak Park,false
16074050240000,125 S RIDGELAND AVE,41.88576196,-87.7849851,205,Ridgeland - Oak Park,false
16074010220000,125 S WESLEY AVE,41.88588577,-87.79152409,205,Ridgeland - Oak Park,false
16072250510000,125 WRIGHT LN,41.88805577,-87.79015062,295,,false
16053240230000,126 CHICAGO AVE,41.89486971,-87.77962849,202,,false
16072250340000,126 FRANCISCO TER,41.88800967,-87.7910256,295,,false
16081210260000,126 N LOMBARD AVE,41.88854521,-87.77951918,203,Ridgeland - Oak Park,false
16083030120000,126 PLEASANT ST,41.88553162,-87.77934913,205,Ridgeland - Oak Park,false
16073040140000,126 S CLINTON AVE,41.8858389,-87.79828597,206,Ridgeland - Oak Park,false
16083010070000,126 S CUYLER AVE,41.88603401,-87.78261299,205,Ridgeland - Oak Park,false
16074030090000,126 S EAST AVE,41.88585674,-87.7891018,205,Ridgeland - Oak Park,false
16074050130000,126 S ELMWOOD AVE,41.88592079,-87.78593821,206,Ridgeland - Oak Park,false
16074010150000,126 S EUCLID AVE,41.8857965,-87.79241851,206,Ridgeland - Oak Park,false
16083020090000,126 S HARVEY AVE,41.88599565,-87.78104188,205,Ridgeland - Oak Park,false
16083050110000,126 S HUMPHREY AVE,41.88608483,-87.77610616,206,Ridgeland - Oak Park,false
16083000150000,126 S RIDGELAND AVE,41.88579631,-87.78429237,206,Ridgeland - Oak Park,false
16074040120000,126 S SCOVILLE AVE,41.8858835,-87.78751742,206,Ridgeland - Oak Park,false
16083040090000,126 S TAYLOR AVE,41.88602761,-87.77775487,205,Ridgeland - Oak Park,false
16072250610000,126 WRIGHT LN,41.88806234,-87.78985442,295,,false
16072250250000,127 FRANCISCO TER,41.88799718,-87.79127966,295,,false
16081210480000,127 N TAYLOR AVE,41.88857132,-87.77855368,205,Ridgeland - Oak Park,false
16083000230000,127 S CUYLER AVE,41.88598619,-87.78341021,206,Ridgeland - Oak Park,false
16074020240000,127 S EAST AVE,41.88583688,-87.78989354,206,Ridgeland - Oak Park,false
16083020160000,127 S LOMBARD AVE,41.88601329,-87.78003465,206,Ridgeland - Oak Park,false
16074050250000,127 S RIDGELAND AVE,41.88565522,-87.7850097,206,Ridgeland - Oak Park,false
16083030230000,127 S TAYLOR AVE,41.88602532,-87.77845257,205,Ridgeland - Oak Park,false
16072250500000,127 WRIGHT LN,41.88808316,-87.79015039,295,,false
16072250330000,128 FRANCISCO TER,41.8880667,-87.79102512,295,,false
16081210250000,128 N LOMBARD AVE,41.88865501,-87.77953714,203,Ridgeland - Oak Park,false
16083030110000,128 PLEASANT ST,41.88551587,-87.77948553,205,Ridgeland - Oak Park,false
16083010080000,128 S CUYLER AVE,41.88593065,-87.78261387,205,Ridgeland - Oak Park,false
16083050120000,128 S HUMPHREY AVE,41.88594371,-87.77611179,206,Ridgeland - Oak Park,false
16074020170000,128 S WESLEY AVE,41.88568211,-87.79074965,206,Ridgeland - Oak Park,false
16072250600000,128 WRIGHT LN,41.88810795,-87.78985403,295,,false
16072250240000,129 FRANCISCO TER,41.88805884,-87.79127914,295,,false
16051100080000,129 LE MOYNE PKWY,41.90715767,-87.77967973,206,,false
16081190350000,129 N HARVEY AVE,41.88855541,-87.78173326,203,Ridgeland - Oak Park,false
16074040250000,129 S ELMWOOD AVE,41.88588313,-87.78658094,206,Ridgeland - Oak Park,false
16083020170000,129 S LOMBARD AVE,41.88591714,-87.78003548,205,Ridgeland - Oak Park,false
16074050260000,129 S RIDGELAND AVE,41.88555278,-87.78498689,206,Ridgeland - Oak Park,false
16074030160000,129 S SCOVILLE AVE,41.88593345,-87.78828959,205,Ridgeland - Oak Park,false
16074010230000,129 S WESLEY AVE,41.88577448,-87.79152503,205,Ridgeland - Oak Park,false
16072250490000,129 WRIGHT LN,41.88812196,-87.79015006,295,,false
16053110150000,130 AUGUSTA ST,41.89840974,-87.77956663,205,,false
16072250320000,130 FRANCISCO TER,41.88812327,-87.79103476,295,,false
16051030310000,130 LE MOYNE PKWY,41.90769424,-87.77968684,206,,false
16083170160000,130 N AUSTIN BLVD,41.88317411,-87.77513341,206,Ridgeland - Oak Park,false
16072250420000,130 PERCY JULIAN SQ,41.88817356,-87.79043716,295,,false
16074030380000,130 S EAST AVE,41.88570982,-87.78907906,206,Ridgeland - Oak Park,false
16074050140000,130 S ELMWOOD AVE,41.88576056,-87.78592758,206,Ridgeland - Oak Park,false
16074010160000,130 S EUCLID AVE,41.88566299,-87.79241963,206,Ridgeland - Oak Park,false
16083020100000,130 S HARVEY AVE,41.88586016,-87.78101906,205,Ridgeland - Oak Park,false
16073050080000,130 S KENILWORTH AVE,41.88574977,-87.79677085,206,Ridgeland - Oak Park,false
16083030090000,130 S LOMBARD AVE,41.8859009,-87.77938232,203,Ridgeland - Oak Park,false
16083000160000,130 S RIDGELAND AVE,41.88567165,-87.78429344,205,Ridgeland - Oak Park,false
16083040100000,130 S TAYLOR AVE,41.88591273,-87.77775586,205,Ridgeland - Oak Park,false
16072250590000,130 WRIGHT LN,41.88814676,-87.7898537,295,,false
16072250230000,131 FRANCISCO TER,41.88811134,-87.79127869,295,,false
16081190330000,131 N HARVEY AVE,41.88866772,-87.78173229,203,Ridgeland - Oak Park,false
16081210470000,131 N TAYLOR AVE,41.88865851,-87.77857115,205,Ridgeland - Oak Park,false
16083000240000,131 S CUYLER AVE,41.88584552,-87.7834099,205,Ridgeland - Oak Park,false
16074020250000,131 S EAST AVE,41.8857119,-87.78989916,205,Ridgeland - Oak Park,false
16074040260000,131 S ELMWOOD AVE,41.88575493,-87.78655691,206,Ridgeland - Oak Park,false
16083040220000,131 S HUMPHREY AVE,41.8859189,-87.77683562,205,Ridgeland - Oak Park,false
16074050280000,131 S RIDGELAND AVE,41.8854548,-87.78499372,206,Ridgeland - Oak Park,false
16074030170000,131 S SCOVILLE AVE,41.88582654,-87.7882788,206,Ridgeland - Oak Park,false
16083030240000,131 S TAYLOR AVE,41.88590392,-87.77846242,205,Ridgeland - Oak Park,false
16074010240000,131 S WESLEY AVE,41.88566763,-87.79152593,206,Ridgeland - Oak Park,false
16072250480000,131 WRIGHT LN,41.88815624,-87.79014977,295,,false
16072250310000,132 FRANCISCO TER,41.88817329,-87.79103609,295,,false
16072250410000,132 PERCY JULIAN SQ,41.88821309,-87.79043823,295,,false
16083010090000,132 S CUYLER AVE,41.88583808,-87.78260987,205,Ridgeland - Oak Park,false
16073060100000,132 S GROVE AVE,41.88565702,-87.79544817,205,Ridgeland - Oak Park,false
16074040130000,132 S SCOVILLE AVE,41.88574926,-87.787509,206,Ridgeland - Oak Park,false
16072250580000,132 WRIGHT LN,41.88819473,-87.7898533,295,,false
16072250220000,133 FRANCISCO TER,41.88817756,-87.79128413,295,,false
16051100070000,133 LE MOYNE PKWY,41.90717125,-87.77981,203,,false
16081220250000,133 N HUMPHREY AVE,41.88876036,-87.77695076,203,Ridgeland - Oak Park,false
16074020260000,133 S EAST AVE,41.88557093,-87.78990673,206,Ridgeland - Oak Park,false
16073050200000,133 S GROVE AVE,41.88561299,-87.79607463,205,Ridgeland - Oak Park,false
16083040230000,133 S HUMPHREY AVE,41.88577115,-87.77682811,206,Ridgeland - Oak Park,false
16083020180000,133 S LOMBARD AVE,41.8858316,-87.78003622,205,Ridgeland - Oak Park,false
16074030180000,133 S SCOVILLE AVE,41.88571142,-87.78826255,205,Ridgeland - Oak Park,false
16072250470000,133 WRIGHT LN,41.88819279,-87.79014946,295,,false
16051200240000,1338 N AUSTIN BLVD,41.90528897,-87.77581163,204,,false
16072250300000,134 FRANCISCO TER,41.8882152,-87.79103616,295,,false
16051030300000,134 LE MOYNE PKWY,41.90769765,-87.77982601,204,,false
16083170150000,134 N AUSTIN BLVD,41.88331473,-87.77513219,206,Ridgeland - Oak Park,false
16081210130000,134 N LOMBARD AVE,41.88881779,-87.77942638,205,Ridgeland - Oak Park,false
16081220120000,134 N TAYLOR AVE,41.88881805,-87.77778971,203,Ridgeland - Oak Park,false
16072250400000,134 PERCY JULIAN SQ,41.88824838,-87.79043165,295,,false
16073040160000,134 S CLINTON AVE,41.88568882,-87.79827426,203,Ridgeland - Oak Park,false
16083010100000,134 S CUYLER AVE,41.88573112,-87.78261079,205,Ridgeland - Oak Park,false
16074050150000,134 S ELMWOOD AVE,41.88563592,-87.78593464,205,Ridgeland - Oak Park,false
16083000170000,134 S RIDGELAND AVE,41.88553359,-87.78427094,206,Ridgeland - Oak Park,false
16074040140000,134 S SCOVILLE AVE,41.88559348,-87.78750463,205,Ridgeland - Oak Park,false
16083040110000,134 S TAYLOR AVE,41.88581412,-87.77772595,205,Ridgeland - Oak Park,false
16072250570000,134 WRIGHT LN,41.88822905,-87.789862,295,,false
16051200220000,1344 N AUSTIN BLVD,41.905483,-87.77578049,203,,false
16051200210000,1346 N AUSTIN BLVD,41.90557826,-87.77577966,203,,false
16072250210000,135 FRANCISCO TER,41.88822103,-87.79129006,295,,false
16051100060000,135 LE MOYNE PKWY,41.90715211,-87.77992352,203,,false
16081190320000,135 N HARVEY AVE,41.88876381,-87.78178526,204,Ridgeland - Oak Park,false
16081200240000,135 N LOMBARD AVE,41.8888517,-87.78024989,205,Ridgeland - Oak Park,false
16081210240000,135 N TAYLOR AVE,41.88882761,-87.77864259,205,Ridgeland - Oak Park,false
16083000250000,135 S CUYLER AVE,41.885712,-87.78341105,206,Ridgeland - Oak Park,false
16074040270000,135 S ELMWOOD AVE,41.88561598,-87.78655924,206,Ridgeland - Oak Park,false
16083010180000,135 S HARVEY AVE,41.88571165,-87.78176793,206,Ridgeland - Oak Park,false
16083020190000,135 S LOMBARD AVE,41.88574965,-87.78003692,203,Ridgeland - Oak Park,false
16074030190000,135 S SCOVILLE AVE,41.88559049,-87.78823883,205,Ridgeland - Oak Park,false
16083030250000,135 S TAYLOR AVE,41.88580211,-87.77845011,205,Ridgeland - Oak Park,false
16074010250000,135 S WESLEY AVE,41.88552528,-87.79153283,203,Ridgeland - Oak Park,false
16072250460000,135 WRIGHT LN,41.88822707,-87.79014917,295,,false
16072250290000,136 FRANCISCO TER,41.88828124,-87.79103362,295,,false
16072250390000,136 PERCY JULIAN SQ,41.88829079,-87.7904296,295,,false
16083010110000,136 S CUYLER AVE,41.88564833,-87.78263184,206,Ridgeland - Oak Park,false
16074010170000,136 S EUCLID AVE,41.88548033,-87.79239119,206,Ridgeland - Oak Park,false
16083050140000,136 S HUMPHREY AVE,41.88568432,-87.77609646,205,Ridgeland - Oak Park,false
16074020750000,136 S WESLEY AVE,41.88555293,-87.79073275,206,Ridgeland - Oak Park,false
16072250560000,136 WRIGHT LN,41.88828155,-87.78986155,295,,false
16072250200000,137 FRANCISCO TER,41.88829177,-87.79129246,295,,false
16081220240000,137 N HUMPHREY AVE,41.88886335,-87.77694434,205,Ridgeland - Oak Park,false
16073050210000,137 S GROVE AVE,41.88546614,-87.79606387,206,Ridgeland - Oak Park,false
16083010190000,137 S HARVEY AVE,41.88561898,-87.78176423,206,Ridgeland - Oak Park,false
16083040240000,137 S HUMPHREY AVE,41.88564971,-87.77682917,206,Ridgeland - Oak Park,false
16074030200000,137 S SCOVILLE AVE,41.88544796,-87.78822835,206,Ridgeland - Oak Park,false
16083030260000,137 S TAYLOR AVE,41.88569042,-87.7784335,205,Ridgeland - Oak Park,false
16072250450000,137 WRIGHT LN,41.88828637,-87.79014867,295,,false
16072250280000,138 FRANCISCO TER,41.88835463,-87.79104427,295,,false
16051030290000,138 LE MOYNE PKWY,41.90769554,-87.77995759,206,,false
16081200110000,138 N HARVEY AVE,41.88891008,-87.78106955,206,Ridgeland - Oak Park,false
16081210120000,138 N LOMBARD AVE,41.8889213,-87.77944371,205,Ridgeland - Oak Park,false
16081220110000,138 N TAYLOR AVE,41.88894374,-87.77780755,206,Ridgeland - Oak Park,false
16072250380000,138 PERCY JULIAN SQ,41.88833807,-87.79043576,295,,false
16074030110000,138 S EAST AVE,41.88541619,-87.78911753,206,Ridgeland - Oak Park,false
16074050160000,138 S ELMWOOD AVE,41.8855113,-87.78592371,206,Ridgeland - Oak Park,false
16073060120000,138 S GROVE AVE,41.88546098,-87.79541984,206,Ridgeland - Oak Park,false
16073050100000,138 S KENILWORTH AVE,41.88542054,-87.7967916,206,Ridgeland - Oak Park,false
16074040150000,138 S SCOVILLE AVE,41.88546433,-87.78749373,206,Ridgeland - Oak Park,false
16072250550000,138 WRIGHT LN,41.88830667,-87.78986134,295,,false
16072250180000,139 FRANCISCO TER,41.88835571,-87.79127363,295,,false
16051100050000,139 LE MOYNE PKWY,41.90713979,-87.78005401,202,,false
16081190230000,139 N HARVEY AVE,41.8889032,-87.78190435,203,Ridgeland - Oak Park,false
16081220230000,139 N HUMPHREY AVE,41.8889587,-87.77696174,203,Ridgeland - Oak Park,false
16072190200000,139 N LINDEN AVE,41.88884811,-87.79149031,205,Frank Lloyd Wright,false
16081200230000,139 N LOMBARD AVE,41.88895233,-87.78023444,205,Ridgeland - Oak Park,false
16081210230000,139 N TAYLOR AVE,41.88893643,-87.77863071,205,Ridgeland - Oak Park,false
16083000260000,139 S CUYLER AVE,41.88560058,-87.78338202,204,Ridgeland - Oak Park,false
16074040280000,139 S ELMWOOD AVE,41.88548699,-87.78656034,206,Ridgeland - Oak Park,false
16073050220000,139 S GROVE AVE,41.88534064,-87.79608611,209,Ridgeland - Oak Park,false
16072250440000,139 WRIGHT LN,41.88833434,-87.79014826,295,,false
16051270480000,14 DIVISION ST,41.90211368,-87.77579152,295,,false
16072250270000,140 FRANCISCO TER,41.88835511,-87.79114501,295,,false
16051030280000,140 LE MOYNE PKWY,41.90769619,-87.78009267,203,,false
16081190380000,140 N CUYLER AVE,41.88890454,-87.78275001,205,Ridgeland - Oak Park,false
16081210110000,140 N LOMBARD AVE,41.88903021,-87.77945006,205,Ridgeland - Oak Park,false
16072250370000,140 PERCY JULIAN SQ,41.88837224,-87.79043548,295,,false
16083010120000,140 S CUYLER AVE,41.88554853,-87.7826231,205,Ridgeland - Oak Park,false
16074010180000,140 S EUCLID AVE,41.88532001,-87.79236286,204,Ridgeland - Oak Park,false
16073060130000,140 S GROVE AVE,41.8853498,-87.79542077,206,Ridgeland - Oak Park,false
16072250540000,140 WRIGHT LN,41.88835238,-87.78986095,295,,false
16061070610000,1401 N HARLEM AVE,41.90538822,-87.80530851,210,,false
16061070640000,1403 N HARLEM AVE,41.90538832,-87.80510054,210,,false
16061070580000,1405 N HARLEM AVE,41.90552918,-87.80510462,210,,false
16061070550000,1407 N HARLEM AVE,41.90552472,-87.80531026,210,,false
16061070740000,1409 N HARLEM AVE,41.90568909,-87.8053089,210,,false
16072250190000,141 FRANCISCO TER,41.8883555,-87.79122776,295,,false
16051100040000,141 LE MOYNE PKWY,41.9071339,-87.78017564,204,,false
16074020270000,141 S EAST AVE,41.88543287,-87.78988421,206,Ridgeland - Oak Park,false
16083010200000,141 S HARVEY AVE,41.88548706,-87.78175577,206,Ridgeland - Oak Park,false
16083040250000,141 S HUMPHREY AVE,41.88550192,-87.77681287,206,Ridgeland - Oak Park,false
16074030210000,141 S SCOVILLE AVE,41.88531453,-87.78824718,206,Ridgeland - Oak Park,false
16083030270000,141 S TAYLOR AVE,41.88558211,-87.77843443,205,Ridgeland - Oak Park,false
16074010260000,141 S WESLEY AVE,41.88538281,-87.79153403,234,Ridgeland - Oak Park,false
16072250430000,141 WRIGHT LN,41.88836184,-87.79015103,295,,false
16061070770000,1411 N HARLEM AVE,41.90568996,-87.80511269,210,,false
16061070710000,1413 N HARLEM AVE,41.9058464,-87.80512514,210,,false
16061070680000,1417 N HARLEM AVE,41.90584277,-87.8053172,210,,false
16061071070000,1419 N HARLEM AVE,41.90601786,-87.80531576,210,,false
16051030270000,142 LE MOYNE PKWY,41.9076938,-87.78021602,203,,false
16081200100000,142 N HARVEY AVE,41.8890516,-87.78106468,205,Ridgeland - Oak Park,false
16081220100000,142 N TAYLOR AVE,41.88907992,-87.77782459,206,Ridgeland - Oak Park,false
16074030120000,142 S EAST AVE,41.88528693,-87.78908265,206,Ridgeland - Oak Park,false
16073050110000,142 S KENILWORTH AVE,41.88527817,-87.79679279,206,Ridgeland - Oak Park,false
16083000180000,142 S RIDGELAND AVE,41.88539109,-87.78426616,206,Ridgeland - Oak Park,false
16074040160000,142 S SCOVILLE AVE,41.88531753,-87.78749498,206,Ridgeland - Oak Park,false
16083040140000,142 S TAYLOR AVE,41.88547921,-87.77770687,205,Ridgeland - Oak Park,false
16061070860000,1421 N HARLEM AVE,41.9060227,-87.80512954,210,,false
16061071160000,1423 N HARLEM AVE,41.90613581,-87.80532436,210,,false
16061071190000,1425 N HARLEM AVE,41.90615422,-87.80513183,210,,false
16061071100000,1427 N HARLEM AVE,41.90631239,-87.80533725,210,,false
16061071130000,1429 N HARLEM AVE,41.90631421,-87.80513947,210,,false
16081180190000,143 N CUYLER AVE,41.88898514,-87.78352075,206,Ridgeland - Oak Park,false
16081190220000,143 N HARVEY AVE,41.88903926,-87.78189589,206,Ridgeland - Oak Park,false
16081220220000,143 N HUMPHREY AVE,41.88910851,-87.77698231,205,Ridgeland - Oak Park,false
16072190190000,143 N LINDEN AVE,41.88896134,-87.79148935,206,Frank Lloyd Wright,false
16081200220000,143 N LOMBARD AVE,41.88906126,-87.78024444,205,Ridgeland - Oak Park,false
16083000270000,143 S CUYLER AVE,41.88545883,-87.78339386,205,Ridgeland - Oak Park,false
16074040300000,143 S ELMWOOD AVE,41.88537111,-87.78654668,206,Ridgeland - Oak Park,false
16083010210000,143 S HARVEY AVE,41.88539096,-87.78176619,205,Ridgeland - Oak Park,false
16074010270000,143 S WESLEY AVE,41.88524478,-87.79151751,278,Ridgeland - Oak Park,false
16061070950000,1437 N HARLEM AVE,41.90653253,-87.805345,210,,false
16061070980000,1439 N HARLEM AVE,41.90653982,-87.8051475,210,,false
16081190370000,144 N CUYLER AVE,41.88910775,-87.78255507,206,Ridgeland - Oak Park,false
16081210100000,144 N LOMBARD AVE,41.88913364,-87.77944917,205,Ridgeland - Oak Park,false
16074020200000,144 S WESLEY AVE,41.88527246,-87.79072314,234,Ridgeland - Oak Park,false
16061070350000,1441 N HARLEM AVE,41.90673265,-87.80534814,210,,false
16061070380000,1443 N HARLEM AVE,41.9067357,-87.80515051,210,,false
16061070320000,1445 N HARLEM AVE,41.90687141,-87.80516964,210,,false
16061070290000,1447 N HARLEM AVE,41.90687205,-87.80535656,210,,false
16051100030000,145 LE MOYNE PKWY,41.90714744,-87.78029709,203,,false
16083000280000,145 S CUYLER AVE,41.88536923,-87.78341998,205,Ridgeland - Oak Park,false
16074020280000,145 S EAST AVE,41.8852905,-87.78988542,206,Ridgeland - Oak Park,false
16083030280000,145 S TAYLOR AVE,41.88545755,-87.77847067,206,Ridgeland - Oak Park,false
16051030260000,146 LE MOYNE PKWY,41.90769433,-87.78032702,203,,false
16083170120000,146 N AUSTIN BLVD,41.88373025,-87.77513713,206,Ridgeland - Oak Park,false
16081200090000,146 N HARVEY AVE,41.88918499,-87.78106718,206,Ridgeland - Oak Park,false
16081210090000,146 N LOMBARD AVE,41.88923981,-87.7794519,205,Ridgeland - Oak Park,false
16081180090000,146 N RIDGELAND AVE,41.88911473,-87.78433442,205,Ridgeland - Oak Park,false
16081220090000,146 N TAYLOR AVE,41.88922149,-87.77783066,205,Ridgeland - Oak Park,false
16051100020000,147 LE MOYNE PKWY,41.90714811,-87.78043628,203,,false
16081180180000,147 N CUYLER AVE,41.88915368,-87.78352314,206,Ridgeland - Oak Park,false
16072220190000,147 N ELMWOOD AVE,41.88908745,-87.78670247,205,Frank Lloyd Wright,false
16081190210000,147 N HARVEY AVE,41.88915626,-87.78188759,203,Ridgeland - Oak Park,false
16081220210000,147 N HUMPHREY AVE,41.88924191,-87.77698844,205,Ridgeland - Oak Park,false
16072190180000,147 N LINDEN AVE,41.8890654,-87.79149257,205,Frank Lloyd Wright,false
16081200210000,147 N LOMBARD AVE,41.88915652,-87.78024362,206,Ridgeland - Oak Park,false
16081210520000,147 N TAYLOR AVE,41.88921136,-87.77863198,205,Ridgeland - Oak Park,false
16081200200000,149 N LOMBARD AVE,41.88925723,-87.78024275,205,Ridgeland - Oak Park,false
16053200050000,15 AUGUSTA ST,41.89817528,-87.77613676,205,,false
16051130040000,15 LE MOYNE PKWY,41.90720587,-87.7762529,203,,false
16051030250000,150 LE MOYNE PKWY,41.90768603,-87.78046629,203,,false
16081190090000,150 N CUYLER AVE,41.88932356,-87.78271725,205,Ridgeland - Oak Park,false
16072230080000,150 N ELMWOOD AVE,41.88922063,-87.78587891,206,Frank Lloyd Wright,false
16081200080000,150 N HARVEY AVE,41.88930752,-87.78107706,206,Ridgeland - Oak Park,false
16081210080000,150 N LOMBARD AVE,41.88933513,-87.77946201,205,Ridgeland - Oak Park,false
16081180080000,150 N RIDGELAND AVE,41.88926325,-87.78433506,206,Ridgeland - Oak Park,false
16072220080000,150 N SCOVILLE AVE,41.88916,-87.7875434,205,Frank Lloyd Wright,false
16081220080000,150 N TAYLOR AVE,41.88934947,-87.77784048,206,Ridgeland - Oak Park,false
16051100010000,151 LE MOYNE PKWY,41.90715517,-87.78055838,204,,false
16081180170000,151 N CUYLER AVE,41.88928507,-87.78352201,206,Ridgeland - Oak Park,false
16072220180000,151 N ELMWOOD AVE,41.88923313,-87.78670505,206,Frank Lloyd Wright,false
16081190200000,151 N HARVEY AVE,41.88930597,-87.7818863,206,Ridgeland - Oak Park,false
16072190170000,151 N LINDEN AVE,41.88917869,-87.79150391,205,Frank Lloyd Wright,false
16081200190000,151 N LOMBARD AVE,41.88936347,-87.78026006,205,Ridgeland - Oak Park,false
16081210200000,151 N TAYLOR AVE,41.88934209,-87.77864907,206,Ridgeland - Oak Park,false
16051060240000,1516 N AUSTIN BLVD,41.90813498,-87.77587771,205,,false
16051030240000,152 LE MOYNE PKWY,41.90767471,-87.78059795,206,,false
16051060200000,1526 N AUSTIN BLVD,41.90849868,-87.77591801,204,,false
16081180160000,153 N CUYLER AVE,41.88942208,-87.78350171,206,Ridgeland - Oak Park,false
16072230070000,154 N ELMWOOD AVE,41.88936994,-87.7860383,206,Frank Lloyd Wright,false
16081200070000,154 N HARVEY AVE,41.88945731,-87.781094,206,Ridgeland - Oak Park,false
16081210070000,154 N LOMBARD AVE,41.88946044,-87.7794828,206,Ridgeland - Oak Park,false
16081180070000,154 N RIDGELAND AVE,41.88941473,-87.78435098,205,Frank Lloyd Wright,false
16081220070000,154 N TAYLOR AVE,41.88949361,-87.77781372,205,Ridgeland - Oak Park,false
16072220170000,155 N ELMWOOD AVE,41.88936452,-87.78670393,206,Frank Lloyd Wright,false
16081190190000,155 N HARVEY AVE,41.88942581,-87.7819035,205,Ridgeland - Oak Park,false
16072190160000,155 N LINDEN ST,41.88927969,-87.79150715,205,Frank Lloyd Wright,false
16081200180000,155 N LOMBARD AVE,41.88945874,-87.78025924,205,Ridgeland - Oak Park,false
16072230170000,155 N RIDGELAND AVE,41.88937399,-87.78509342,206,Frank Lloyd Wright,false
16081210190000,155 N TAYLOR AVE,41.88947269,-87.77863701,206,Ridgeland - Oak Park,false
16081190080000,156 N CUYLER AVE,41.88949521,-87.78275223,205,Ridgeland - Oak Park,false
16081200060000,158 N HARVEY AVE,41.88957442,-87.78110757,204,Ridgeland - Oak Park,false
16081230070000,158 N HUMPHREY AVE,41.88966555,-87.77622292,205,Ridgeland - Oak Park,false
16081210060000,158 N LOMBARD AVE,41.8896129,-87.77948877,205,Ridgeland - Oak Park,false
16081180060000,158 N RIDGELAND AVE,41.88953583,-87.78429256,205,Frank Lloyd Wright,false
16072220060000,158 N SCOVILLE AVE,41.88951412,-87.78752891,204,Frank Lloyd Wright,false
16081220060000,158 N TAYLOR AVE,41.88962708,-87.77783443,205,Ridgeland - Oak Park,false
16081180150000,159 N CUYLER AVE,41.8895421,-87.78351215,206,Ridgeland - Oak Park,false
16072220160000,159 N ELMWOOD AVE,41.889496,-87.78672194,206,Frank Lloyd Wright,false
16081190180000,159 N HARVEY AVE,41.8895701,-87.78190955,206,Ridgeland - Oak Park,false
16081220180000,159 N HUMPHREY AVE,41.889634,-87.7770142,206,Ridgeland - Oak Park,false
16072190150000,159 N LINDEN AVE,41.88939607,-87.79152666,205,Frank Lloyd Wright,false
16072230160000,159 N RIDGELAND AVE,41.88951687,-87.7851075,205,Frank Lloyd Wright,false
16081210180000,159 N TAYLOR AVE,41.88960618,-87.77866137,206,Ridgeland - Oak Park,false
16051270490000,16 DIVISION ST,41.90211273,-87.77585186,295,,false
16072230060000,160 N ELMWOOD AVE,41.88950661,-87.78594914,206,Frank Lloyd Wright,false
16072190050000,160 N EUCLID AVE,41.88946116,-87.79234987,206,Frank Lloyd Wright,false
16072220150000,161 N ELMWOOD AVE,41.88963029,-87.78672844,206,Frank Lloyd Wright,false
16081200170000,161 N LOMBARD AVE,41.88956752,-87.78024007,205,Ridgeland - Oak Park,false
16081190070000,162 N CUYLER AVE,41.88969373,-87.78271407,205,Ridgeland - Oak Park,false
16072230050000,162 N ELMWOOD AVE,41.8896466,-87.7859556,206,Frank Lloyd Wright,false
16081200050000,162 N HARVEY AVE,41.8897268,-87.78109896,205,Ridgeland - Oak Park,false
16081210050000,162 N LOMBARD AVE,41.88974582,-87.77939649,206,Ridgeland - Oak Park,false
16072220050000,162 N SCOVILLE AVE,41.88962837,-87.78752794,204,Frank Lloyd Wright,false
16081220050000,162 N TAYLOR AVE,41.8897686,-87.77782956,206,Ridgeland - Oak Park,false
16081180140000,163 N CUYLER AVE,41.88966776,-87.78350725,206,Ridgeland - Oak Park,false
16072180100000,163 N EUCLID AVE,41.88956572,-87.79310718,206,Frank Lloyd Wright,false
16081190170000,163 N HARVEY AVE,41.88970892,-87.78190835,206,Ridgeland - Oak Park,false
16081220170000,163 N HUMPHREY AVE,41.88977557,-87.77702026,206,Ridgeland - Oak Park,false
16072190140000,163 N LINDEN AVE,41.88950012,-87.79152578,206,Frank Lloyd Wright,false
16072230150000,163 N RIDGELAND AVE,41.88966713,-87.78516934,206,Frank Lloyd Wright,false
16072230040000,164 N ELMWOOD AVE,41.88975518,-87.78596232,205,Frank Lloyd Wright,false
16072190040000,164 N EUCLID AVE,41.88966929,-87.79235631,206,Frank Lloyd Wright,false
16081180050000,164 N RIDGELAND AVE,41.88967297,-87.78429903,205,Frank Lloyd Wright,false
16081220040000,164 N TAYLOR AVE,41.88990197,-87.77782841,205,Ridgeland - Oak Park,false
16081180130000,165 N CUYLER AVE,41.889822,-87.78350593,206,Ridgeland - Oak Park,false
16081190160000,165 N HARVEY AVE,41.8898205,-87.78190375,206,Ridgeland - Oak Park,false
16081200150000,165 N LOMBARD AVE,41.88985644,-87.78032142,204,Ridgeland - Oak Park,false
16081210160000,165 N TAYLOR AVE,41.88987295,-87.77866635,206,Ridgeland - Oak Park,false
16081200040000,166 N HARVEY AVE,41.88986293,-87.78110508,206,Ridgeland - Oak Park,false
16081210040000,166 N LOMBARD AVE,41.88988771,-87.77946817,205,Ridgeland - Oak Park,false
16081180040000,166 N RIDGELAND AVE,41.88978436,-87.78429808,206,Frank Lloyd Wright,false
16072220040000,166 N SCOVILLE AVE,41.88978001,-87.7875802,206,Frank Lloyd Wright,false
16072220140000,167 N ELMWOOD AVE,41.88976457,-87.78673495,206,Frank Lloyd Wright,false
16081190150000,167 N HARVEY AVE,41.8899512,-87.78191356,205,Ridgeland - Oak Park,false
16081220160000,167 N HUMPHREY AVE,41.88992258,-87.77702628,205,Ridgeland - Oak Park,false
16072190130000,167 N LINDEN AVE,41.88967461,-87.79153661,206,Frank Lloyd Wright,false
16072230140000,167 N RIDGELAND AVE,41.88977862,-87.78518751,206,Frank Lloyd Wright,false
16081210150000,167 N TAYLOR AVE,41.88998179,-87.77865812,205,Ridgeland - Oak Park,false
16051130030000,17 LE MOYNE PKWY,41.90719994,-87.7763663,204,,false
16072230030000,170 N ELMWOOD AVE,41.88989215,-87.78593438,209,Frank Lloyd Wright,false
16072190030000,170 N EUCLID AVE,41.88981425,-87.79233438,206,Frank Lloyd Wright,false
16081200030000,170 N HARVEY AVE,41.89001544,-87.78112199,205,Ridgeland - Oak Park,false
16081230040000,170 N HUMPHREY AVE,41.89004413,-87.77627066,205,Ridgeland - Oak Park,false
16081210030000,170 N LOMBARD AVE,41.89001843,-87.77948162,205,Ridgeland - Oak Park,false
16081180030000,170 N RIDGELAND AVE,41.88997843,-87.78426199,204,Frank Lloyd Wright,false
16072220030000,170 N SCOVILLE AVE,41.88991157,-87.78761351,206,Frank Lloyd Wright,false
16081220030000,170 N TAYLOR AVE,41.89004622,-87.77782716,205,Ridgeland - Oak Park,false
16072220130000,171 N ELMWOOD AVE,41.88989041,-87.7867683,204,Frank Lloyd Wright,false
16081220150000,171 N HUMPHREY AVE,41.89004796,-87.77706164,206,Ridgeland - Oak Park,false
16072230130000,171 N RIDGELAND AVE,41.88993411,-87.78514983,204,Frank Lloyd Wright,false
16081190040000,172 N CUYLER AVE,41.89006974,-87.78279468,205,Ridgeland - Oak Park,false
16071200570000,172 N MARION ST,41.88969113,-87.80250136,295,,false
16072180230000,173 N EUCLID AVE,41.88984879,-87.79317015,206,Frank Lloyd Wright,false
16081190140000,173 N HARVEY AVE,41.8901144,-87.78189028,206,Ridgeland - Oak Park,false
16081190030000,174 N CUYLER AVE,41.89015403,-87.78277573,205,Ridgeland - Oak Park,false
16072230020000,174 N ELMWOOD AVE,41.89004935,-87.78595598,206,Frank Lloyd Wright,false
16072190020000,174 N EUCLID AVE,41.88994892,-87.79233734,206,Frank Lloyd Wright,false
16081200020000,174 N HARVEY AVE,41.89013255,-87.78113557,206,Ridgeland - Oak Park,false
16081230030000,174 N HUMPHREY AVE,41.89020447,-87.77621824,203,Ridgeland - Oak Park,false
16081210020000,174 N LOMBARD AVE,41.8901518,-87.77948047,205,Ridgeland - Oak Park,false
16071200540000,174 N MARION ST,41.88973697,-87.80250377,295,,false
16081180020000,174 N RIDGELAND AVE,41.8901358,-87.78431802,206,Frank Lloyd Wright,false
16072220020000,174 N SCOVILLE AVE,41.89003151,-87.78760866,206,Frank Lloyd Wright,false
16081220020000,174 N TAYLOR AVE,41.89018505,-87.7778296,206,Ridgeland - Oak Park,false
16072220120000,175 N ELMWOOD AVE,41.89006171,-87.78675154,206,Frank Lloyd Wright,false
16081200130000,175 N LOMBARD AVE,41.89013422,-87.78035183,204,Ridgeland - Oak Park,false
16072230120000,175 N RIDGELAND AVE,41.8900627,-87.78516022,205,Frank Lloyd Wright,false
16081210570000,175 N TAYLOR AVE,41.89013695,-87.77866042,209,Ridgeland - Oak Park,false
16071200530000,176 N MARION ST,41.88979158,-87.80250542,295,,false
16081220130000,177 N HUMPHREY AVE,41.89031721,-87.77701556,206,Ridgeland - Oak Park,false
16081190010000,178 N CUYLER AVE,41.8902438,-87.78276402,205,Ridgeland - Oak Park,false
16072230010000,178 N ELMWOOD AVE,41.89020356,-87.78594702,206,Frank Lloyd Wright,false
16072190010000,178 N EUCLID AVE,41.8900836,-87.7923444,206,Frank Lloyd Wright,false
16081200010000,178 N HARVEY AVE,41.89027947,-87.78112337,205,Ridgeland - Oak Park,false
16071200520000,178 N MARION ST,41.88984538,-87.80250704,295,,false
16081180010000,178 N RIDGELAND AVE,41.89023289,-87.78431336,206,Frank Lloyd Wright,false
16072220010000,178 N SCOVILLE AVE,41.8901514,-87.78759234,206,Frank Lloyd Wright,false
16081220010000,178 N TAYLOR AVE,41.89031303,-87.77783943,206,Ridgeland - Oak Park,false
16072220110000,179 N ELMWOOD AVE,41.89020171,-87.786758,206,Frank Lloyd Wright,false
16081190130000,179 N HARVEY AVE,41.89023427,-87.78191112,206,Ridgeland - Oak Park,false
16081200120000,179 N LOMBARD AVE,41.89028104,-87.78031776,206,Ridgeland - Oak Park,false
16081210560000,179 N TAYLOR AVE,41.89027578,-87.77866287,234,Ridgeland - Oak Park,false
16051270500000,18 DIVISION ST,41.90211174,-87.77591511,295,,false
16071200510000,180 N MARION ST,41.88992451,-87.80250677,295,,false
16071200500000,182 N MARION ST,41.88997831,-87.8025084,295,,false
16071200490000,184 N MARION ST,41.89003291,-87.80251005,295,,false
16071200480000,186 N MARION ST,41.89009889,-87.80250415,295,,false
16071200470000,188 N MARION ST,41.89016272,-87.80251914,295,,false
16053200040000,19 AUGUSTA ST,41.89817266,-87.77626788,207,,false
16051130020000,19 LE MOYNE PKWY,41.90720058,-87.77649668,203,,false
16071200460000,190 N MARION ST,41.89021772,-87.8025208,295,,false
16071200450000,192 N MARION ST,41.89027112,-87.80252242,295,,false
16071200440000,194 N MARION ST,41.89032733,-87.80252412,295,,false
16071200430000,196 N MARION ST,41.89040742,-87.80252511,295,,false
16071200420000,198 N MARION ST,41.89045921,-87.80252668,295,,false
16051270420000,2 DIVISION ST,41.90236103,-87.7755371,295,,false
16071150450000,2 ELIZABETH CT,41.89181523,-87.7993733,206,Frank Lloyd Wright,false
16053200200000,20 IOWA ST,41.89671748,-87.77625877,204,,false
16071150150000,200 FOREST AVE,41.89023235,-87.79999757,210,Frank Lloyd Wright,false
16171270490000,200 HARRISON ST,41.87283719,-87.77959607,295,,false
16072160080000,200 N SCOVILLE AVE,41.89054844,-87.78759279,204,Frank Lloyd Wright,false
16081160110000,200 N TAYLOR AVE,41.89061812,-87.77788781,205,Ridgeland - Oak Park,false
16073110010000,200 S CLINTON AVE,41.88534603,-87.79834077,210,Ridgeland - Oak Park,false
16074090010000,200 S EAST AVE,41.88498381,-87.78910739,206,Ridgeland - Oak Park,false
16074110010000,200 S ELMWOOD AVE,41.88503178,-87.78587657,206,Ridgeland - Oak Park,false
16073130010000,200 S GROVE AVE,41.8850237,-87.79543026,209,Ridgeland - Oak Park,false
16083110010000,200 S HUMPHREY AVE,41.88518331,-87.77609158,206,Ridgeland - Oak Park,false
16083060010000,200 S RIDGELAND AVE,41.88506207,-87.78426056,206,Ridgeland - Oak Park,false
16083100010000,200 S TAYLOR AVE,41.8851684,-87.77773034,206,Ridgeland - Oak Park,false
16074080270000,200 S WESLEY AVE,41.88493208,-87.79078431,206,Ridgeland - Oak Park,false
16051090080000,201 LE MOYNE PKWY,41.9071118,-87.78096753,204,,false
16072160160000,201 N ELMWOOD AVE,41.89049587,-87.78674784,205,Frank Lloyd Wright,false
16081130110000,201 N HARVEY AVE,41.89054462,-87.78192304,206,Ridgeland - Oak Park,false
16072130120000,201 N LINDEN AVE,41.89047487,-87.79159929,206,Frank Lloyd Wright,false
16083060130000,201 S CUYLER AVE,41.88509788,-87.78337616,205,Ridgeland - Oak Park,false
16074080130000,201 S EAST AVE,41.88494307,-87.7898955,206,Ridgeland - Oak Park,false
16074100140000,201 S ELMWOOD AVE,41.88501973,-87.78658588,206,Ridgeland - Oak Park,false
16074060100000,201 S EUCLID AVE,41.88487203,-87.79313565,209,Ridgeland - Oak Park,false
16083070150000,201 S HARVEY AVE,41.88511263,-87.78169687,206,Ridgeland - Oak Park,false
16083100110000,201 S HUMPHREY AVE,41.88516378,-87.77680382,206,Ridgeland - Oak Park,false
16074090130000,201 S SCOVILLE AVE,41.8849738,-87.78823489,206,Ridgeland - Oak Park,false
16074070110000,201 S WESLEY AVE,41.88492437,-87.79153115,206,Ridgeland - Oak Park,false
16071150140000,202 FOREST AVE,41.89028525,-87.80000096,210,Frank Lloyd Wright,false
16171270500000,202 HARRISON ST,41.87283636,-87.77965943,295,,false
16053170380000,202 IOWA ST,41.89665171,-87.78031348,202,,false
16051020310000,202 LE MOYNE PKWY,41.90771823,-87.78099516,204,,false
16081140100000,202 N HARVEY AVE,41.89059777,-87.78108782,206,Ridgeland - Oak Park,false
16083020250000,202 PLEASANT ST,41.88548907,-87.77994702,205,Ridgeland - Oak Park,false
16083070020000,202 S CUYLER AVE,41.88502202,-87.78260273,205,Ridgeland - Oak Park,false
16074070010000,202 S EUCLID AVE,41.88484507,-87.7923485,206,Ridgeland - Oak Park,false
16083080010000,202 S HARVEY AVE,41.88507969,-87.78100046,206,Ridgeland - Oak Park,false
16083140390000,202 W WASHINGTON BLVD,41.88206715,-87.77988691,203,Ridgeland - Oak Park,false
16071140190000,203 FOREST AVE,41.89083891,-87.80063549,206,Frank Lloyd Wright,false
16081130100000,203 N HARVEY AVE,41.89062904,-87.7819296,205,Ridgeland - Oak Park,false
16072170180000,203 N RIDGELAND AVE,41.89053735,-87.78516636,295,Frank Lloyd Wright,false
16071150130000,204 FOREST AVE,41.89034564,-87.80000046,210,Frank Lloyd Wright,false
16171270510000,204 HARRISON ST,41.87283572,-87.77970824,295,,false
16081140090000,204 N HARVEY AVE,41.89070053,-87.78109418,206,Ridgeland - Oak Park,false
16081150090000,204 N LOMBARD AVE,41.89069601,-87.77950877,206,Ridgeland - Oak Park,false
16081120080000,204 N RIDGELAND AVE,41.89066443,-87.7843594,206,Frank Lloyd Wright,false
16073110030000,204 S CLINTON AVE,41.88523153,-87.79834656,210,Ridgeland - Oak Park,false
16074090020000,204 S EAST AVE,41.88485475,-87.78911449,206,Ridgeland - Oak Park,false
16074110020000,204 S ELMWOOD AVE,41.88490269,-87.78587767,205,Ridgeland - Oak Park,false
16083080020000,204 S HARVEY AVE,41.88498346,-87.78100608,206,Ridgeland - Oak Park,false
16083060020000,204 S RIDGELAND AVE,41.88493303,-87.78427365,206,Ridgeland - Oak Park,false
16074100020000,204 S SCOVILLE AVE,41.88485876,-87.78742177,206,Ridgeland - Oak Park,false
16083100020000,204 S TAYLOR AVE,41.88506989,-87.7777224,205,Ridgeland - Oak Park,false
16051090070000,205 LE MOYNE PKWY,41.90711886,-87.78108904,203,,false
16081120170000,205 N CUYLER AVE,41.89067443,-87.78356365,206,Ridgeland - Oak Park,false
16072120090000,205 N EUCLID AVE,41.89044839,-87.79312411,206,Frank Lloyd Wright,false
16081140180000,205 N LOMBARD AVE,41.89070277,-87.7802617,205,Ridgeland - Oak Park,false
16072170170000,205 N RIDGELAND AVE,41.89059341,-87.78516827,295,Frank Lloyd Wright,false
16081150180000,205 N TAYLOR AVE,41.89073889,-87.7786843,206,Ridgeland - Oak Park,false
16083140090000,205 RANDOLPH ST,41.88357797,-87.78006686,205,Ridgeland - Oak Park,false
16083060140000,205 S CUYLER AVE,41.88497778,-87.78338318,205,Ridgeland - Oak Park,false
16074080140000,205 S EAST AVE,41.88482361,-87.78984732,206,Ridgeland - Oak Park,false
16074100150000,205 S ELMWOOD AVE,41.88488627,-87.78659901,206,Ridgeland - Oak Park,false
16083070160000,205 S HARVEY AVE,41.88497718,-87.78167414,205,Ridgeland - Oak Park,false
16083100120000,205 S HUMPHREY AVE,41.88506199,-87.77679592,205,Ridgeland - Oak Park,false
16074110130000,205 S RIDGELAND AVE,41.88491215,-87.78498394,206,Ridgeland - Oak Park,false
16074090140000,205 S SCOVILLE AVE,41.88484473,-87.7882183,205,Ridgeland - Oak Park,false
16081080100000,205 SUPERIOR ST,41.89287839,-87.78034766,206,Ridgeland - Oak Park,false
16071150120000,206 FOREST AVE,41.89042703,-87.79999626,210,Frank Lloyd Wright,false
16053170370000,206 IOWA ST,41.89664521,-87.78044218,203,,false
16051020300000,206 LE MOYNE PKWY,41.9077189,-87.78113435,204,,false
16072170070000,206 N ELMWOOD AVE,41.89073503,-87.78598456,205,Frank Lloyd Wright,false
16081160100000,206 N TAYLOR AVE,41.89071346,-87.77790157,206,Ridgeland - Oak Park,false
16083020240000,206 PLEASANT ST,41.88547894,-87.78006643,205,Ridgeland - Oak Park,false
16073110040000,206 S CLINTON AVE,41.88517967,-87.79834014,210,Ridgeland - Oak Park,false
16083070030000,206 S CUYLER AVE,41.8849222,-87.78258919,205,Ridgeland - Oak Park,false
16073130020000,206 S GROVE AVE,41.8848368,-87.79542013,206,Ridgeland - Oak Park,false
16073120020000,206 S KENILWORTH AVE,41.88481473,-87.79680115,203,Ridgeland - Oak Park,false
16083140380000,206 W WASHINGTON BLVD,41.8820355,-87.77996333,205,Ridgeland - Oak Park,false
16051090060000,207 LE MOYNE PKWY,41.90712609,-87.7812458,205,,false
16072160150000,207 N ELMWOOD AVE,41.8906216,-87.78675824,206,Frank Lloyd Wright,false
16081130090000,207 N HARVEY AVE,41.89071554,-87.78191075,205,Ridgeland - Oak Park,false
16072130110000,207 N LINDEN AVE,41.89062594,-87.79158102,206,Frank Lloyd Wright,false
16083060150000,207 S CUYLER AVE,41.88489316,-87.78338391,205,Ridgeland - Oak Park,false
16074110140000,207 S RIDGELAND AVE,41.88477413,-87.78499111,206,Ridgeland - Oak Park,false
16171270520000,208 HARRISON ST,41.87283447,-87.77980323,295,,false
16053170360000,208 IOWA ST,41.89664585,-87.78057559,203,,false
16051020290000,208 LE MOYNE PKWY,41.90771305,-87.78126478,204,,false
16081140080000,208 N HARVEY AVE,41.89081624,-87.78112247,205,Ridgeland - Oak Park,false
16081120070000,208 N RIDGELAND AVE,41.8907672,-87.78434704,205,Frank Lloyd Wright,false
16072160070000,208 N SCOVILLE AVE,41.8907097,-87.78760647,206,Frank Lloyd Wright,false
16083020230000,208 PLEASANT ST,41.88547608,-87.78020017,205,Ridgeland - Oak Park,false
16073110050000,208 S CLINTON AVE,41.88513197,-87.79832938,210,Ridgeland - Oak Park,false
16083070040000,208 S CUYLER AVE,41.8848296,-87.78259958,205,Ridgeland - Oak Park,false
16074090030000,208 S EAST AVE,41.88469462,-87.78912784,206,Ridgeland - Oak Park,false
16083080030000,208 S HARVEY AVE,41.88485519,-87.78100719,205,Ridgeland - Oak Park,false
16083110030000,208 S HUMPHREY AVE,41.88493377,-87.77607617,206,Ridgeland - Oak Park,false
16083060030000,208 S RIDGELAND AVE,41.8847907,-87.78430455,205,Ridgeland - Oak Park,false
16074100030000,208 S SCOVILLE AVE,41.88472514,-87.78742291,206,Ridgeland - Oak Park,false
16083100030000,208 S TAYLOR AVE,41.88493858,-87.77771914,203,Ridgeland - Oak Park,false
16083140370000,208 W WASHINGTON BLVD,41.88202193,-87.78009715,205,Ridgeland - Oak Park,false
16053030190000,209 DIVISION ST,41.90179952,-87.78076736,205,,false
16071140180000,209 FOREST AVE,41.89103612,-87.8006979,206,Frank Lloyd Wright,false
16051090050000,209 LE MOYNE PKWY,41.90712016,-87.78135861,205,,false
16081120160000,209 N CUYLER AVE,41.89079439,-87.78356262,206,Ridgeland - Oak Park,false
16072120080000,209 N EUCLID AVE,41.89067616,-87.79314618,206,Frank Lloyd Wright,false
16081140170000,209 N LOMBARD AVE,41.8908184,-87.78027325,205,Ridgeland - Oak Park,false
16072170150000,209 N RIDGELAND AVE,41.8907625,-87.78515805,204,Frank Lloyd Wright,false
16083140080000,209 RANDOLPH ST,41.88357852,-87.78018138,203,Ridgeland - Oak Park,false
16074080150000,209 S EAST AVE,41.88468023,-87.78985006,205,Ridgeland - Oak Park,false
16074060110000,209 S EUCLID AVE,41.88462654,-87.79313453,205,Ridgeland - Oak Park,false
16073120130000,209 S GROVE AVE,41.88499424,-87.79604414,206,Ridgeland - Oak Park,false
16083070170000,209 S HARVEY AVE,41.88484541,-87.78168636,206,Ridgeland - Oak Park,false
16083100130000,209 S HUMPHREY AVE,41.88492739,-87.77679269,205,Ridgeland - Oak Park,false
16083080110000,209 S LOMBARD AVE,41.88489094,-87.78005255,205,Ridgeland - Oak Park,false
16074090150000,209 S SCOVILLE AVE,41.88472012,-87.78823135,206,Ridgeland - Oak Park,false
16074070260000,209 S WESLEY AVE,41.88466602,-87.79149766,206,Ridgeland - Oak Park,false
16051130010000,21 LE MOYNE PKWY,41.90720129,-87.77664409,203,,false
16071150110000,210 FOREST AVE,41.89056886,-87.79994703,206,Frank Lloyd Wright,false
16073100020000,210 HOME AVE,41.88498656,-87.79970922,206,Ridgeland - Oak Park,false
16053170350000,210 IOWA ST,41.8966322,-87.78069481,205,,false
16081150080000,210 N LOMBARD AVE,41.89082096,-87.77950769,205,Ridgeland - Oak Park,false
16081160090000,210 N TAYLOR AVE,41.89082226,-87.77788605,205,Ridgeland - Oak Park,false
16083020220000,210 PLEASANT ST,41.88547668,-87.78032429,205,Ridgeland - Oak Park,false
16073110080000,210 S CLINTON AVE,41.8850469,-87.79824315,206,Ridgeland - Oak Park,false
16074110030000,210 S ELMWOOD AVE,41.88476906,-87.78585513,206,Ridgeland - Oak Park,false
16074070240000,210 S EUCLID AVE,41.88462074,-87.79238447,206,Ridgeland - Oak Park,false
16074080030000,210 S WESLEY AVE,41.88468714,-87.7907564,205,Ridgeland - Oak Park,false
16083140350000,210 W WASHINGTON BLVD,41.88202253,-87.78022126,205,Ridgeland - Oak Park,false
16072160140000,211 N ELMWOOD AVE,41.89074724,-87.78674952,206,Frank Lloyd Wright,false
16081140160000,211 N LOMBARD AVE,41.89095894,-87.78026785,205,Ridgeland - Oak Park,false
16083140070000,211 RANDOLPH ST,41.88357914,-87.78031029,203,Ridgeland - Oak Park,false
16073100150000,211 S CLINTON AVE,41.88498475,-87.7989175,206,Ridgeland - Oak Park,false
16083060160000,211 S CUYLER AVE,41.88478185,-87.78337887,205,Ridgeland - Oak Park,false
16073120140000,211 S GROVE AVE,41.88486957,-87.79604518,206,Ridgeland - Oak Park,false
16083080120000,211 S LOMBARD AVE,41.88478823,-87.78003905,205,Ridgeland - Oak Park,false
16083090100000,211 S TAYLOR AVE,41.88483935,-87.77842888,205,Ridgeland - Oak Park,false
16051020280000,212 LE MOYNE PKWY,41.90771367,-87.78139517,203,,false
16081140070000,212 N HARVEY AVE,41.8909568,-87.78112126,205,Ridgeland - Oak Park,false
16081150070000,212 N LOMBARD AVE,41.89094904,-87.77951077,206,Ridgeland - Oak Park,false
16081120060000,212 N RIDGELAND AVE,41.89089394,-87.78431686,206,Frank Lloyd Wright,false
16072160060000,212 N SCOVILLE AVE,41.89084411,-87.78762625,206,Frank Lloyd Wright,false
16081160080000,212 N TAYLOR AVE,41.8909258,-87.77790702,206,Ridgeland - Oak Park,false
16171150260000,212 S AUSTIN BLVD,41.87725361,-87.77489533,202,,false
16083070050000,212 S CUYLER AVE,41.88472334,-87.7825957,205,Ridgeland - Oak Park,false
16074090040000,212 S EAST AVE,41.88456996,-87.78912889,206,Ridgeland - Oak Park,false
16073130030000,212 S GROVE AVE,41.88467549,-87.79539493,206,Ridgeland - Oak Park,false
16083080040000,212 S HARVEY AVE,41.88472399,-87.78099872,205,Ridgeland - Oak Park,false
16083110040000,212 S HUMPHREY AVE,41.88479921,-87.77608174,206,Ridgeland - Oak Park,false
16083060040000,212 S RIDGELAND AVE,41.884666,-87.78427594,206,Ridgeland - Oak Park,false
16074100040000,212 S SCOVILLE AVE,41.88458279,-87.78742882,206,Ridgeland - Oak Park,false
16053170400000,213 AUGUSTA ST,41.89809846,-87.78070773,203,,false
16051090040000,213 LE MOYNE PKWY,41.90712083,-87.7814978,203,,false
16081120150000,213 N CUYLER AVE,41.89092715,-87.78357914,205,Ridgeland - Oak Park,false
16072170140000,213 N RIDGELAND AVE,41.8908822,-87.78512852,206,Frank Lloyd Wright,false
16081150160000,213 N TAYLOR AVE,41.89096389,-87.77870327,206,Ridgeland - Oak Park,false
16074080160000,213 S EAST AVE,41.88456,-87.78985108,206,Ridgeland - Oak Park,false
16074060120000,213 S EUCLID AVE,41.88448762,-87.79309897,206,Ridgeland - Oak Park,false
16073120150000,213 S GROVE AVE,41.88475309,-87.79604998,205,Ridgeland - Oak Park,false
16083100140000,213 S HUMPHREY AVE,41.88477967,-87.77678958,205,Ridgeland - Oak Park,false
16074070140000,213 S WESLEY AVE,41.88451922,-87.7914989,206,Ridgeland - Oak Park,false
16053100170000,213 THOMAS ST,41.89985685,-87.78088824,203,,false
16173020290000,214 FLOURNOY ST,41.87199603,-87.77997115,202,,false
16053170340000,214 IOWA ST,41.89662568,-87.78081875,203,,false
16051020270000,214 LE MOYNE PKWY,41.90771422,-87.78150851,203,,false
16081150060000,214 N LOMBARD AVE,41.89108035,-87.77953473,205,Ridgeland - Oak Park,false
16081160070000,214 N TAYLOR AVE,41.89104752,-87.7779119,205,Ridgeland - Oak Park,false
16083020210000,214 PLEASANT ST,41.88545586,-87.78044829,205,Ridgeland - Oak Park,false
16083070060000,214 S CUYLER AVE,41.88462709,-87.78259653,205,Ridgeland - Oak Park,false
16074110040000,214 S ELMWOOD AVE,41.88464,-87.78586193,205,Ridgeland - Oak Park,false
16074070250000,214 S EUCLID AVE,41.88438207,-87.79231673,206,Ridgeland - Oak Park,false
16073120040000,214 S KENILWORTH AVE,41.88452136,-87.79676344,206,Ridgeland - Oak Park,false
16074080040000,214 S WESLEY AVE,41.88455359,-87.79075153,204,Ridgeland - Oak Park,false
16083140340000,214 W WASHINGTON BLVD,41.88201242,-87.78034547,205,Ridgeland - Oak Park,false
16071140170000,215 FOREST AVE,41.89120688,-87.80065699,206,Frank Lloyd Wright,false
16051090030000,215 LE MOYNE PKWY,41.90712133,-87.78160234,204,,false
16072160130000,215 N ELMWOOD AVE,41.89089948,-87.78678912,206,Frank Lloyd Wright,false
16072120070000,215 N EUCLID AVE,41.89082936,-87.79318588,206,Frank Lloyd Wright,false
16071160200000,215 N GROVE AVE,41.89075731,-87.79647009,210,Frank Lloyd Wright,false
16083140060000,215 RANDOLPH ST,41.8835799,-87.78046768,203,Ridgeland - Oak Park,false
16073100160000,215 S CLINTON AVE,41.88483463,-87.79894683,206,Ridgeland - Oak Park,false
16083060170000,215 S CUYLER AVE,41.88466617,-87.78338585,204,Ridgeland - Oak Park,false
16073120160000,215 S GROVE AVE,41.88456692,-87.79604772,206,Ridgeland - Oak Park,false
16083070180000,215 S HARVEY AVE,41.88469985,-87.78167653,205,Ridgeland - Oak Park,false
16073110240000,215 S KENILWORTH AVE,41.88489384,-87.7974277,206,Ridgeland - Oak Park,false
16083080130000,215 S LOMBARD AVE,41.88468854,-87.78005245,205,Ridgeland - Oak Park,false
16074110150000,215 S RIDGELAND AVE,41.88465836,-87.78498011,206,Ridgeland - Oak Park,false
16074090160000,215 S SCOVILLE AVE,41.88458221,-87.78823822,206,Ridgeland - Oak Park,false
16083090120000,215 S TAYLOR AVE,41.88471961,-87.77840895,206,Ridgeland - Oak Park,false
16173020280000,216 FLOURNOY ST,41.87199655,-87.78007807,202,,false
16071150100000,216 FOREST AVE,41.89077281,-87.79985211,206,Frank Lloyd Wright,false
16053170200000,216 IOWA ST,41.89662634,-87.78095691,205,,false
16051020260000,216 LE MOYNE PKWY,41.90770836,-87.78163719,203,,false
16083110140000,216 N AUSTIN BLVD,41.88464702,-87.77515881,205,Ridgeland - Oak Park,false
16072170050000,216 N ELMWOOD AVE,41.89100807,-87.78597664,204,Frank Lloyd Wright,false
16081120050000,216 N RIDGELAND AVE,41.89103458,-87.78433239,205,Frank Lloyd Wright,false
16072160050000,216 N SCOVILLE AVE,41.8909878,-87.78762502,206,Frank Lloyd Wright,false
16081160060000,216 N TAYLOR AVE,41.89114492,-87.7779001,206,Ridgeland - Oak Park,false
16171150270000,216 S AUSTIN BLVD,41.87711066,-87.77487712,203,,false
16073110090000,216 S CLINTON AVE,41.88484768,-87.79823545,206,Ridgeland - Oak Park,false
16083070070000,216 S CUYLER AVE,41.88453091,-87.78259249,205,Ridgeland - Oak Park,false
16074090050000,216 S EAST AVE,41.88443636,-87.78911204,206,Ridgeland - Oak Park,false
16073130040000,216 S GROVE AVE,41.88454611,-87.795408,278,Ridgeland - Oak Park,false
16083080050000,216 S HARVEY AVE,41.88457792,-87.78099998,206,Ridgeland - Oak Park,false
16083110050000,216 S HUMPHREY AVE,41.88464288,-87.77608876,206,Ridgeland - Oak Park,false
16083060050000,216 S RIDGELAND AVE,41.88454128,-87.78426501,205,Ridgeland - Oak Park,false
16074100050000,216 S SCOVILLE AVE,41.88444927,-87.78742996,206,Ridgeland - Oak Park,false
16083100060000,216 S TAYLOR AVE,41.88462708,-87.77771221,206,Ridgeland - Oak Park,false
16053230020000,217 IOWA ST,41.89626015,-87.78100777,203,,false
16051090020000,217 LE MOYNE PKWY,41.90711543,-87.78172396,204,,false
16081120140000,217 N CUYLER AVE,41.8910552,-87.78357386,206,Ridgeland - Oak Park,false
16071160230000,217 N GROVE AVE,41.89086772,-87.79644468,210,Frank Lloyd Wright,false
16072130090000,217 N LINDEN AVE,41.89087376,-87.79156663,205,Frank Lloyd Wright,false
16081140150000,217 N LOMBARD AVE,41.891087,-87.78026675,206,Ridgeland - Oak Park,false
16081150150000,217 N TAYLOR AVE,41.89112321,-87.77870607,206,Ridgeland - Oak Park,false
16083140050000,217 RANDOLPH ST,41.88357682,-87.78057744,205,Ridgeland - Oak Park,false
16083060180000,217 S CUYLER AVE,41.88454589,-87.7833572,205,Ridgeland - Oak Park,false
16074080170000,217 S EAST AVE,41.88442646,-87.7898475,205,Ridgeland - Oak Park,false
16074100180000,217 S ELMWOOD AVE,41.88447665,-87.78657851,206,Ridgeland - Oak Park,false
16074060140000,217 S EUCLID AVE,41.88427921,-87.79309548,206,Ridgeland - Oak Park,false
16083070190000,217 S HARVEY AVE,41.88456448,-87.78167769,206,Ridgeland - Oak Park,false
16083100150000,217 S HUMPHREY AVE,41.88462862,-87.7767777,206,Ridgeland - Oak Park,false
16083080140000,217 S LOMBARD AVE,41.88458886,-87.7800677,206,Ridgeland - Oak Park,false
16074110160000,217 S RIDGELAND AVE,41.88452484,-87.78498125,205,Ridgeland - Oak Park,false
16074090170000,217 S SCOVILLE AVE,41.88443531,-87.78823947,206,Ridgeland - Oak Park,false
16083090110000,217 S TAYLOR AVE,41.88460393,-87.77841348,205,Ridgeland - Oak Park,false
16074070150000,217 S WESLEY AVE,41.88439461,-87.79151194,206,Ridgeland - Oak Park,false
16053230210000,218 CHICAGO AVE,41.89485164,-87.78105317,205,,false
16173020270000,218 FLOURNOY ST,41.87198866,-87.78018507,203,,false
16071140030000,218 MARION CT,41.8913144,-87.8018642,202,Frank Lloyd Wright,false
16081160050000,218 N TAYLOR AVE,41.89124282,-87.7778913,204,Ridgeland - Oak Park,false
16074110050000,218 S ELMWOOD AVE,41.88449762,-87.78586314,205,Ridgeland - Oak Park,false
16073130050000,218 S GROVE AVE,41.88442592,-87.79539603,206,Ridgeland - Oak Park,false
16074080050000,218 S WESLEY AVE,41.88441999,-87.79073498,206,Ridgeland - Oak Park,false
16053170420000,219 AUGUSTA ST,41.89808002,-87.7810171,205,,false
16071140160000,219 FOREST AVE,41.8913461,-87.80066638,206,Frank Lloyd Wright,false
16072160120000,219 N ELMWOOD AVE,41.89108377,-87.78678755,206,Frank Lloyd Wright,false
16072120060000,219 N EUCLID AVE,41.89096699,-87.79316833,206,Frank Lloyd Wright,false
16072130080000,219 N LINDEN AVE,41.89104844,-87.79161844,204,Frank Lloyd Wright,false
16083140040000,219 RANDOLPH ST,41.88357385,-87.78068719,204,Ridgeland - Oak Park,false
16083060190000,219 S CUYLER AVE,41.88443903,-87.78335812,206,Ridgeland - Oak Park,false
16073120170000,219 S GROVE AVE,41.88440674,-87.79604906,206,Ridgeland - Oak Park,false
16051060270000,22 LE MOYNE PKWY,41.90772911,-87.77654257,205,,false
16073100040000,220 HOME AVE,41.88466163,-87.79972128,206,Ridgeland - Oak Park,false
16053170190000,220 IOWA ST,41.89662705,-87.78110461,203,,false
16051020250000,220 LE MOYNE PKWY,41.9076702,-87.78178552,204,,false
16072170040000,220 N ELMWOOD AVE,41.89113929,-87.78598389,206,Frank Lloyd Wright,false
16081140050000,220 N HARVEY AVE,41.89120988,-87.78113581,206,Ridgeland - Oak Park,false
16072160040000,220 N SCOVILLE AVE,41.89111576,-87.78760302,206,Frank Lloyd Wright,false
16083070080000,220 S CUYLER AVE,41.88443116,-87.78259335,203,Ridgeland - Oak Park,false
16074070050000,220 S EUCLID AVE,41.88421299,-87.79233015,206,Ridgeland - Oak Park,false
16083080060000,220 S HARVEY AVE,41.88444598,-87.78098673,205,Ridgeland - Oak Park,false
16083110060000,220 S HUMPHREY AVE,41.88452456,-87.77608979,205,Ridgeland - Oak Park,false
16083090040000,220 S LOMBARD AVE,41.88449783,-87.7793638,205,Ridgeland - Oak Park,false
16083060060000,220 S RIDGELAND AVE,41.88441223,-87.78425413,206,Ridgeland - Oak Park,false
16074100060000,220 S SCOVILLE AVE,41.88432455,-87.78741903,206,Ridgeland - Oak Park,false
16083100070000,220 S TAYLOR AVE,41.88451405,-87.77772023,205,Ridgeland - Oak Park,false
16051090010000,221 LE MOYNE PKWY,41.90712266,-87.78188013,205,,false
16081120130000,221 N CUYLER AVE,41.89122395,-87.78358915,206,Ridgeland - Oak Park,false
16081140140000,221 N LOMBARD AVE,41.89124005,-87.78026543,205,Ridgeland - Oak Park,false
16081150140000,221 N TAYLOR AVE,41.89126062,-87.7787007,206,Ridgeland - Oak Park,false
16083140030000,221 RANDOLPH ST,41.88357438,-87.78079691,205,Ridgeland - Oak Park,false
16074060150000,221 S EUCLID AVE,41.88408181,-87.79308516,205,Ridgeland - Oak Park,false
16083070200000,221 S HARVEY AVE,41.88442909,-87.78167406,206,Ridgeland - Oak Park,false
16083100160000,221 S HUMPHREY AVE,41.88449636,-87.77678373,205,Ridgeland - Oak Park,false
16073110260000,221 S KENILWORTH AVE,41.88468452,-87.79739977,205,Ridgeland - Oak Park,false
16083080150000,221 S LOMBARD AVE,41.88445338,-87.78006887,206,Ridgeland - Oak Park,false
16073070180000,221 S MAPLE AVE,41.88455591,-87.80432312,210,Ridgeland - Oak Park,false
16074110170000,221 S RIDGELAND AVE,41.88436909,-87.78498259,206,Ridgeland - Oak Park,false
16074090180000,221 S SCOVILLE AVE,41.88430613,-87.78822288,206,Ridgeland - Oak Park,false
16083090130000,221 S TAYLOR AVE,41.88450138,-87.77841437,205,Ridgeland - Oak Park,false
16074070160000,221 S WESLEY AVE,41.88423883,-87.79150726,206,Ridgeland - Oak Park,false
16173020260000,222 FLOURNOY ST,41.87198923,-87.78030325,202,,false
16071150080000,222 FOREST AVE,41.89096626,-87.79982916,206,Frank Lloyd Wright,false
16053170180000,222 IOWA ST,41.89662767,-87.78123325,205,,false
16051020240000,222 LE MOYNE PKWY,41.90767731,-87.78191585,204,,false
16081120040000,222 N RIDGELAND AVE,41.89123231,-87.78433647,206,Frank Lloyd Wright,false
16083070090000,222 S CUYLER AVE,41.88434192,-87.78257499,205,Ridgeland - Oak Park,false
16074090060000,222 S EAST AVE,41.88428945,-87.78911329,206,Ridgeland - Oak Park,false
16074110060000,222 S ELMWOOD AVE,41.88436405,-87.78585259,206,Ridgeland - Oak Park,false
16073130060000,222 S GROVE AVE,41.88428015,-87.79539763,206,Ridgeland - Oak Park,false
16071140150000,223 FOREST AVE,41.891488,-87.80068631,206,Frank Lloyd Wright,false
16072120050000,223 N EUCLID AVE,41.89111088,-87.79317941,206,Frank Lloyd Wright,false
16071100100000,223 N MARION ST,41.89146208,-87.80296002,206,Frank Lloyd Wright,false
16083060200000,223 S CUYLER AVE,41.88435889,-87.78334682,205,Ridgeland - Oak Park,false
16074100190000,223 S ELMWOOD AVE,41.8843343,-87.78658572,206,Ridgeland - Oak Park,false
16073110270000,223 S KENILWORTH AVE,41.88455109,-87.79741887,205,Ridgeland - Oak Park,false
16073070210000,223 S MAPLE AVE,41.88455751,-87.8045159,210,Ridgeland - Oak Park,false
16173020250000,224 FLOURNOY ST,41.87198999,-87.78046082,202,,false
16073100050000,224 HOME AVE,41.88451132,-87.7997085,206,Ridgeland - Oak Park,false
16053170170000,224 IOWA ST,41.89662115,-87.78135718,203,,false
16071140020000,224 MARION CT,41.89143879,-87.80185935,203,Frank Lloyd Wright,false
16081140040000,224 N HARVEY AVE,41.89135044,-87.7811346,205,Ridgeland - Oak Park,false
16072160030000,224 N SCOVILLE AVE,41.89125104,-87.78764327,206,Frank Lloyd Wright,false
16081160040000,224 N TAYLOR AVE,41.89137344,-87.77789812,205,Ridgeland - Oak Park,false
16171150290000,224 S AUSTIN BLVD,41.87685173,-87.7749118,205,,false
16073110120000,224 S CLINTON AVE,41.88451211,-87.79821486,204,Ridgeland - Oak Park,false
16083070100000,224 S CUYLER AVE,41.88424208,-87.78255696,205,Ridgeland - Oak Park,false
16074090070000,224 S EAST AVE,41.88415585,-87.78909673,206,Ridgeland - Oak Park,false
16074110070000,224 S ELMWOOD AVE,41.884226,-87.78585377,205,Ridgeland - Oak Park,false
16074070060000,224 S EUCLID AVE,41.88408829,-87.7923252,206,Ridgeland - Oak Park,false
16083080070000,224 S HARVEY AVE,41.88432842,-87.78098774,205,Ridgeland - Oak Park,false
16083110070000,224 S HUMPHREY AVE,41.88437724,-87.77607699,204,Ridgeland - Oak Park,false
16083090050000,224 S LOMBARD AVE,41.88437151,-87.77934377,203,Ridgeland - Oak Park,false
16073090060000,224 S MARION ST,41.88483979,-87.80216246,206,Ridgeland - Oak Park,false
16083060070000,224 S RIDGELAND AVE,41.88428759,-87.78426119,206,Ridgeland - Oak Park,false
16074100070000,224 S SCOVILLE AVE,41.88421782,-87.78742594,205,Ridgeland - Oak Park,false
16074080070000,224 S WESLEY AVE,41.88413072,-87.79073742,206,Ridgeland - Oak Park,false
16081120120000,225 N CUYLER AVE,41.89135267,-87.78356211,206,Ridgeland - Oak Park,false
16072160110000,225 N ELMWOOD AVE,41.89127369,-87.78678851,206,Frank Lloyd Wright,false
16072130070000,225 N LINDEN AVE,41.89124542,-87.79156203,206,Frank Lloyd Wright,false
16081140130000,225 N LOMBARD AVE,41.89136812,-87.78026432,205,Ridgeland - Oak Park,false
16071100090000,225 N MARION ST,41.89155617,-87.80297476,205,Frank Lloyd Wright,false
16083140020000,225 RANDOLPH ST,41.88356774,-87.78089261,206,Ridgeland - Oak Park,false
16073100180000,225 S CLINTON AVE,41.88451572,-87.79895586,206,Ridgeland - Oak Park,false
16083060210000,225 S CUYLER AVE,41.88426099,-87.78334766,205,Ridgeland - Oak Park,false
16074080190000,225 S EAST AVE,41.88414152,-87.78983193,206,Ridgeland - Oak Park,false
16074100200000,225 S ELMWOOD AVE,41.88421407,-87.78658675,206,Ridgeland - Oak Park,false
16074060160000,225 S EUCLID AVE,41.88395715,-87.79308621,206,Ridgeland - Oak Park,false
16083070210000,225 S HARVEY AVE,41.88429601,-87.78166874,206,Ridgeland - Oak Park,false
16083100170000,225 S HUMPHREY AVE,41.88436491,-87.77678839,206,Ridgeland - Oak Park,false
16083080160000,225 S LOMBARD AVE,41.88432498,-87.7800412,203,Ridgeland - Oak Park,false
16073070240000,225 S MAPLE AVE,41.88444417,-87.80431865,210,Ridgeland - Oak Park,false
16074110180000,225 S RIDGELAND AVE,41.88423103,-87.78496008,206,Ridgeland - Oak Park,false
16074090190000,225 S SCOVILLE AVE,41.88415923,-87.78822413,206,Ridgeland - Oak Park,false
16074070170000,225 S WESLEY AVE,41.88409633,-87.79150247,206,Ridgeland - Oak Park,false
16073100060000,226 HOME AVE,41.884382,-87.79970489,206,Ridgeland - Oak Park,false
16083110110000,226 N AUSTIN BLVD,41.88495569,-87.77512985,205,Ridgeland - Oak Park,false
16081120030000,226 N RIDGELAND AVE,41.89137187,-87.78435117,206,Frank Lloyd Wright,false
16081160030000,226 N TAYLOR AVE,41.89146554,-87.77791719,206,Ridgeland - Oak Park,false
16073130070000,226 S GROVE AVE,41.88413449,-87.79539809,206,Ridgeland - Oak Park,false
16083080080000,226 S HARVEY AVE,41.88422866,-87.7809886,205,Ridgeland - Oak Park,false
16073080380000,226 S MAPLE AVE,41.88445222,-87.80361788,210,Ridgeland - Oak Park,false
16074100080000,226 S SCOVILLE AVE,41.88411097,-87.78742685,206,Ridgeland - Oak Park,false
16083100090000,226 S TAYLOR AVE,41.88427721,-87.77768355,206,Ridgeland - Oak Park,false
16071140140000,227 FOREST AVE,41.89162984,-87.80069568,206,Frank Lloyd Wright,false
16073100190000,227 S CLINTON AVE,41.88438641,-87.79895226,206,Ridgeland - Oak Park,false
16074060170000,227 S EUCLID AVE,41.8838681,-87.79308696,206,Ridgeland - Oak Park,false
16073070270000,227 S MAPLE AVE,41.88443501,-87.80451646,210,Ridgeland - Oak Park,false
16083090150000,227 S TAYLOR AVE,41.88427784,-87.77840926,205,Ridgeland - Oak Park,false
16071150070000,228 FOREST AVE,41.8911541,-87.79982285,206,Frank Lloyd Wright,false
16053170160000,228 IOWA ST,41.89662177,-87.78148582,205,,false
16072170020000,228 N ELMWOOD AVE,41.89142118,-87.78597641,206,Frank Lloyd Wright,false
16081140030000,228 N HARVEY AVE,41.89145044,-87.7811421,234,Ridgeland - Oak Park,false
16081150020000,228 N LOMBARD AVE,41.89153653,-87.77956008,206,Ridgeland - Oak Park,false
16072160020000,228 N SCOVILLE AVE,41.8913816,-87.78763818,205,Frank Lloyd Wright,false
16081160020000,228 N TAYLOR AVE,41.89158119,-87.77789632,205,Ridgeland - Oak Park,false
16083070110000,228 S CUYLER AVE,41.88415665,-87.7825832,203,Ridgeland - Oak Park,false
16074090080000,228 S EAST AVE,41.8840209,-87.78912156,206,Ridgeland - Oak Park,false
16074070070000,228 S EUCLID AVE,41.88394886,-87.79233807,206,Ridgeland - Oak Park,false
16083080090000,228 S HARVEY AVE,41.88411462,-87.78099438,205,Ridgeland - Oak Park,false
16083110080000,228 S HUMPHREY AVE,41.88424139,-87.77605771,206,Ridgeland - Oak Park,false
16073080320000,228 S MAPLE AVE,41.88428984,-87.80360839,210,Ridgeland - Oak Park,false
16083060080000,228 S RIDGELAND AVE,41.88414518,-87.7842744,206,Ridgeland - Oak Park,false
16074080080000,228 S WESLEY AVE,41.8839779,-87.79075041,205,Ridgeland - Oak Park,false
16081120110000,229 N CUYLER AVE,41.89147091,-87.78359297,205,Ridgeland - Oak Park,false
16072160100000,229 N ELMWOOD AVE,41.89140724,-87.78678737,206,Frank Lloyd Wright,false
16081140120000,229 N LOMBARD AVE,41.89146415,-87.78057108,206,Ridgeland - Oak Park,false
16072170100000,229 N RIDGELAND AVE,41.89143799,-87.78514555,206,Frank Lloyd Wright,false
16081150120000,229 N TAYLOR AVE,41.8915228,-87.7786566,205,Ridgeland - Oak Park,false
16083140010000,229 RANDOLPH ST,41.883565,-87.78107371,205,Ridgeland - Oak Park,false
16083060220000,229 S CUYLER AVE,41.88415856,-87.78334853,206,Ridgeland - Oak Park,false
16074080200000,229 S EAST AVE,41.88400646,-87.78983178,205,Ridgeland - Oak Park,false
16074060180000,229 S EUCLID AVE,41.88377757,-87.79306441,205,Ridgeland - Oak Park,false
16083070220000,229 S HARVEY AVE,41.88415465,-87.78165723,205,Ridgeland - Oak Park,false
16083100180000,229 S HUMPHREY AVE,41.88424132,-87.77678946,205,Ridgeland - Oak Park,false
16073110290000,229 S KENILWORTH AVE,41.88426624,-87.79742125,205,Ridgeland - Oak Park,false
16083080170000,229 S LOMBARD AVE,41.88419673,-87.7800471,203,Ridgeland - Oak Park,false
16073070330000,229 S MAPLE AVE,41.88428848,-87.80431311,210,Ridgeland - Oak Park,false
16074110190000,229 S RIDGELAND AVE,41.88407515,-87.78495542,206,Ridgeland - Oak Park,false
16074070180000,229 S WESLEY AVE,41.88396129,-87.79150931,205,Ridgeland - Oak Park,false
16073110140000,230 S CLINTON AVE,41.88423613,-87.7982312,206,Ridgeland - Oak Park,false
16083070120000,230 S CUYLER AVE,41.88407116,-87.78257252,205,Ridgeland - Oak Park,false
16074110080000,230 S ELMWOOD AVE,41.88408363,-87.78585498,205,Ridgeland - Oak Park,false
16074070080000,230 S EUCLID AVE,41.8838287,-87.79233309,206,Ridgeland - Oak Park,false
16083090060000,230 S LOMBARD AVE,41.88421625,-87.77939141,204,Ridgeland - Oak Park,false
16074100090000,230 S SCOVILLE AVE,41.88399515,-87.78740415,206,Ridgeland - Oak Park,false
16083100100000,230 S TAYLOR AVE,41.88416671,-87.77767276,206,Ridgeland - Oak Park,false
16071140130000,231 FOREST AVE,41.89175246,-87.80066566,206,Frank Lloyd Wright,false
16072120040000,231 N EUCLID AVE,41.89140444,-87.79313185,209,Frank Lloyd Wright,false
16071150340000,231 N KENILWORTH AVE,41.89142294,-87.79807435,206,Frank Lloyd Wright,false
16083060230000,231 S CUYLER AVE,41.88404282,-87.78334353,206,Ridgeland - Oak Park,false
16074100210000,231 S ELMWOOD AVE,41.88410292,-87.78659369,206,Ridgeland - Oak Park,false
16073120200000,231 S GROVE AVE,41.88400682,-87.79604854,206,Ridgeland - Oak Park,false
16083080180000,231 S LOMBARD AVE,41.88411129,-87.78004784,203,Ridgeland - Oak Park,false
16073070300000,231 S MAPLE AVE,41.88428451,-87.80450267,210,Ridgeland - Oak Park,false
16083090160000,231 S TAYLOR AVE,41.88416214,-87.77841026,206,Ridgeland - Oak Park,false
16074070190000,231 S WESLEY AVE,41.88384116,-87.79151032,206,Ridgeland - Oak Park,false
16173020220000,232 FLOURNOY ST,41.87198787,-87.78089417,203,,false
16073100070000,232 HOME AVE,41.88424223,-87.79970606,206,Ridgeland - Oak Park,false
16081140200000,232 N HARVEY AVE,41.89160973,-87.78114073,206,Ridgeland - Oak Park,false
16081120190000,232 N RIDGELAND AVE,41.89154414,-87.78437752,205,Frank Lloyd Wright,false
16072160010000,232 N SCOVILLE AVE,41.89150315,-87.78760933,206,Frank Lloyd Wright,false
16081160010000,232 N TAYLOR AVE,41.89167912,-87.77789547,206,Ridgeland - Oak Park,false
16074090090000,232 S EAST AVE,41.88388719,-87.78908102,206,Ridgeland - Oak Park,false
16074070090000,232 S EUCLID AVE,41.88366841,-87.79233444,206,Ridgeland - Oak Park,false
16073120090000,232 S KENILWORTH AVE,41.88397466,-87.79675955,206,Ridgeland - Oak Park,false
16083060090000,232 S RIDGELAND AVE,41.88402504,-87.78427543,205,Ridgeland - Oak Park,false
16072130060000,233 N LINDEN AVE,41.89144295,-87.79156182,206,Frank Lloyd Wright,false
16081140110000,233 N LOMBARD AVE,41.89165246,-87.78028279,206,Ridgeland - Oak Park,false
16083060240000,233 S CUYLER AVE,41.88394492,-87.78334437,205,Ridgeland - Oak Park,false
16074080210000,233 S EAST AVE,41.88382847,-87.78983329,205,Ridgeland - Oak Park,false
16074100220000,233 S ELMWOOD AVE,41.88400032,-87.78655889,205,Ridgeland - Oak Park,false
16074060190000,233 S EUCLID AVE,41.88365004,-87.7930828,206,Ridgeland - Oak Park,false
16073110300000,233 S KENILWORTH AVE,41.88408345,-87.79767282,205,Ridgeland - Oak Park,false
16074110200000,233 S RIDGELAND AVE,41.88396385,-87.78493239,205,Ridgeland - Oak Park,false
16073100080000,234 HOME AVE,41.88412334,-87.79968833,206,Ridgeland - Oak Park,false
16073110150000,234 S CLINTON AVE,41.88407192,-87.79823725,206,Ridgeland - Oak Park,false
16083070130000,234 S CUYLER AVE,41.88395359,-87.78257353,205,Ridgeland - Oak Park,false
16074110090000,234 S ELMWOOD AVE,41.88392335,-87.78585635,206,Ridgeland - Oak Park,false
16073130090000,234 S GROVE AVE,41.88385912,-87.79540367,206,Ridgeland - Oak Park,false
16073120100000,234 S KENILWORTH AVE,41.88384764,-87.79675679,206,Ridgeland - Oak Park,false
16074100100000,234 S SCOVILLE AVE,41.88388387,-87.78740509,206,Ridgeland - Oak Park,false
16074080090000,234 S WESLEY AVE,41.88385325,-87.79073347,206,Ridgeland - Oak Park,false
16074100230000,235 S ELMWOOD AVE,41.88390682,-87.78655369,205,Ridgeland - Oak Park,false
16073110310000,235 S KENILWORTH AVE,41.88399544,-87.79738111,205,Ridgeland - Oak Park,false
16073080480000,235 S MARION ST,41.8841821,-87.80308128,295,Ridgeland - Oak Park,false
16073130220000,235 S OAK PARK AVE,41.88388508,-87.79472334,206,Ridgeland - Oak Park,false
16074090220000,235 S SCOVILLE AVE,41.88378541,-87.78822131,203,Ridgeland - Oak Park,false
16074070200000,235 S WESLEY AVE,41.8837121,-87.79151908,206,Ridgeland - Oak Park,false
16083070140000,236 S CUYLER AVE,41.88385374,-87.78257439,205,Ridgeland - Oak Park,false
16074090100000,236 S EAST AVE,41.8837537,-87.78908785,206,Ridgeland - Oak Park,false
16083060100000,236 S RIDGELAND AVE,41.88390037,-87.78425281,206,Ridgeland - Oak Park,false
16074080100000,236 S WESLEY AVE,41.88372862,-87.79074053,206,Ridgeland - Oak Park,false
16073100220000,237 S CLINTON AVE,41.88403793,-87.79895347,206,Ridgeland - Oak Park,false
16074080220000,237 S EAST AVE,41.88371272,-87.78982676,205,Ridgeland - Oak Park,false
16074100240000,237 S ELMWOOD AVE,41.88380892,-87.78655453,206,Ridgeland - Oak Park,false
16073120220000,237 S GROVE AVE,41.88367516,-87.7960432,206,Ridgeland - Oak Park,false
16074110210000,237 S RIDGELAND AVE,41.88382589,-87.78495155,205,Ridgeland - Oak Park,false
16071150490000,238 FOREST AVE,41.89151771,-87.79982106,209,Frank Lloyd Wright,false
16074110100000,238 S ELMWOOD AVE,41.88374536,-87.78585787,205,Ridgeland - Oak Park,false
16073120110000,238 S KENILWORTH AVE,41.88370964,-87.79674625,206,Ridgeland - Oak Park,false
16074100110000,238 S SCOVILLE AVE,41.88377701,-87.787406,206,Ridgeland - Oak Park,false
16083060250000,239 S CUYLER AVE,41.88383361,-87.78333933,205,Ridgeland - Oak Park,false
16073120230000,239 S GROVE AVE,41.88355409,-87.79601361,206,Ridgeland - Oak Park,false
16073110320000,239 S KENILWORTH AVE,41.8838106,-87.79740108,206,Ridgeland - Oak Park,false
16074090230000,239 S SCOVILLE AVE,41.88367402,-87.78819827,205,Ridgeland - Oak Park,false
16053200190000,24 IOWA ST,41.89670755,-87.77641132,205,,false
16051060260000,24 LE MOYNE PKWY,41.90773643,-87.77666408,203,,false
16173020190000,240 FLOURNOY ST,41.87204391,-87.78118633,202,,false
16073100090000,240 HOME AVE,41.88397495,-87.79968864,206,Ridgeland - Oak Park,false
16053160310000,240 IOWA ST,41.89665582,-87.78190473,206,,false
16073110160000,240 S CLINTON AVE,41.88394263,-87.79823833,206,Ridgeland - Oak Park,false
16074090110000,240 S EAST AVE,41.88364241,-87.7890888,205,Ridgeland - Oak Park,false
16074070100000,240 S EUCLID AVE,41.88351588,-87.79232146,206,Ridgeland - Oak Park,false
16073130110000,240 S GROVE AVE,41.88358318,-87.79539429,206,Ridgeland - Oak Park,false
16083060110000,240 S RIDGELAND AVE,41.88376666,-87.78423597,205,Ridgeland - Oak Park,false
16074100120000,240 S SCOVILLE AVE,41.8836613,-87.78740699,204,Ridgeland - Oak Park,false
16074080110000,240 S WESLEY AVE,41.88363957,-87.79074128,205,Ridgeland - Oak Park,false
16053020380000,240 THOMAS ST,41.90008978,-87.78212066,203,,false
16173020040000,241 HARRISON ST,41.8724075,-87.78126581,203,,false
16073090240000,241 HOME AVE,41.88420136,-87.80044722,206,Ridgeland - Oak Park,false
16071150370000,241 N KENILWORTH AVE,41.89153311,-87.79804882,203,Frank Lloyd Wright,false
16074100250000,241 S ELMWOOD AVE,41.88363552,-87.78659168,206,Ridgeland - Oak Park,false
16074110220000,241 S RIDGELAND AVE,41.88373239,-87.78494636,205,Ridgeland - Oak Park,false
16074090240000,241 S SCOVILLE AVE,41.88356708,-87.78818149,206,Ridgeland - Oak Park,false
16074070210000,241 S WESLEY AVE,41.88354284,-87.79149515,206,Ridgeland - Oak Park,false
16173020180000,242 FLOURNOY ST,41.87193933,-87.78128853,202,,false
16053160300000,242 IOWA ST,41.89663516,-87.78204785,205,,false
16074110110000,242 S ELMWOOD AVE,41.88360284,-87.78582911,206,Ridgeland - Oak Park,false
16073120120000,242 S KENILWORTH AVE,41.88358939,-87.79672327,205,Ridgeland - Oak Park,false
16053220100000,243 IOWA ST,41.89625435,-87.7820131,205,,false
16083060260000,243 S CUYLER AVE,41.88373128,-87.78334021,205,Ridgeland - Oak Park,false
16073070390000,243 S MAPLE AVE,41.88385141,-87.8044178,295,Ridgeland - Oak Park,false
16173020170000,244 FLOURNOY ST,41.87201561,-87.78136014,203,,false
16071150440000,244 FOREST AVE,41.89171534,-87.79985346,206,Frank Lloyd Wright,false
16073100100000,244 HOME AVE,41.88382808,-87.79966647,206,Ridgeland - Oak Park,false
16053160290000,244 IOWA ST,41.89663573,-87.78216695,205,,false
16073110170000,244 S CLINTON AVE,41.88382024,-87.79822063,205,Ridgeland - Oak Park,false
16074090120000,244 S EAST AVE,41.88353123,-87.78908974,206,Ridgeland - Oak Park,false
16083060120000,244 S RIDGELAND AVE,41.88362877,-87.78424914,206,Ridgeland - Oak Park,false
16074100130000,244 S SCOVILLE AVE,41.88355895,-87.78740186,205,Ridgeland - Oak Park,false
16074080120000,244 S WESLEY AVE,41.88351064,-87.79075436,206,Ridgeland - Oak Park,false
16071150360000,245 N KENILWORTH AVE,41.89172031,-87.7980577,206,Frank Lloyd Wright,false
16073100240000,245 S CLINTON AVE,41.88377577,-87.79893693,206,Ridgeland - Oak Park,false
16083060270000,245 S CUYLER AVE,41.88362443,-87.78334112,206,Ridgeland - Oak Park,false
16074110230000,245 S RIDGELAND AVE,41.88359887,-87.7849475,205,Ridgeland - Oak Park,false
16053160280000,246 IOWA ST,41.89663633,-87.78229083,205,,false
16073090250000,247 HOME AVE,41.88396685,-87.80044198,206,Ridgeland - Oak Park,false
16173020150000,248 FLOURNOY ST,41.87196985,-87.7815555,203,,false
16073100310000,248 HOME AVE,41.88368842,-87.79969103,206,Ridgeland - Oak Park,false
16073110350000,249 S KENILWORTH AVE,41.88350792,-87.79739761,210,Ridgeland - Oak Park,false
16071150380000,250 FOREST AVE,41.89190973,-87.79982506,206,Frank Lloyd Wright,false
16053160270000,250 IOWA ST,41.89663357,-87.78245761,204,,false
16083070230000,250 RANDOLPH ST,41.88401997,-87.78182241,206,Ridgeland - Oak Park,false
16073090390000,251 HOME AVE,41.88381653,-87.80042919,206,Ridgeland - Oak Park,false
16073100260000,251 S CLINTON AVE,41.88356949,-87.79891526,206,Ridgeland - Oak Park,false
16081190280000,252 LAKE ST,41.8886851,-87.7823297,202,Ridgeland - Oak Park,false
16081190020000,253 ONTARIO ST,41.89024789,-87.78242478,205,Ridgeland - Oak Park,false
16083190380000,253 W WASHINGTON BLVD,41.88148985,-87.78212731,210,Ridgeland - Oak Park,false
16053160330000,254 IOWA ST,41.89663421,-87.78259101,204,,false
16083010280000,255 SOUTH BLVD,41.88685507,-87.78260827,295,Ridgeland - Oak Park,false
16053160320000,256 IOWA ST,41.89662764,-87.78270542,205,,false
16081190270000,256 LAKE ST,41.88857718,-87.78249553,205,Ridgeland - Oak Park,false
16074060210000,257 S EUCLID AVE,41.88351652,-87.79308392,206,Ridgeland - Oak Park,false
16053160130000,258 IOWA ST,41.89662835,-87.78285311,205,,false
16073090410000,259 HOME AVE,41.8836592,-87.80041178,206,Ridgeland - Oak Park,false
16083070010000,259 PLEASANT ST,41.8851075,-87.7825876,206,Ridgeland - Oak Park,false
16053160120000,260 IOWA ST,41.89665033,-87.78298633,204,,false
16053160110000,264 IOWA ST,41.89662242,-87.78310092,204,,false
16073090330000,265 HOME AVE,41.88349501,-87.8004225,206,Ridgeland - Oak Park,false
16053200180000,28 IOWA ST,41.89672617,-87.7765727,204,,false
16051120080000,29 LE MOYNE PKWY,41.90717736,-87.77705307,204,,false
16071030300000,3 ELIZABETH CT,41.89225497,-87.79911967,206,Frank Lloyd Wright,false
16051050330000,30 LE MOYNE PKWY,41.90775622,-87.7770721,204,,false
16171070260000,30 S AUSTIN BLVD,41.8790018,-87.77496371,203,,false
16171010370000,300 ADAMS ST,41.87826353,-87.78221183,205,,false
16071030260000,300 FOREST AVE,41.89222035,-87.79987691,206,Frank Lloyd Wright,false
16072090080000,300 N EAST AVE,41.8917902,-87.78927605,206,Frank Lloyd Wright,false
16072110090000,300 N ELMWOOD AVE,41.89184283,-87.78601808,206,Frank Lloyd Wright,false
16072070060000,300 N EUCLID AVE,41.89182015,-87.79237833,206,Frank Lloyd Wright,false
16081080090000,300 N HARVEY AVE,41.8919328,-87.78119091,206,Ridgeland - Oak Park,false
16071040160000,300 N KENILWORTH AVE,41.89146301,-87.79726222,206,Frank Lloyd Wright,false
16072080080000,300 N LINDEN AVE,41.89184068,-87.79089041,206,Frank Lloyd Wright,false
16072100090000,300 N SCOVILLE AVE,41.8918297,-87.78762642,206,Frank Lloyd Wright,false
16081100130000,300 N TAYLOR AVE,41.8919787,-87.77791134,203,Ridgeland - Oak Park,false
16083130010000,300 S CUYLER AVE,41.8834165,-87.78254808,204,Ridgeland - Oak Park,false
16074170010000,300 S ELMWOOD AVE,41.88322054,-87.78584973,205,Ridgeland - Oak Park,false
16074130250000,300 S EUCLID AVE,41.88311813,-87.7922231,204,Ridgeland - Oak Park,false
16083170010000,300 S HUMPHREY AVE,41.88386695,-87.77604906,206,Ridgeland - Oak Park,false
16083150010000,300 S LOMBARD AVE,41.88384083,-87.7793445,203,Ridgeland - Oak Park,false
16074120010000,300 S OAK PARK AVE,41.88319397,-87.79402019,205,Ridgeland - Oak Park,false
16074160010000,300 S SCOVILLE AVE,41.88320997,-87.78740884,206,Ridgeland - Oak Park,false
16083160010000,300 S TAYLOR AVE,41.883857,-87.77769171,206,Ridgeland - Oak Park,false
16074140010000,300 S WESLEY AVE,41.88314649,-87.79056358,203,Ridgeland - Oak Park,false
16072100180000,301 N ELMWOOD AVE,41.89185547,-87.78680343,206,Frank Lloyd Wright,false
16072060160000,301 N EUCLID AVE,41.89175663,-87.79318626,204,Frank Lloyd Wright,false
16081070190000,301 N HARVEY AVE,41.89193314,-87.78194158,206,Ridgeland - Oak Park,false
16072110190000,301 N RIDGELAND AVE,41.89185657,-87.78516582,205,Frank Lloyd Wright,false
16072090160000,301 N SCOVILLE AVE,41.89187192,-87.78843927,206,Frank Lloyd Wright,false
16081090210000,301 N TAYLOR AVE,41.89197073,-87.77871748,206,Ridgeland - Oak Park,false
16073170120000,301 S CLINTON AVE,41.88320682,-87.79890424,206,Ridgeland - Oak Park,false
16083120110000,301 S CUYLER AVE,41.88328836,-87.78333327,204,Ridgeland - Oak Park,false
16074160080000,301 S ELMWOOD AVE,41.88315221,-87.78657468,206,Ridgeland - Oak Park,false
16074120160000,301 S EUCLID AVE,41.88315939,-87.79305725,206,Ridgeland - Oak Park,false
16083130110000,301 S HARVEY AVE,41.8836902,-87.78167082,205,Ridgeland - Oak Park,false
16083160120000,301 S HUMPHREY AVE,41.88385715,-87.77678861,206,Ridgeland - Oak Park,false
16083140100000,301 S LOMBARD AVE,41.88357027,-87.77994281,203,Ridgeland - Oak Park,false
16083150130000,301 S TAYLOR AVE,41.88384207,-87.77841103,205,Ridgeland - Oak Park,false
16074130090000,301 S WESLEY AVE,41.88312622,-87.79148387,206,Ridgeland - Oak Park,false
16074150020000,302 S EAST AVE,41.88310853,-87.78908558,206,Ridgeland - Oak Park,false
16083170020000,302 S HUMPHREY AVE,41.8837775,-87.77603928,206,Ridgeland - Oak Park,false
16083150020000,302 S LOMBARD AVE,41.88374618,-87.77934884,204,Ridgeland - Oak Park,false
16081060200000,303 N CUYLER AVE,41.89189282,-87.78356381,206,Ridgeland - Oak Park,false
16072080160000,303 N EAST AVE,41.89178207,-87.79014499,204,Frank Lloyd Wright,false
16071040390000,303 N GROVE AVE,41.89142812,-87.7964435,206,Frank Lloyd Wright,false
16072070180000,303 N LINDEN AVE,41.89183147,-87.79153395,206,Frank Lloyd Wright,false
16071060190000,303 N MAPLE AVE,41.89202206,-87.80413054,205,Frank Lloyd Wright,false
16071070220000,303 N MARION ST,41.89205489,-87.80306783,206,Frank Lloyd Wright,false
16073190130000,303 S GROVE AVE,41.88326966,-87.79600743,206,Ridgeland - Oak Park,false
16083160130000,303 S HUMPHREY AVE,41.88376772,-87.77678586,206,Ridgeland - Oak Park,false
16074150300000,303 S SCOVILLE AVE,41.88311573,-87.78816582,203,Ridgeland - Oak Park,false
16083150140000,303 S TAYLOR AVE,41.88373952,-87.77841191,205,Ridgeland - Oak Park,false
16072090070000,304 N EAST AVE,41.89191258,-87.78927023,206,Frank Lloyd Wright,false
16072110080000,304 N ELMWOOD AVE,41.89197054,-87.78603687,206,Frank Lloyd Wright,false
16081090090000,304 N LOMBARD AVE,41.89207278,-87.77956962,205,Ridgeland - Oak Park,false
16072100080000,304 N SCOVILLE AVE,41.89195127,-87.78760222,206,Frank Lloyd Wright,false
16081100120000,304 N TAYLOR AVE,41.89205588,-87.77791465,203,Ridgeland - Oak Park,false
16073180020000,304 S CLINTON AVE,41.88307473,-87.7982377,205,Ridgeland - Oak Park,false
16083130020000,304 S CUYLER AVE,41.88328829,-87.78255717,206,Ridgeland - Oak Park,false
16074130260000,304 S EUCLID AVE,41.8830009,-87.79230225,206,Ridgeland - Oak Park,false
16073200020000,304 S GROVE AVE,41.88314769,-87.79537358,206,Ridgeland - Oak Park,false
16083150030000,304 S LOMBARD AVE,41.8836515,-87.77934613,205,Ridgeland - Oak Park,false
16074120020000,304 S OAK PARK AVE,41.88310916,-87.79397923,206,Ridgeland - Oak Park,false
16083120020000,304 S RIDGELAND AVE,41.88316853,-87.78416875,204,Ridgeland - Oak Park,false
16083160020000,304 S TAYLOR AVE,41.88373598,-87.77767868,205,Ridgeland - Oak Park,false
16071080340000,305 FOREST AVE,41.89214057,-87.80065512,206,Frank Lloyd Wright,false
16073160240000,305 HOME AVE,41.88302658,-87.80038428,206,Ridgeland - Oak Park,false
16081060190000,305 N CUYLER AVE,41.89200566,-87.78357477,205,Ridgeland - Oak Park,false
16072080150000,305 N EAST AVE,41.89194365,-87.7900152,206,Frank Lloyd Wright,false
16072100170000,305 N ELMWOOD AVE,41.89198235,-87.78677527,205,Frank Lloyd Wright,false
16071040380000,305 N GROVE AVE,41.89154796,-87.7964425,205,Frank Lloyd Wright,false
16081070180000,305 N HARVEY AVE,41.89205179,-87.78192863,205,Ridgeland - Oak Park,false
16081080180000,305 N LOMBARD AVE,41.8920442,-87.78028768,204,Ridgeland - Oak Park,false
16072110180000,305 N RIDGELAND AVE,41.89198688,-87.78523482,206,Frank Lloyd Wright,false
16081090200000,305 N TAYLOR AVE,41.89211307,-87.7786924,206,Ridgeland - Oak Park,false
16073170130000,305 S CLINTON AVE,41.88308102,-87.79890529,206,Ridgeland - Oak Park,false
16083120120000,305 S CUYLER AVE,41.883185,-87.78333416,206,Ridgeland - Oak Park,false
16074120170000,305 S EUCLID AVE,41.88304415,-87.79299761,206,Ridgeland - Oak Park,false
16073190140000,305 S GROVE AVE,41.88315395,-87.7960084,206,Ridgeland - Oak Park,false
16074130080000,305 S WESLEY AVE,41.8830003,-87.79148164,205,Ridgeland - Oak Park,false
16083000080000,305 SOUTH BLVD,41.88678512,-87.78338385,203,Ridgeland - Oak Park,false
16081080080000,306 N HARVEY AVE,41.89207521,-87.78118173,205,Ridgeland - Oak Park,false
16081100110000,306 N TAYLOR AVE,41.89215382,-87.7779138,203,Ridgeland - Oak Park,false
16083130030000,306 S CUYLER AVE,41.88315996,-87.78256786,205,Ridgeland - Oak Park,false
16074150030000,306 S EAST AVE,41.88295119,-87.78907746,206,Ridgeland - Oak Park,false
16083170030000,306 S HUMPHREY AVE,41.88366184,-87.77604732,206,Ridgeland - Oak Park,false
16074120030000,306 S OAK PARK AVE,41.8829979,-87.79398586,205,Ridgeland - Oak Park,false
16074160020000,306 S SCOVILLE AVE,41.88301816,-87.78740538,206,Ridgeland - Oak Park,false
16083160030000,306 S TAYLOR AVE,41.88361756,-87.7776621,206,Ridgeland - Oak Park,false
16074140260000,306 S WESLEY AVE,41.88302474,-87.79070075,205,Ridgeland - Oak Park,false
16053000210000,307 DIVISION ST,41.9017281,-87.78418739,205,,false
16081060180000,307 N CUYLER AVE,41.89210662,-87.78358582,206,Ridgeland - Oak Park,false
16072090150000,307 N SCOVILLE AVE,41.89201576,-87.78844146,206,Frank Lloyd Wright,false
16083120130000,307 S CUYLER AVE,41.8830389,-87.78333062,204,Ridgeland - Oak Park,false
16074160090000,307 S ELMWOOD AVE,41.88299359,-87.78658113,206,Ridgeland - Oak Park,false
16083130130000,307 S HARVEY AVE,41.88356189,-87.78166233,205,Ridgeland - Oak Park,false
16083160140000,307 S HUMPHREY AVE,41.88364414,-87.77678694,206,Ridgeland - Oak Park,false
16074170280000,307 S RIDGELAND AVE,41.88299878,-87.78494178,204,Ridgeland - Oak Park,false
16083150150000,307 S TAYLOR AVE,41.88364751,-87.77841623,206,Ridgeland - Oak Park,false
16083000070000,307 SOUTH BLVD,41.88677665,-87.78348526,206,Ridgeland - Oak Park,false
16071030250000,308 FOREST AVE,41.89241079,-87.79988361,206,Frank Lloyd Wright,false
16073170030000,308 HOME AVE,41.882889,-87.799693,205,Ridgeland - Oak Park,false
16083050220000,308 N AUSTIN BLVD,41.88568643,-87.77517932,205,Ridgeland - Oak Park,false
16072110070000,308 N ELMWOOD AVE,41.8921101,-87.78605158,206,Frank Lloyd Wright,false
16081080070000,308 N HARVEY AVE,41.89218215,-87.78120069,205,Ridgeland - Oak Park,false
16071040150000,308 N KENILWORTH AVE,41.89164613,-87.79730149,206,Frank Lloyd Wright,false
16072080070000,308 N LINDEN AVE,41.89201508,-87.79088347,206,Frank Lloyd Wright,false
16081090080000,308 N LOMBARD AVE,41.89222414,-87.77956831,206,Ridgeland - Oak Park,false
16072060040000,308 N OAK PARK AVE,41.89196545,-87.79419582,206,Frank Lloyd Wright,false
16081060090000,308 N RIDGELAND AVE,41.89213814,-87.78446485,205,Frank Lloyd Wright,false
16081100100000,308 N TAYLOR AVE,41.89225172,-87.777905,203,Ridgeland - Oak Park,false
16074150040000,308 S EAST AVE,41.88283718,-87.78907843,206,Ridgeland - Oak Park,false
16074170040000,308 S ELMWOOD AVE,41.88301365,-87.78581312,206,Ridgeland - Oak Park,false
16073190030000,308 S KENILWORTH AVE,41.88301478,-87.79671593,205,Ridgeland - Oak Park,false
16074120050000,308 S OAK PARK AVE,41.88289269,-87.79398705,205,Ridgeland - Oak Park,false
16083120030000,308 S RIDGELAND AVE,41.88304777,-87.78425582,205,Ridgeland - Oak Park,false
16071080330000,309 FOREST AVE,41.89227706,-87.80065331,206,Frank Lloyd Wright,false
16072080140000,309 N EAST AVE,41.89207536,-87.79003867,206,Frank Lloyd Wright,false
16072100160000,309 N ELMWOOD AVE,41.89209836,-87.78682992,205,Frank Lloyd Wright,false
16071040370000,309 N GROVE AVE,41.89167006,-87.79646727,206,Frank Lloyd Wright,false
16081070170000,309 N HARVEY AVE,41.89217638,-87.78191563,205,Ridgeland - Oak Park,false
16071030360000,309 N KENILWORTH AVE,41.89224873,-87.7980533,206,Frank Lloyd Wright,false
16072070140000,309 N LINDEN AVE,41.89207039,-87.79157906,206,Frank Lloyd Wright,false
16081080150000,309 N LOMBARD AVE,41.89217777,-87.7802905,206,Ridgeland - Oak Park,false
16081090190000,309 N TAYLOR AVE,41.89221407,-87.7787114,205,Ridgeland - Oak Park,false
16073170140000,309 S CLINTON AVE,41.88293775,-87.79890648,206,Ridgeland - Oak Park,false
16074120180000,309 S EUCLID AVE,41.88290125,-87.79306842,205,Ridgeland - Oak Park,false
16073190150000,309 S GROVE AVE,41.88301136,-87.79598441,206,Ridgeland - Oak Park,false
16074150100000,309 S SCOVILLE AVE,41.88298272,-87.78812258,206,Ridgeland - Oak Park,false
16083150160000,309 S TAYLOR AVE,41.88353176,-87.77840667,205,Ridgeland - Oak Park,false
16074130100000,309 S WESLEY AVE,41.88290438,-87.79148725,206,Ridgeland - Oak Park,false
16051120070000,31 LE MOYNE PKWY,41.90719742,-87.77718328,203,,false
16081070070000,310 N CUYLER AVE,41.8922876,-87.78282739,204,Ridgeland - Oak Park,false
16083130040000,310 S CUYLER AVE,41.88302429,-87.78250697,205,Ridgeland - Oak Park,false
16074170050000,310 S ELMWOOD AVE,41.88288898,-87.78581419,206,Ridgeland - Oak Park,false
16083170040000,310 S HUMPHREY AVE,41.88351455,-87.77604156,206,Ridgeland - Oak Park,false
16083160040000,310 S TAYLOR AVE,41.88349668,-87.77767723,206,Ridgeland - Oak Park,false
16074140240000,310 S WESLEY AVE,41.88288468,-87.79071183,206,Ridgeland - Oak Park,false
16081060170000,311 N CUYLER AVE,41.89221643,-87.78358488,205,Ridgeland - Oak Park,false
16072100150000,311 N ELMWOOD AVE,41.89221987,-87.78679311,206,Frank Lloyd Wright,false
16071040360000,311 N GROVE AVE,41.8917964,-87.79648341,206,Frank Lloyd Wright,false
16081070160000,311 N HARVEY AVE,41.8922981,-87.78192254,206,Ridgeland - Oak Park,false
16081080140000,311 N LOMBARD AVE,41.89233217,-87.78030507,206,Ridgeland - Oak Park,false
16072110160000,311 N RIDGELAND AVE,41.89225394,-87.78522459,205,Frank Lloyd Wright,false
16072090140000,311 N SCOVILLE AVE,41.89218097,-87.78843186,206,Frank Lloyd Wright,false
16081090180000,311 N TAYLOR AVE,41.89231495,-87.77870655,205,Ridgeland - Oak Park,false
16074160100000,311 S ELMWOOD AVE,41.88286443,-87.78656754,206,Ridgeland - Oak Park,false
16083130140000,311 S HARVEY AVE,41.88341584,-87.78166839,204,Ridgeland - Oak Park,false
16083160150000,311 S HUMPHREY AVE,41.88351792,-87.77678803,206,Ridgeland - Oak Park,false
16083140240000,311 S LOMBARD AVE,41.88323566,-87.78003165,205,Ridgeland - Oak Park,false
16074170110000,311 S RIDGELAND AVE,41.88288482,-87.78494275,205,Ridgeland - Oak Park,false
16074150110000,311 S SCOVILLE AVE,41.88283306,-87.78812067,206,Ridgeland - Oak Park,false
16074130110000,311 S WESLEY AVE,41.88280856,-87.79151264,205,Ridgeland - Oak Park,false
16083000050000,311 SOUTH BLVD,41.88677319,-87.78368797,206,Ridgeland - Oak Park,false
16072090050000,312 N EAST AVE,41.89215736,-87.78925995,206,Frank Lloyd Wright,false
16072110060000,312 N ELMWOOD AVE,41.89223766,-87.78603856,206,Frank Lloyd Wright,false
16072070050000,312 N EUCLID AVE,41.89203616,-87.79243321,209,Frank Lloyd Wright,false
16071050180000,312 N GROVE AVE,41.89184249,-87.79581523,205,Frank Lloyd Wright,false
16081080060000,312 N HARVEY AVE,41.89232462,-87.78120343,205,Ridgeland - Oak Park,false
16071040140000,312 N KENILWORTH AVE,41.89180647,-87.79726576,206,Frank Lloyd Wright,false
16072080060000,312 N LINDEN AVE,41.89214973,-87.79088233,206,Frank Lloyd Wright,false
16081090070000,312 N LOMBARD AVE,41.89235166,-87.77954733,205,Ridgeland - Oak Park,false
16081060080000,312 N RIDGELAND AVE,41.89227167,-87.78445973,206,Frank Lloyd Wright,false
16072100060000,312 N SCOVILLE AVE,41.89221529,-87.78757612,206,Frank Lloyd Wright,false
16081100090000,312 N TAYLOR AVE,41.89233775,-87.7778963,206,Ridgeland - Oak Park,false
16073180040000,312 S CLINTON AVE,41.88280751,-87.79819124,206,Ridgeland - Oak Park,false
16073200040000,312 S GROVE AVE,41.882898,-87.79535344,206,Ridgeland - Oak Park,false
16073190050000,312 S KENILWORTH AVE,41.88284131,-87.79669374,206,Ridgeland - Oak Park,false
16083150050000,312 S LOMBARD AVE,41.88337414,-87.77932481,206,Ridgeland - Oak Park,false
16083120040000,312 S RIDGELAND AVE,41.88294435,-87.78424232,205,Ridgeland - Oak Park,false
16074160030000,312 S SCOVILLE AVE,41.88286308,-87.78739711,206,Ridgeland - Oak Park,false
16081000040000,313 CHICAGO AVE,41.8943372,-87.78407767,206,Frank Lloyd Wright,false
16071080320000,313 FOREST AVE,41.89242796,-87.80066349,206,Frank Lloyd Wright,false
16173010030000,313 HARRISON ST,41.87248057,-87.78242652,205,,false
16071030340000,313 N KENILWORTH AVE,41.89238315,-87.7980558,205,Frank Lloyd Wright,false
16071070140000,313 N MARION ST,41.89237369,-87.80306901,206,Frank Lloyd Wright,false
16074160110000,313 S ELMWOOD AVE,41.88274622,-87.78653886,206,Ridgeland - Oak Park,false
16083130150000,313 S HARVEY AVE,41.88328755,-87.78166469,204,Ridgeland - Oak Park,false
16083150170000,313 S TAYLOR AVE,41.88342559,-87.77839027,206,Ridgeland - Oak Park,false
16053150240000,314 IOWA ST,41.89664861,-87.78407214,206,,false
16071050170000,314 N GROVE AVE,41.89196666,-87.7958247,205,Frank Lloyd Wright,false
16081100080000,314 N TAYLOR AVE,41.89242977,-87.77789948,203,Ridgeland - Oak Park,false
16083130050000,314 S CUYLER AVE,41.8828925,-87.7825033,206,Ridgeland - Oak Park,false
16074150050000,314 S EAST AVE,41.88269658,-87.78907483,206,Ridgeland - Oak Park,false
16074170060000,314 S ELMWOOD AVE,41.88275003,-87.78582017,205,Ridgeland - Oak Park,false
16074130020000,314 S EUCLID AVE,41.88282934,-87.79229318,206,Ridgeland - Oak Park,false
16083140120000,314 S HARVEY AVE,41.8831748,-87.78093562,206,Ridgeland - Oak Park,false
16083170050000,314 S HUMPHREY AVE,41.88338695,-87.77602713,206,Ridgeland - Oak Park,false
16073190060000,314 S KENILWORTH AVE,41.88271879,-87.79670627,206,Ridgeland - Oak Park,false
16083160050000,314 S TAYLOR AVE,41.883387,-87.77768033,205,Ridgeland - Oak Park,false
16073160260000,315 HOME AVE,41.88277676,-87.80039077,205,Ridgeland - Oak Park,false
16081060160000,315 N CUYLER AVE,41.89232323,-87.78357602,205,Ridgeland - Oak Park,false
16072080130000,315 N EAST AVE,41.89222538,-87.7900538,204,Frank Lloyd Wright,false
16072060200000,315 N EUCLID AVE,41.8921116,-87.79318191,209,Frank Lloyd Wright,false
16071040350000,315 N GROVE AVE,41.89191186,-87.79646238,206,Frank Lloyd Wright,false
16072070120000,315 N LINDEN AVE,41.8922481,-87.79162265,205,Frank Lloyd Wright,false
16081090170000,315 N TAYLOR AVE,41.89241584,-87.7787017,205,Ridgeland - Oak Park,false
16073170150000,315 S CLINTON AVE,41.88277264,-87.7988224,278,Ridgeland - Oak Park,false
16074140150000,315 S EAST AVE,41.88287818,-87.78984183,206,Ridgeland - Oak Park,false
16074120190000,315 S EUCLID AVE,41.8827548,-87.79309548,206,Ridgeland - Oak Park,false
16073190160000,315 S GROVE AVE,41.88287121,-87.79597569,206,Ridgeland - Oak Park,false
16083130160000,315 S HARVEY AVE,41.88319834,-87.78163218,205,Ridgeland - Oak Park,false
16083160160000,315 S HUMPHREY AVE,41.8833802,-87.77678044,206,Ridgeland - Oak Park,false
16083140250000,315 S LOMBARD AVE,41.88309318,-87.78003288,206,Ridgeland - Oak Park,false
16074170120000,315 S RIDGELAND AVE,41.88275295,-87.78494388,206,Ridgeland - Oak Park,false
16074150120000,315 S SCOVILLE AVE,41.88270775,-87.78813672,206,Ridgeland - Oak Park,false
16083150180000,315 S TAYLOR AVE,41.88332332,-87.77839116,206,Ridgeland - Oak Park,false
16081070060000,316 N CUYLER AVE,41.89243609,-87.78284599,206,Ridgeland - Oak Park,false
16072110050000,316 N ELMWOOD AVE,41.89237714,-87.78603737,204,Frank Lloyd Wright,false
16081080050000,316 N HARVEY AVE,41.89245821,-87.78121024,206,Ridgeland - Oak Park,false
16081090060000,316 N LOMBARD AVE,41.89248346,-87.77954809,205,Ridgeland - Oak Park,false
16081060070000,316 N RIDGELAND AVE,41.89239934,-87.78447056,206,Frank Lloyd Wright,false
16072100050000,316 N SCOVILLE AVE,41.892361,-87.7876345,206,Frank Lloyd Wright,false
16081100070000,316 N TAYLOR AVE,41.89252015,-87.77791549,204,Ridgeland - Oak Park,false
16074130030000,316 S EUCLID AVE,41.88269078,-87.79230838,205,Ridgeland - Oak Park,false
16083140130000,316 S HARVEY AVE,41.88308928,-87.78094115,205,Ridgeland - Oak Park,false
16083150060000,316 S LOMBARD AVE,41.88323032,-87.77932605,206,Ridgeland - Oak Park,false
16083120050000,316 S RIDGELAND AVE,41.8828445,-87.78422399,205,Ridgeland - Oak Park,false
16074160040000,316 S SCOVILLE AVE,41.88274509,-87.78739301,206,Ridgeland - Oak Park,false
16083160060000,316 S TAYLOR AVE,41.88326875,-87.77768135,205,Ridgeland - Oak Park,false
16073160270000,317 HOME AVE,41.88262759,-87.80040477,205,Ridgeland - Oak Park,false
16081060150000,317 N CUYLER AVE,41.89242111,-87.78356325,206,Ridgeland - Oak Park,false
16072080120000,317 N EAST AVE,41.89236307,-87.79004853,206,Frank Lloyd Wright,false
16072100140000,317 N ELMWOOD AVE,41.89236529,-87.78679187,205,Frank Lloyd Wright,false
16072060100000,317 N EUCLID AVE,41.89225476,-87.79350985,206,Frank Lloyd Wright,false
16081070150000,317 N HARVEY AVE,41.89242273,-87.78191749,206,Ridgeland - Oak Park,false
16071030240000,317 N KENILWORTH AVE,41.89257668,-87.79804403,209,Frank Lloyd Wright,false
16081080130000,317 N LOMBARD AVE,41.89246839,-87.78030339,203,Ridgeland - Oak Park,false
16072110150000,317 N RIDGELAND AVE,41.89236978,-87.78524348,205,Frank Lloyd Wright,false
16072090130000,317 N SCOVILLE AVE,41.89232782,-87.78842241,206,Frank Lloyd Wright,false
16081090160000,317 N TAYLOR AVE,41.89250452,-87.77871661,205,Ridgeland - Oak Park,false
16073170160000,317 S CLINTON AVE,41.88262361,-87.79886616,206,Ridgeland - Oak Park,false
16083120150000,317 S CUYLER AVE,41.88276805,-87.78330925,205,Ridgeland - Oak Park,false
16074160120000,317 S ELMWOOD AVE,41.88262073,-87.78653993,206,Ridgeland - Oak Park,false
16074120200000,317 S EUCLID AVE,41.88264043,-87.79309645,206,Ridgeland - Oak Park,false
16073190170000,317 S GROVE AVE,41.8827015,-87.79598701,206,Ridgeland - Oak Park,false
16083130170000,317 S HARVEY AVE,41.88310209,-87.78163301,205,Ridgeland - Oak Park,false
16073140150000,317 S MAPLE AVE,41.88257469,-87.80425733,210,Ridgeland - Oak Park,false
16071030080000,318 FOREST AVE,41.8927366,-87.79984174,209,Frank Lloyd Wright,false
16081070050000,318 N CUYLER AVE,41.89255478,-87.78284099,205,Ridgeland - Oak Park,false
16072090030000,318 N EAST AVE,41.89238704,-87.78929489,206,Frank Lloyd Wright,false
16071050160000,318 N GROVE AVE,41.89206721,-87.79581813,205,Frank Lloyd Wright,false
16072080050000,318 N LINDEN AVE,41.8922936,-87.79088931,206,Frank Lloyd Wright,false
16081060060000,318 N RIDGELAND AVE,41.89250609,-87.78444977,205,Frank Lloyd Wright,false
16073160740000,318 PENNSYLVANIA WAY,41.8825625,-87.80148442,295,Ridgeland - Oak Park,false
16083130060000,318 S CUYLER AVE,41.88275733,-87.78254895,205,Ridgeland - Oak Park,false
16074150060000,318 S EAST AVE,41.88256765,-87.7891104,205,Ridgeland - Oak Park,false
16074170070000,318 S ELMWOOD AVE,41.88262882,-87.78581161,206,Ridgeland - Oak Park,false
16083140420000,318 S HARVEY AVE,41.88297884,-87.7809469,278,Ridgeland - Oak Park,false
16083170060000,318 S HUMPHREY AVE,41.88324633,-87.77602836,206,Ridgeland - Oak Park,false
16073190070000,318 S KENILWORTH AVE,41.88260884,-87.79669059,203,Ridgeland - Oak Park,false
16083120060000,318 S RIDGELAND AVE,41.88275186,-87.78422478,205,Ridgeland - Oak Park,false
16081000140000,318 SUPERIOR ST,41.89327084,-87.78416294,205,Frank Lloyd Wright,false
16073160680000,319 CHESTNUT LN,41.88256609,-87.80093461,295,Ridgeland - Oak Park,false
16081120200000,319 ERIE ST,41.89160884,-87.78410376,205,Frank Lloyd Wright,false
16071040340000,319 N GROVE AVE,41.89202587,-87.79643658,206,Frank Lloyd Wright,false
16072070100000,319 N LINDEN AVE,41.892398,-87.79161318,209,Frank Lloyd Wright,false
16081090150000,319 N TAYLOR AVE,41.89261316,-87.7787194,206,Ridgeland - Oak Park,false
16083130180000,319 S HARVEY AVE,41.88300596,-87.78163863,205,Ridgeland - Oak Park,false
16083160170000,319 S HUMPHREY AVE,41.88322351,-87.77676468,206,Ridgeland - Oak Park,false
16083140260000,319 S LOMBARD AVE,41.88296832,-87.78001477,206,Ridgeland - Oak Park,false
16073140160000,319 S MAPLE AVE,41.88250558,-87.8042369,210,Ridgeland - Oak Park,false
16074170130000,319 S RIDGELAND AVE,41.88264237,-87.78492248,205,Ridgeland - Oak Park,false
16083150190000,319 S TAYLOR AVE,41.88322113,-87.77840916,205,Ridgeland - Oak Park,false
16072110040000,320 N ELMWOOD AVE,41.8925137,-87.78604416,205,Frank Lloyd Wright,false
16071050150000,320 N GROVE AVE,41.89216995,-87.79582013,205,Frank Lloyd Wright,false
16081080040000,320 N HARVEY AVE,41.89261556,-87.7812208,206,Ridgeland - Oak Park,false
16081090050000,320 N LOMBARD AVE,41.89261721,-87.77955813,206,Ridgeland - Oak Park,false
16081060050000,320 N RIDGELAND AVE,41.89259512,-87.78444901,206,Frank Lloyd Wright,false
16072100040000,320 N SCOVILLE AVE,41.89249444,-87.78760952,206,Frank Lloyd Wright,false
16081100060000,320 N TAYLOR AVE,41.89261481,-87.77790721,206,Ridgeland - Oak Park,false
16073160750000,320 PENNSYLVANIA WAY,41.88249918,-87.80148037,295,Ridgeland - Oak Park,false
16073200060000,320 S GROVE AVE,41.8826003,-87.7953754,206,Ridgeland - Oak Park,false
16074160050000,320 S SCOVILLE AVE,41.88260485,-87.78738941,205,Ridgeland - Oak Park,false
16083160070000,320 S TAYLOR AVE,41.8831505,-87.77768238,205,Ridgeland - Oak Park,false
16074140060000,320 S WESLEY AVE,41.88254888,-87.79071628,206,Ridgeland - Oak Park,false
16073160670000,321 CHESTNUT LN,41.88250865,-87.80093259,295,Ridgeland - Oak Park,false
16073160280000,321 HOME AVE,41.88249421,-87.80040162,206,Ridgeland - Oak Park,false
16081060140000,321 N CUYLER AVE,41.89255771,-87.78357798,206,Ridgeland - Oak Park,false
16072080110000,321 N EAST AVE,41.89251612,-87.79005543,206,Frank Lloyd Wright,false
16072060090000,321 N EUCLID AVE,41.89238392,-87.79317141,206,Frank Lloyd Wright,false
16071040330000,321 N GROVE AVE,41.89212646,-87.7964386,206,Frank Lloyd Wright,false
16081070140000,321 N HARVEY AVE,41.89254751,-87.78194424,206,Ridgeland - Oak Park,false
16072110140000,321 N RIDGELAND AVE,41.89251823,-87.78525413,205,Frank Lloyd Wright,false
16072090120000,321 N SCOVILLE AVE,41.89247798,-87.78846622,203,Frank Lloyd Wright,false
16073170170000,321 S CLINTON AVE,41.88250926,-87.79885861,206,Ridgeland - Oak Park,false
16083120160000,321 S CUYLER AVE,41.88265598,-87.78329672,206,Ridgeland - Oak Park,false
16074140160000,321 S EAST AVE,41.88268247,-87.78981891,206,Ridgeland - Oak Park,false
16074160130000,321 S ELMWOOD AVE,41.88247684,-87.78652617,206,Ridgeland - Oak Park,false
16074120210000,321 S EUCLID AVE,41.88249734,-87.79308138,206,Ridgeland - Oak Park,false
16074170140000,321 S RIDGELAND AVE,41.88251768,-87.78491875,203,Ridgeland - Oak Park,false
16083150200000,321 S TAYLOR AVE,41.8831189,-87.7784186,205,Ridgeland - Oak Park,false
16074130140000,321 S WESLEY AVE,41.88240993,-87.79146684,206,Ridgeland - Oak Park,false
16072090020000,322 N EAST AVE,41.89253091,-87.78930187,206,Frank Lloyd Wright,false
16081110050000,322 N HUMPHREY AVE,41.89272749,-87.77634484,205,,false
16071040120000,322 N KENILWORTH AVE,41.89217638,-87.79719673,206,Frank Lloyd Wright,false
16072080040000,322 N LINDEN AVE,41.89246175,-87.7908551,206,Frank Lloyd Wright,false
16081090040000,322 N LOMBARD AVE,41.8927122,-87.77954552,205,Ridgeland - Oak Park,false
16081100050000,322 N TAYLOR AVE,41.89270434,-87.77791722,203,Ridgeland - Oak Park,false
16073160760000,322 PENNSYLVANIA WAY,41.88243533,-87.80147707,295,Ridgeland - Oak Park,false
16083130070000,322 S CUYLER AVE,41.8826203,-87.78252704,206,Ridgeland - Oak Park,false
16074170080000,322 S ELMWOOD AVE,41.88247923,-87.78583207,205,Ridgeland - Oak Park,false
16083150070000,322 S LOMBARD AVE,41.88311846,-87.77932702,205,Ridgeland - Oak Park,false
16074140070000,322 S WESLEY AVE,41.88239018,-87.79070293,205,Ridgeland - Oak Park,false
16073160660000,323 CHESTNUT LN,41.88244542,-87.8009309,295,Ridgeland - Oak Park,false
16071030490000,323 N KENILWORTH AVE,41.89277468,-87.79808353,204,Frank Lloyd Wright,false
16072110130000,323 N RIDGELAND AVE,41.89263691,-87.78524516,205,Frank Lloyd Wright,false
16081090140000,323 N TAYLOR AVE,41.89271099,-87.77871806,205,Ridgeland - Oak Park,false
16073190190000,323 S GROVE AVE,41.88247278,-87.79599372,206,Ridgeland - Oak Park,false
16083160180000,323 S HUMPHREY AVE,41.88309568,-87.77676579,206,Ridgeland - Oak Park,false
16083140270000,323 S LOMBARD AVE,41.88286145,-87.78001119,205,Ridgeland - Oak Park,false
16074150130000,323 S SCOVILLE AVE,41.88256664,-87.78813601,206,Ridgeland - Oak Park,false
16074130150000,323 S WESLEY AVE,41.8822512,-87.7914484,206,Ridgeland - Oak Park,false
16081070040000,324 N CUYLER AVE,41.89266754,-87.78283605,206,Ridgeland - Oak Park,false
16072110030000,324 N ELMWOOD AVE,41.89266516,-87.78604656,206,Frank Lloyd Wright,false
16072070020000,324 N EUCLID AVE,41.89254903,-87.79247912,206,Frank Lloyd Wright,false
16071050140000,324 N GROVE AVE,41.89225682,-87.79582217,205,Frank Lloyd Wright,false
16081080030000,324 N HARVEY AVE,41.8927372,-87.78121181,205,Ridgeland - Oak Park,false
16072080030000,324 N LINDEN AVE,41.89265981,-87.79082887,206,Frank Lloyd Wright,false
16081090030000,324 N LOMBARD AVE,41.89281807,-87.77955207,205,Ridgeland - Oak Park,false
16071070020000,324 N MAPLE AVE,41.89280675,-87.80363127,205,Frank Lloyd Wright,false
16081060040000,324 N RIDGELAND AVE,41.89268138,-87.78448802,205,Frank Lloyd Wright,false
16072100030000,324 N SCOVILLE AVE,41.89261422,-87.78763356,206,Frank Lloyd Wright,false
16081100040000,324 N TAYLOR AVE,41.89279912,-87.77793505,203,Ridgeland - Oak Park,false
16073160770000,324 PENNSYLVANIA WAY,41.88237256,-87.80147551,295,Ridgeland - Oak Park,false
16074130040000,324 S EUCLID AVE,41.88252677,-87.79227085,206,Ridgeland - Oak Park,false
16073200070000,324 S GROVE AVE,41.88244162,-87.79536683,206,Ridgeland - Oak Park,false
16083140160000,324 S HARVEY AVE,41.88282199,-87.78093386,205,Ridgeland - Oak Park,false
16083170070000,324 S HUMPHREY AVE,41.88308653,-87.77602975,206,Ridgeland - Oak Park,false
16073190080000,324 S KENILWORTH AVE,41.8824944,-87.79667686,203,Ridgeland - Oak Park,false
16083160080000,324 S TAYLOR AVE,41.88303683,-87.77767593,205,Ridgeland - Oak Park,false
16073160650000,325 CHESTNUT LN,41.88237951,-87.80092614,295,Ridgeland - Oak Park,false
16071080140000,325 FOREST AVE,41.89256138,-87.80112147,205,Frank Lloyd Wright,false
16081060130000,325 N CUYLER AVE,41.89270321,-87.78359263,206,Ridgeland - Oak Park,false
16072080100000,325 N EAST AVE,41.89269274,-87.79009486,206,Frank Lloyd Wright,false
16072100120000,325 N ELMWOOD AVE,41.89264012,-87.78680299,206,Frank Lloyd Wright,false
16071040320000,325 N GROVE AVE,41.89221839,-87.79641777,205,Frank Lloyd Wright,false
16081100160000,325 N HUMPHREY AVE,41.89279493,-87.77704176,205,Ridgeland - Oak Park,false
16072070090000,325 N LINDEN AVE,41.89258273,-87.79161185,206,Frank Lloyd Wright,false
16072110120000,325 N RIDGELAND AVE,41.89274968,-87.7852442,205,Frank Lloyd Wright,false
16072090110000,325 N SCOVILLE AVE,41.89259305,-87.78845539,206,Frank Lloyd Wright,false
16073170180000,325 S CLINTON AVE,41.8823632,-87.79885982,206,Ridgeland - Oak Park,false
16083120170000,325 S CUYLER AVE,41.88252061,-87.78329789,205,Ridgeland - Oak Park,false
16074160140000,325 S ELMWOOD AVE,41.88234041,-87.78654232,205,Ridgeland - Oak Park,false
16074120220000,325 S EUCLID AVE,41.88235254,-87.79306409,206,Ridgeland - Oak Park,false
16083130190000,325 S HARVEY AVE,41.882899,-87.78163955,206,Ridgeland - Oak Park,false
16074170150000,325 S RIDGELAND AVE,41.88241798,-87.7849292,203,Ridgeland - Oak Park,false
16074150140000,325 S SCOVILLE AVE,41.88243389,-87.78814704,206,Ridgeland - Oak Park,false
16073170070000,326 HOME AVE,41.8823383,-87.79965087,206,Ridgeland - Oak Park,false
16081070030000,326 N CUYLER AVE,41.89276986,-87.78284093,206,Ridgeland - Oak Park,false
16072110020000,326 N ELMWOOD AVE,41.89278223,-87.78606421,234,Frank Lloyd Wright,false
16071050130000,326 N GROVE AVE,41.89235991,-87.79582877,205,Frank Lloyd Wright,false
16081110040000,326 N HUMPHREY AVE,41.89280542,-87.77633298,205,,false
16071080010000,326 N MARION ST,41.89294376,-87.80251615,206,Frank Lloyd Wright,false
16081060030000,326 N RIDGELAND AVE,41.89278221,-87.78447126,205,Frank Lloyd Wright,false
16073160780000,326 PENNSYLVANIA WAY,41.88230929,-87.80147487,295,Ridgeland - Oak Park,false
16083130080000,326 S CUYLER AVE,41.88248848,-87.78253776,206,Ridgeland - Oak Park,false
16074170090000,326 S ELMWOOD AVE,41.88232957,-87.78583815,205,Ridgeland - Oak Park,false
16083170080000,326 S HUMPHREY AVE,41.88296184,-87.77602227,206,Ridgeland - Oak Park,false
16083150090000,326 S LOMBARD AVE,41.88299373,-87.77931098,205,Ridgeland - Oak Park,false
16083160090000,326 S TAYLOR AVE,41.88292707,-87.77765607,206,Ridgeland - Oak Park,false
16074140080000,326 S WESLEY AVE,41.88226713,-87.79060409,206,Ridgeland - Oak Park,false
16073160640000,327 CHESTNUT LN,41.88230804,-87.80092848,295,Ridgeland - Oak Park,false
16072060080000,327 N EUCLID AVE,41.89256414,-87.79319161,205,Frank Lloyd Wright,false
16071040310000,327 N GROVE AVE,41.89232576,-87.79643874,206,Frank Lloyd Wright,false
16081070120000,327 N HARVEY AVE,41.8927849,-87.78193425,206,Ridgeland - Oak Park,false
16072110110000,327 N RIDGELAND AVE,41.89284175,-87.78522338,205,Frank Lloyd Wright,false
16081090130000,327 N TAYLOR AVE,41.89280568,-87.77871724,205,Ridgeland - Oak Park,false
16074140180000,327 S EAST AVE,41.8824169,-87.78982596,206,Ridgeland - Oak Park,false
16083160190000,327 S HUMPHREY AVE,41.88295499,-87.77675417,205,Ridgeland - Oak Park,false
16083140280000,327 S LOMBARD AVE,41.88275802,-87.77999454,205,Ridgeland - Oak Park,false
16081070020000,328 N CUYLER AVE,41.89288692,-87.78285485,206,Ridgeland - Oak Park,false
16081080020000,328 N HARVEY AVE,41.89287718,-87.78124292,206,Ridgeland - Oak Park,false
16081110030000,328 N HUMPHREY AVE,41.89289456,-87.77633593,205,,false
16071040110000,328 N KENILWORTH AVE,41.89236613,-87.79715999,206,Frank Lloyd Wright,false
16081090020000,328 N LOMBARD AVE,41.89291275,-87.77955125,205,Ridgeland - Oak Park,false
16071070010000,328 N MAPLE AVE,41.89291505,-87.80366087,205,Frank Lloyd Wright,false
16081060020000,328 N RIDGELAND AVE,41.89287798,-87.78448014,205,Frank Lloyd Wright,false
16072100020000,328 N SCOVILLE AVE,41.8927702,-87.78763224,206,Frank Lloyd Wright,false
16081100030000,328 N TAYLOR AVE,41.89287988,-87.77793435,203,Ridgeland - Oak Park,false
16073160790000,328 PENNSYLVANIA WAY,41.88225215,-87.80147197,295,Ridgeland - Oak Park,false
16083130090000,328 S CUYLER AVE,41.88239943,-87.78253853,205,Ridgeland - Oak Park,false
16074150070000,328 S EAST AVE,41.88243468,-87.78909684,206,Ridgeland - Oak Park,false
16074130050000,328 S EUCLID AVE,41.88237542,-87.79226733,209,Ridgeland - Oak Park,false
16073200080000,328 S GROVE AVE,41.88233448,-87.79532816,206,Ridgeland - Oak Park,false
16083140170000,328 S HARVEY AVE,41.88268299,-87.78093026,206,Ridgeland - Oak Park,false
16073190090000,328 S KENILWORTH AVE,41.88239115,-87.79667772,204,Ridgeland - Oak Park,false
16083150100000,328 S LOMBARD AVE,41.88288509,-87.77931619,205,Ridgeland - Oak Park,false
16073160630000,329 CHESTNUT LN,41.88224977,-87.80092924,295,Ridgeland - Oak Park,false
16081060120000,329 N CUYLER AVE,41.89282844,-87.78360507,206,Ridgeland - Oak Park,false
16072080090000,329 N EAST AVE,41.89283192,-87.79007503,206,Frank Lloyd Wright,false
16072100110000,329 N ELMWOOD AVE,41.89277112,-87.78682053,206,Frank Lloyd Wright,false
16081100150000,329 N HUMPHREY AVE,41.89293432,-87.7770704,204,Ridgeland - Oak Park,false
16071060110000,329 N MAPLE AVE,41.89291665,-87.80415262,205,Frank Lloyd Wright,false
16072090100000,329 N SCOVILLE AVE,41.89275767,-87.78851367,206,Frank Lloyd Wright,false
16081090120000,329 N TAYLOR AVE,41.89290043,-87.77872761,205,Ridgeland - Oak Park,false
16073170190000,329 S CLINTON AVE,41.88222987,-87.79886519,206,Ridgeland - Oak Park,false
16083120180000,329 S CUYLER AVE,41.88239942,-87.78329413,205,Ridgeland - Oak Park,false
16074140190000,329 S EAST AVE,41.88228403,-87.78981239,206,Ridgeland - Oak Park,false
16074120230000,329 S EUCLID AVE,41.88221233,-87.79306528,206,Ridgeland - Oak Park,false
16073190250000,329 S GROVE AVE,41.88218484,-87.79595176,295,Ridgeland - Oak Park,false
16083130200000,329 S HARVEY AVE,41.882785,-87.78163094,205,Ridgeland - Oak Park,false
16083140290000,329 S LOMBARD AVE,41.88265486,-87.78001747,206,Ridgeland - Oak Park,false
16074170160000,329 S RIDGELAND AVE,41.88231107,-87.78492052,203,Ridgeland - Oak Park,false
16083150220000,329 S TAYLOR AVE,41.88293353,-87.77842021,206,Ridgeland - Oak Park,false
16073170080000,330 HOME AVE,41.88220806,-87.7996392,206,Ridgeland - Oak Park,false
16072090170000,330 N EAST AVE,41.89280031,-87.78928177,209,Frank Lloyd Wright,false
16071050120000,330 N GROVE AVE,41.89244909,-87.79583922,205,Frank Lloyd Wright,false
16081110020000,330 N HUMPHREY AVE,41.89298925,-87.77633511,205,,false
16081060010000,330 N RIDGELAND AVE,41.89297545,-87.78447558,205,Frank Lloyd Wright,false
16081100020000,330 N TAYLOR AVE,41.89297446,-87.77791115,203,Ridgeland - Oak Park,false
16073160800000,330 PENNSYLVANIA WAY,41.88218931,-87.80147638,295,Ridgeland - Oak Park,false
16074130210000,330 S EUCLID AVE,41.88222408,-87.79224373,209,Ridgeland - Oak Park,false
16083170090000,330 S HUMPHREY AVE,41.88283404,-87.77603194,205,Ridgeland - Oak Park,false
16083150110000,330 S LOMBARD AVE,41.8827701,-87.77933003,205,Ridgeland - Oak Park,false
16073150090000,330 S MAPLE AVE,41.88208942,-87.80358961,206,Ridgeland - Oak Park,false
16083160110000,330 S TAYLOR AVE,41.88268007,-87.77764896,206,Ridgeland - Oak Park,false
16073160620000,331 CHESTNUT LN,41.88219566,-87.8009225,295,Ridgeland - Oak Park,false
16072100100000,331 N ELMWOOD AVE,41.89291026,-87.78679323,205,Frank Lloyd Wright,false
16071040300000,331 N GROVE AVE,41.89243718,-87.7964378,205,Frank Lloyd Wright,false
16081070110000,331 N HARVEY AVE,41.89289381,-87.78196973,206,Ridgeland - Oak Park,false
16072110100000,331 N RIDGELAND AVE,41.89295316,-87.78522242,205,Frank Lloyd Wright,false
16081090110000,331 N TAYLOR AVE,41.89301461,-87.77872662,206,Ridgeland - Oak Park,false
16074120260000,331 S EUCLID AVE,41.88207578,-87.79305653,206,Ridgeland - Oak Park,false
16073190240000,331 S GROVE AVE,41.88214011,-87.79594536,295,Ridgeland - Oak Park,false
16083160200000,331 S HUMPHREY AVE,41.8828339,-87.77673393,205,Ridgeland - Oak Park,false
16083140300000,331 S LOMBARD AVE,41.8825501,-87.78004806,206,Ridgeland - Oak Park,false
16073170090000,332 HOME AVE,41.88207459,-87.79961321,206,Ridgeland - Oak Park,false
16081070010000,332 N CUYLER AVE,41.89299554,-87.78285392,205,Ridgeland - Oak Park,false
16072110010000,332 N ELMWOOD AVE,41.89293254,-87.78604055,206,Frank Lloyd Wright,false
16071050110000,332 N GROVE AVE,41.89260785,-87.79583789,205,Frank Lloyd Wright,false
16081080010000,332 N HARVEY AVE,41.89299698,-87.78124935,206,Ridgeland - Oak Park,false
16081110010000,332 N HUMPHREY AVE,41.89307291,-87.77635676,205,,false
16072080010000,332 N LINDEN AVE,41.89281584,-87.79083874,206,Frank Lloyd Wright,false
16081090010000,332 N LOMBARD AVE,41.89301023,-87.77955041,205,Ridgeland - Oak Park,false
16072100010000,332 N SCOVILLE AVE,41.89290654,-87.78760123,206,Frank Lloyd Wright,false
16081100010000,332 N TAYLOR AVE,41.89305244,-87.77791048,203,Ridgeland - Oak Park,false
16074150080000,332 S EAST AVE,41.88230559,-87.78909793,206,Ridgeland - Oak Park,false
16073200090000,332 S GROVE AVE,41.88220555,-87.79536402,206,Ridgeland - Oak Park,false
16083140180000,332 S HARVEY AVE,41.88255423,-87.78089899,206,Ridgeland - Oak Park,false
16073190100000,332 S KENILWORTH AVE,41.88228435,-87.79671309,205,Ridgeland - Oak Park,false
16074120120000,332 S OAK PARK AVE,41.88211678,-87.793916,206,Ridgeland - Oak Park,false
16073160080000,332 WISCONSIN AVE,41.88203018,-87.80202116,206,Ridgeland - Oak Park,false
16071030090000,333 ELIZABETH TRL,41.89263004,-87.79905014,204,Frank Lloyd Wright,false
16071080260000,333 FOREST AVE,41.89299166,-87.80067472,209,Frank Lloyd Wright,false
16081060110000,333 N CUYLER AVE,41.89295094,-87.78359283,206,Ridgeland - Oak Park,false
16072060070000,333 N EUCLID AVE,41.89277676,-87.79318549,209,Frank Lloyd Wright,false
16081070100000,333 N HARVEY AVE,41.89301342,-87.78193513,206,Ridgeland - Oak Park,false
16081100140000,333 N HUMPHREY AVE,41.89303457,-87.77706579,206,Ridgeland - Oak Park,false
16072070070000,333 N LINDEN AVE,41.89281673,-87.79161733,206,Frank Lloyd Wright,false
16071050310000,333 N OAK PARK AVE,41.8926245,-87.79506029,206,Frank Lloyd Wright,false
16083120190000,333 S CUYLER AVE,41.88228179,-87.78328075,205,Ridgeland - Oak Park,false
16083130210000,333 S HARVEY AVE,41.88267795,-87.78161267,205,Ridgeland - Oak Park,false
16074130300000,333 S WESLEY AVE,41.8820709,-87.79151532,210,Ridgeland - Oak Park,false
16073150200000,333 WISCONSIN AVE,41.88203667,-87.80273808,205,Ridgeland - Oak Park,false
16071040100000,334 N KENILWORTH AVE,41.89254187,-87.79721448,206,Frank Lloyd Wright,false
16073200100000,334 S GROVE AVE,41.88204716,-87.79532771,206,Ridgeland - Oak Park,false
16083170100000,334 S HUMPHREY AVE,41.88269331,-87.77601176,205,Ridgeland - Oak Park,false
16073190110000,334 S KENILWORTH AVE,41.88217349,-87.79669423,206,Ridgeland - Oak Park,false
16083150120000,334 S LOMBARD AVE,41.88265172,-87.77930537,205,Ridgeland - Oak Park,false
16071040290000,335 N GROVE AVE,41.89254892,-87.79650775,206,Frank Lloyd Wright,false
16073170200000,335 S CLINTON AVE,41.88210282,-87.79885774,206,Ridgeland - Oak Park,false
16083130220000,335 S HARVEY AVE,41.88260161,-87.78162382,205,Ridgeland - Oak Park,false
16083160210000,335 S HUMPHREY AVE,41.88270697,-87.77673388,206,Ridgeland - Oak Park,false
16083140310000,335 S LOMBARD AVE,41.88243112,-87.77998866,205,Ridgeland - Oak Park,false
16083140190000,336 S HARVEY AVE,41.88239274,-87.78090038,206,Ridgeland - Oak Park,false
16074160200000,337 S ELMWOOD AVE,41.88194994,-87.7863963,206,Ridgeland - Oak Park,false
16083140320000,337 S LOMBARD AVE,41.88233126,-87.77998953,205,Ridgeland - Oak Park,false
16074130410000,337 S WESLEY AVE,41.88191595,-87.79151154,210,Ridgeland - Oak Park,false
16073150210000,337 WISCONSIN AVE,41.88188738,-87.80272656,206,Ridgeland - Oak Park,false
16071040090000,338 N KENILWORTH AVE,41.89271179,-87.79721679,206,Frank Lloyd Wright,false
16073160090000,338 WISCONSIN AVE,41.88189682,-87.80202227,205,Ridgeland - Oak Park,false
16071040280000,339 N GROVE AVE,41.89272433,-87.79649136,206,Frank Lloyd Wright,false
16083140330000,339 S LOMBARD AVE,41.88224946,-87.78001871,205,Ridgeland - Oak Park,false
16051050320000,34 LE MOYNE PKWY,41.9077569,-87.77721422,204,,false
16071050100000,340 N GROVE AVE,41.89273878,-87.79584052,206,Frank Lloyd Wright,false
16071040080000,344 N KENILWORTH AVE,41.89288453,-87.79722653,206,Frank Lloyd Wright,false
16051120060000,35 LE MOYNE PKWY,41.90716563,-87.77730572,203,,false
16051050310000,38 LE MOYNE PKWY,41.90772738,-87.77734193,204,,false
16051120050000,39 LE MOYNE PKWY,41.90717278,-87.77744486,203,,false
16051270430000,4 DIVISION ST,41.90231463,-87.77553579,295,,false
16071150050000,4 ELIZABETH CT,41.89182213,-87.79916224,206,Frank Lloyd Wright,false
16051050300000,40 LE MOYNE PKWY,41.90772127,-87.77746943,203,,false
16062230310000,400 BERKSHIRE ST,41.90399368,-87.78441459,205,,false
16071030070000,400 FOREST AVE,41.89314796,-87.79984684,205,Frank Lloyd Wright,false
16073240010000,400 HOME AVE,41.88132277,-87.7995998,206,Ridgeland - Oak Park,false
16081010110000,400 N CUYLER AVE,41.89327694,-87.78286805,206,Ridgeland - Oak Park,false
16072050090000,400 N ELMWOOD AVE,41.89324656,-87.78605326,206,Frank Lloyd Wright,false
16081020110000,400 N HARVEY AVE,41.89331911,-87.78120822,206,Ridgeland - Oak Park,false
16081050150000,400 N HUMPHREY AVE,41.89335992,-87.77638679,205,,false
16071040070000,400 N KENILWORTH AVE,41.8930406,-87.79724388,206,Frank Lloyd Wright,false
16072020240000,400 N LINDEN AVE,41.89316401,-87.79085188,234,Frank Lloyd Wright,false
16081030120000,400 N LOMBARD AVE,41.89330317,-87.77965557,205,,false
16071010070000,400 N MAPLE AVE,41.89321273,-87.80370326,205,Frank Lloyd Wright,false
16072000370000,400 N OAK PARK AVE,41.89311232,-87.79434512,203,Frank Lloyd Wright,false
16072040100000,400 N SCOVILLE AVE,41.89321334,-87.78768595,206,Frank Lloyd Wright,false
16064180120000,401 AUGUSTA ST,41.89803171,-87.78539254,206,Frank Lloyd Wright,false
16081000200000,401 N CUYLER AVE,41.89327463,-87.78354911,204,Ridgeland - Oak Park,false
16081010210000,401 N HARVEY AVE,41.89331432,-87.78195004,203,Ridgeland - Oak Park,false
16071030190000,401 N KENILWORTH AVE,41.89297728,-87.79806214,209,Frank Lloyd Wright,false
16072010110000,401 N LINDEN AVE,41.8932942,-87.79169747,206,Frank Lloyd Wright,false
16073210190000,401 S MAPLE AVE,41.8812735,-87.80422137,205,Ridgeland - Oak Park,false
16064180230000,402 IOWA ST,41.89664376,-87.78528707,205,Frank Lloyd Wright,false
16062220380000,402 LENOX ST,41.90501014,-87.78414477,206,,false
16071050080000,402 N GROVE AVE,41.893087,-87.79584879,205,Frank Lloyd Wright,false
16081000130000,402 N RIDGELAND AVE,41.89328484,-87.78451942,205,Frank Lloyd Wright,false
16072020130000,403 N EAST AVE,41.89328617,-87.79012341,206,Frank Lloyd Wright,false
16072040190000,403 N ELMWOOD AVE,41.89323989,-87.7868261,206,Frank Lloyd Wright,false
16071050280000,403 N OAK PARK AVE,41.89307857,-87.7950714,206,Frank Lloyd Wright,false
16072050200000,403 N RIDGELAND AVE,41.89326528,-87.78525515,205,Frank Lloyd Wright,false
16072030160000,403 N SCOVILLE AVE,41.893208,-87.78848746,206,Frank Lloyd Wright,false
16081030240000,403 N TAYLOR AVE,41.89337791,-87.77865691,203,,false
16073240310000,404 HOME AVE,41.88120529,-87.79960077,205,Ridgeland - Oak Park,false
16081010100000,404 N CUYLER AVE,41.89336612,-87.78287848,205,Ridgeland - Oak Park,false
16072030230000,404 N EAST AVE,41.89333519,-87.78929856,206,Frank Lloyd Wright,false
16081050140000,404 N HUMPHREY AVE,41.89346016,-87.77638218,205,,false
16081030110000,404 N LOMBARD AVE,41.89339788,-87.77965848,205,,false
16071010060000,404 N MAPLE AVE,41.89334646,-87.80369453,203,Frank Lloyd Wright,false
16081020170000,405 N LOMBARD AVE,41.89338489,-87.78034233,206,,false
16081030230000,405 N TAYLOR AVE,41.89348864,-87.77867881,205,,false
16064120260000,406 AUGUSTA ST,41.89837673,-87.7853842,205,Frank Lloyd Wright,false
16081010090000,406 N CUYLER AVE,41.89345809,-87.78288888,205,Ridgeland - Oak Park,false
16072050080000,406 N ELMWOOD AVE,41.89338868,-87.78606697,205,Frank Lloyd Wright,false
16081020100000,406 N HARVEY AVE,41.89346405,-87.78122935,205,,false
16081050130000,406 N HUMPHREY AVE,41.89356877,-87.77638124,203,,false
16072020230000,406 N LINDEN AVE,41.8933648,-87.79090241,209,Frank Lloyd Wright,false
16081030100000,406 N LOMBARD AVE,41.89349818,-87.77966508,205,,false
16081000120000,406 N RIDGELAND AVE,41.89341577,-87.78452203,206,Frank Lloyd Wright,false
16072040090000,406 N SCOVILLE AVE,41.89335253,-87.78766984,206,Frank Lloyd Wright,false
16072170090000,407 ERIE ST,41.89156278,-87.78522963,278,Frank Lloyd Wright,false
16062230150000,407 LENOX ST,41.90448739,-87.78433687,204,,false
16072040180000,407 N ELMWOOD AVE,41.89337362,-87.78683242,206,Frank Lloyd Wright,false
16081010200000,407 N HARVEY AVE,41.8934509,-87.78197125,206,Ridgeland - Oak Park,false
16071030180000,407 N KENILWORTH AVE,41.89317382,-87.798091,209,Frank Lloyd Wright,false
16081020160000,407 N LOMBARD AVE,41.89347391,-87.78032291,203,,false
16071000270000,407 N MAPLE AVE,41.8933664,-87.80423408,278,Frank Lloyd Wright,false
16072030140000,407 N SCOVILLE AVE,41.89340297,-87.7884858,206,Frank Lloyd Wright,false
16081030220000,407 N TAYLOR AVE,41.89357497,-87.77867806,205,,false
16073220550000,407 WISCONSIN AVE,41.88107256,-87.80279709,295,Ridgeland - Oak Park,false
16062230300000,408 BERKSHIRE ST,41.90400539,-87.78456663,204,,false
16073240050000,408 HOME AVE,41.88108149,-87.79961031,206,Ridgeland - Oak Park,false
16062220330000,408 LENOX ST,41.90500022,-87.78431234,203,,false
16071040060000,408 N KENILWORTH AVE,41.89319941,-87.79725374,206,Frank Lloyd Wright,false
16081030090000,408 N LOMBARD AVE,41.89359276,-87.77964188,205,,false
16071010050000,408 N MAPLE AVE,41.89346806,-87.80367918,203,Frank Lloyd Wright,false
16071020130000,408 N MARION ST,41.89348603,-87.80252968,204,Frank Lloyd Wright,false
16064060150000,409 DIVISION ST,41.90164638,-87.78561007,206,Frank Lloyd Wright,false
16081000190000,409 N CUYLER AVE,41.89344459,-87.78355885,206,Ridgeland - Oak Park,false
16071040250000,409 N GROVE AVE,41.89324229,-87.79646463,206,Frank Lloyd Wright,false
16072050170000,409 N RIDGELAND AVE,41.89349606,-87.78516738,203,Frank Lloyd Wright,false
16081030210000,409 N TAYLOR AVE,41.89365572,-87.77867363,205,,false
16074200190000,409 S EAST AVE,41.88102167,-87.78965164,295,,false
16083220080000,41 W WASHINGTON BLVD,41.88179733,-87.7767959,206,Ridgeland - Oak Park,false
16062230290000,410 BERKSHIRE ST,41.90397672,-87.78469939,204,,false
16062220320000,410 LENOX ST,41.9050008,-87.78443504,205,,false
16081010080000,410 N CUYLER AVE,41.89355845,-87.78290667,206,Ridgeland - Oak Park,false
16072050070000,410 N ELMWOOD AVE,41.89351961,-87.78606959,206,Frank Lloyd Wright,false
16081020090000,410 N HARVEY AVE,41.89360332,-87.78122815,206,,false
16081050120000,410 N HUMPHREY AVE,41.89366627,-87.77638412,203,,false
16071040050000,410 N KENILWORTH AVE,41.89338049,-87.79725969,206,Frank Lloyd Wright,false
16081000110000,410 N RIDGELAND AVE,41.89354673,-87.7845321,205,Frank Lloyd Wright,false
16072040080000,410 N SCOVILLE AVE,41.8934974,-87.78767607,206,Frank Lloyd Wright,false
16071020270000,411 FOREST AVE,41.89346326,-87.80078068,206,Frank Lloyd Wright,false
16184130630000,411 GARFIELD ST,41.87119754,-87.78493557,210,,false
16062230140000,411 LENOX ST,41.90448821,-87.78450864,204,,false
16081000180000,411 N CUYLER AVE,41.8935755,-87.78355772,206,Ridgeland - Oak Park,false
16072040170000,411 N ELMWOOD AVE,41.8935074,-87.78684993,206,Frank Lloyd Wright,false
16081040200000,411 N HUMPHREY AVE,41.8936641,-87.77708644,205,,false
16072010100000,411 N LINDEN AVE,41.8934533,-87.79176701,204,Frank Lloyd Wright,false
16081020150000,411 N LOMBARD AVE,41.89361165,-87.78034506,206,,false
16071000120000,411 N MAPLE AVE,41.89354715,-87.8041646,278,Frank Lloyd Wright,false
16071010140000,411 N MARION ST,41.89350511,-87.80296331,203,Frank Lloyd Wright,false
16072050160000,411 N RIDGELAND AVE,41.89358801,-87.78517405,203,Frank Lloyd Wright,false
16081030200000,411 N TAYLOR AVE,41.89374485,-87.77867659,206,,false
16072230230000,411 ONTARIO ST,41.89021068,-87.78543072,205,Frank Lloyd Wright,false
16074200200000,411 S EAST AVE,41.8810121,-87.7897288,295,,false
16064180220000,412 IOWA ST,41.89661674,-87.78558754,205,Frank Lloyd Wright,false
16081010070000,412 N CUYLER AVE,41.89367269,-87.78291315,203,Ridgeland - Oak Park,false
16071050060000,412 N GROVE AVE,41.89338221,-87.79583885,206,Frank Lloyd Wright,false
16081050110000,412 N HUMPHREY AVE,41.89377219,-87.77640186,203,,false
16081030080000,412 N LOMBARD AVE,41.89369861,-87.7796447,205,,false
16071010040000,412 N MAPLE AVE,41.89359901,-87.80368191,205,Frank Lloyd Wright,false
16072040070000,412 N SCOVILLE AVE,41.89362835,-87.78768242,206,Frank Lloyd Wright,false
16074050270000,412 PLEASANT ST,41.88540707,-87.78523848,206,Ridgeland - Oak Park,false
16074110240000,412 RANDOLPH ST,41.88360904,-87.78530779,205,Ridgeland - Oak Park,false
16073250030000,412 S CLINTON AVE,41.8809815,-87.79812528,206,Ridgeland - Oak Park,false
16074170210000,412 W WASHINGTON BLVD,41.88193086,-87.78522506,205,Ridgeland - Oak Park,false
16064060140000,413 DIVISION ST,41.90165276,-87.78578786,205,Frank Lloyd Wright,false
16071040240000,413 N GROVE AVE,41.89339858,-87.79653047,205,Frank Lloyd Wright,false
16081040190000,413 N HUMPHREY AVE,41.89376159,-87.77708932,205,,false
16074200210000,413 S EAST AVE,41.88100589,-87.78981169,295,,false
16073260100000,413 S GROVE AVE,41.88104087,-87.7958976,206,Ridgeland - Oak Park,false
16073250280000,413 S KENILWORTH AVE,41.88100599,-87.79736245,295,,false
16073220450000,413 WISCONSIN AVE,41.88087902,-87.80261074,210,Ridgeland - Oak Park,false
16064120230000,414 AUGUSTA ST,41.89836994,-87.78573443,206,Frank Lloyd Wright,false
16062230280000,414 BERKSHIRE ST,41.90398876,-87.78492013,205,,false
16071030060000,414 FOREST AVE,41.8934556,-87.79989765,206,Frank Lloyd Wright,false
16182310280000,414 HARRISON ST,41.87273638,-87.78477532,205,Gunderson ,false
16062220310000,414 LENOX ST,41.90499432,-87.78461178,205,,false
16072050060000,414 N ELMWOOD AVE,41.89366445,-87.78606835,205,Frank Lloyd Wright,false
16081020080000,414 N HARVEY AVE,41.89374537,-87.78122693,205,,false
16072020280000,414 N LINDEN AVE,41.89360737,-87.79095258,206,Frank Lloyd Wright,false
16081000100000,414 N RIDGELAND AVE,41.89369705,-87.78451216,206,Frank Lloyd Wright,false
16083220100000,414 S TAYLOR AVE,41.88144975,-87.77762062,205,Ridgeland - Oak Park,false
16072050190000,414 SUPERIOR ST,41.89323544,-87.78554852,205,Frank Lloyd Wright,false
16064060310000,414 THOMAS ST,41.90000756,-87.7857657,205,Frank Lloyd Wright,false
16071020260000,415 FOREST AVE,41.89361808,-87.80073462,206,Frank Lloyd Wright,false
16184130620000,415 GARFIELD ST,41.87114308,-87.78499022,210,,false
16081000170000,415 N CUYLER AVE,41.89370078,-87.78354546,206,Ridgeland - Oak Park,false
16072020110000,415 N EAST AVE,41.89364833,-87.79013526,206,Frank Lloyd Wright,false
16072040160000,415 N ELMWOOD AVE,41.8936494,-87.78683752,206,Frank Lloyd Wright,false
16071040220000,415 N GROVE AVE,41.89353792,-87.79654423,206,Frank Lloyd Wright,false
16081010180000,415 N HARVEY AVE,41.89373508,-87.78198372,205,,false
16081040180000,415 N HUMPHREY AVE,41.89385353,-87.77709599,205,,false
16072010130000,415 N LINDEN AVE,41.89379172,-87.79172646,206,Frank Lloyd Wright,false
16081020140000,415 N LOMBARD AVE,41.89374815,-87.78035135,203,,false
16072050150000,415 N RIDGELAND AVE,41.89367714,-87.78517329,203,Frank Lloyd Wright,false
16072030120000,415 N SCOVILLE AVE,41.89368982,-87.78847591,206,Frank Lloyd Wright,false
16081030190000,415 N TAYLOR AVE,41.89383594,-87.77868011,205,,false
16074200220000,415 S EAST AVE,41.88101328,-87.78988095,295,,false
16074180090000,415 S EUCLID AVE,41.88096197,-87.79295313,206,Ridgeland - Oak Park,false
16074230050000,415 W WASHINGTON BLVD,41.88146005,-87.78534775,206,Ridgeland - Oak Park,false
16081020070000,416 N HARVEY AVE,41.89383727,-87.78122241,205,,false
16081030070000,416 N LOMBARD AVE,41.89379887,-87.77964383,205,,false
16071010030000,416 N MAPLE AVE,41.89373437,-87.80371038,205,Frank Lloyd Wright,false
16072000230000,416 N OAK PARK AVE,41.89363743,-87.79436558,206,Frank Lloyd Wright,false
16081000090000,416 N RIDGELAND AVE,41.8938085,-87.78451866,205,Frank Lloyd Wright,false
16074190050000,416 S EUCLID AVE,41.8808637,-87.79223519,206,Ridgeland - Oak Park,false
16073270030000,416 S GROVE AVE,41.8809198,-87.79531743,205,Ridgeland - Oak Park,false
16083220110000,416 S TAYLOR AVE,41.88134428,-87.77762154,205,Ridgeland - Oak Park,false
16074200030000,416 S WESLEY AVE,41.88089456,-87.79061112,205,,false
16073230040000,416 WISCONSIN AVE,41.88076558,-87.80198775,206,,false
16074200240000,417 1/2 S EAST AVE,41.88101387,-87.79000491,295,,false
16062230130000,417 LENOX ST,41.90451094,-87.78466549,205,,false
16071030170000,417 N KENILWORTH AVE,41.89351544,-87.79810339,209,Frank Lloyd Wright,false
16071000110000,417 N MAPLE AVE,41.89368672,-87.80417107,206,Frank Lloyd Wright,false
16071010110000,417 N MARION ST,41.89374271,-87.80304985,202,Frank Lloyd Wright,false
16072050140000,417 N RIDGELAND AVE,41.89380514,-87.78514608,206,Frank Lloyd Wright,false
16072030110000,417 N SCOVILLE AVE,41.89384582,-87.78847831,206,Frank Lloyd Wright,false
16074200230000,417 S EAST AVE,41.88101548,-87.78995976,295,,false
16083220180000,417 S HUMPHREY AVE,41.88146038,-87.77668537,205,Ridgeland - Oak Park,false
16062230270000,418 BERKSHIRE ST,41.90398968,-87.78511153,205,,false
16062220300000,418 LENOX ST,41.90498427,-87.78480818,205,,false
16081010060000,418 N CUYLER AVE,41.89383975,-87.78290052,203,Ridgeland - Oak Park,false
16072050050000,418 N ELMWOOD AVE,41.89378148,-87.78607854,206,Frank Lloyd Wright,false
16081020060000,418 N HARVEY AVE,41.89392365,-87.78122912,206,,false
16081050090000,418 N HUMPHREY AVE,41.893993,-87.77640204,203,,false
16081030060000,418 N LOMBARD AVE,41.89389081,-87.7796505,205,,false
16072040060000,418 N SCOVILLE AVE,41.89375651,-87.78768879,206,Frank Lloyd Wright,false
16083200050000,418 S HARVEY AVE,41.88106538,-87.78083393,205,Ridgeland - Oak Park,false
16083220120000,418 S TAYLOR AVE,41.88127716,-87.77762212,205,Ridgeland - Oak Park,false
16071020240000,419 FOREST AVE,41.89380033,-87.80075217,206,Frank Lloyd Wright,false
16062230120000,419 LENOX ST,41.90448278,-87.78490621,203,,false
16081000160000,419 N CUYLER AVE,41.89385401,-87.78355161,203,Ridgeland - Oak Park,false
16072040150000,419 N ELMWOOD AVE,41.89378308,-87.78683265,206,Frank Lloyd Wright,false
16081010170000,419 N HARVEY AVE,41.89387724,-87.78200489,205,,false
16081040170000,419 N HUMPHREY AVE,41.89393157,-87.7771065,205,,false
16081020130000,419 N LOMBARD AVE,41.8938985,-87.78034259,204,,false
16071050240000,419 N OAK PARK AVE,41.89365075,-87.79524799,205,Frank Lloyd Wright,false
16081030180000,419 N TAYLOR AVE,41.89393704,-87.77868028,205,,false
16074170030000,419 RANDOLPH ST,41.88324294,-87.78549931,205,Ridgeland - Oak Park,false
16051050290000,42 LE MOYNE PKWY,41.90773933,-87.77759731,204,,false
16081010050000,420 N CUYLER AVE,41.89399855,-87.78290614,206,Ridgeland - Oak Park,false
16072030170000,420 N EAST AVE,41.89385046,-87.78929046,209,Frank Lloyd Wright,false
16072010030000,420 N EUCLID AVE,41.89379811,-87.79240095,209,Frank Lloyd Wright,false
16071050040000,420 N GROVE AVE,41.89370802,-87.7958212,206,Frank Lloyd Wright,false
16071040040000,420 N KENILWORTH AVE,41.89366179,-87.7972536,209,Frank Lloyd Wright,false
16081030050000,420 N LOMBARD AVE,41.89405113,-87.77964911,206,,false
16071010020000,420 N MAPLE AVE,41.89385399,-87.80372464,203,Frank Lloyd Wright,false
16081000080000,420 N RIDGELAND AVE,41.89395328,-87.78450623,206,Frank Lloyd Wright,false
16073230790000,420 PENNSYLVANIA WAY,41.88063553,-87.80140807,295,,false
16073250040000,420 S CLINTON AVE,41.88082608,-87.79811194,205,Ridgeland - Oak Park,false
16073270040000,420 S GROVE AVE,41.8807833,-87.79531858,206,Ridgeland - Oak Park,false
16083230050000,420 S HUMPHREY AVE,41.88126496,-87.77594358,203,Ridgeland - Oak Park,false
16083220130000,420 S TAYLOR AVE,41.88121961,-87.77761834,205,Ridgeland - Oak Park,false
16073230050000,420 WISCONSIN AVE,41.88063142,-87.80197603,206,,false
16073230970000,421 CHESTNUT LN,41.8806495,-87.80091708,295,,false
16072020200000,421 N EAST AVE,41.89385464,-87.79017455,204,Frank Lloyd Wright,false
16071040210000,421 N GROVE AVE,41.89367719,-87.79654306,206,Frank Lloyd Wright,false
16081040160000,421 N HUMPHREY AVE,41.8940229,-87.77707539,202,,false
16073240190000,421 S CLINTON AVE,41.88069248,-87.79878508,206,Ridgeland - Oak Park,false
16073260120000,421 S GROVE AVE,41.88076413,-87.79589483,205,Ridgeland - Oak Park,false
16083220200000,421 S HUMPHREY AVE,41.88125893,-87.77666572,205,Ridgeland - Oak Park,false
16062230260000,422 BERKSHIRE ST,41.90401976,-87.78527323,206,,false
16071030470000,422 FOREST AVE,41.89374444,-87.79988859,206,Frank Lloyd Wright,false
16062220290000,422 LENOX ST,41.90498516,-87.78499467,205,,false
16072050040000,422 N ELMWOOD AVE,41.89392352,-87.7860736,206,Frank Lloyd Wright,false
16081020050000,422 N HARVEY AVE,41.89401571,-87.7812597,205,,false
16081050080000,422 N HUMPHREY AVE,41.8940851,-87.77644227,205,,false
16072040050000,422 N SCOVILLE AVE,41.89391249,-87.78768746,206,Frank Lloyd Wright,false
16081040110000,422 N TAYLOR AVE,41.89407183,-87.7780056,205,,false
16073230780000,422 PENNSYLVANIA WAY,41.88058046,-87.8014042,295,,false
16073250050000,422 S CLINTON AVE,41.88070352,-87.79811596,206,Ridgeland - Oak Park,false
16074230110000,422 S ELMWOOD AVE,41.88080926,-87.78573344,206,,false
16083200060000,422 S HARVEY AVE,41.88093565,-87.78086725,205,Ridgeland - Oak Park,false
16083210100000,422 S LOMBARD AVE,41.88110827,-87.77926708,206,Ridgeland - Oak Park,false
16073230960000,423 CHESTNUT LN,41.8805896,-87.80091758,295,,false
16071020230000,423 FOREST AVE,41.89394834,-87.80075094,206,Frank Lloyd Wright,false
16062220350000,423 GREENFIELD ST,41.90547164,-87.78482388,205,,false
16062230110000,423 LENOX ST,41.90448369,-87.78509761,205,,false
16081000150000,423 N CUYLER AVE,41.89398497,-87.78356167,206,Ridgeland - Oak Park,false
16072040140000,423 N ELMWOOD AVE,41.89392793,-87.78683515,205,Frank Lloyd Wright,false
16081010160000,423 N HARVEY AVE,41.89400525,-87.78198198,205,,false
16081040150000,423 N HUMPHREY AVE,41.89409531,-87.77707476,205,,false
16071030160000,423 N KENILWORTH AVE,41.89374277,-87.79802144,206,Frank Lloyd Wright,false
16072050130000,423 N RIDGELAND AVE,41.89394446,-87.78515608,205,Frank Lloyd Wright,false
16081030170000,423 N TAYLOR AVE,41.89405885,-87.77869147,205,,false
16074200100000,423 S EAST AVE,41.88074485,-87.78973376,206,,false
16083220210000,423 S HUMPHREY AVE,41.88115983,-87.7766623,205,Ridgeland - Oak Park,false
16064180100000,424 IOWA ST,41.89666183,-87.78609202,206,Frank Lloyd Wright,false
16071050030000,424 N GROVE AVE,41.8938362,-87.79583132,206,Frank Lloyd Wright,false
16081020030000,424 N HARVEY AVE,41.89416314,-87.7812174,204,,false
16071040030000,424 N KENILWORTH AVE,41.89385414,-87.79728557,206,Frank Lloyd Wright,false
16072020260000,424 N LINDEN AVE,41.8938274,-87.79094699,278,Frank Lloyd Wright,false
16072000310000,424 N OAK PARK AVE,41.89378213,-87.79433452,206,Frank Lloyd Wright,false
16073230770000,424 PENNSYLVANIA WAY,41.88051733,-87.80140472,295,,false
16074050170000,424 PLEASANT ST,41.88536565,-87.78582833,206,Ridgeland - Oak Park,false
16073270050000,424 S GROVE AVE,41.88064677,-87.79531463,206,Ridgeland - Oak Park,false
16083200070000,424 S HARVEY AVE,41.88083602,-87.78087291,205,Ridgeland - Oak Park,false
16073230950000,425 CHESTNUT LN,41.88053779,-87.80091801,295,,false
16062220150000,425 GREENFIELD ST,41.90547225,-87.78495149,205,,false
16072020190000,425 N EAST AVE,41.89407337,-87.79024874,204,Frank Lloyd Wright,false
16072010120000,425 N LINDEN AVE,41.89404847,-87.79175308,209,Frank Lloyd Wright,false
16072030100000,425 N SCOVILLE AVE,41.8939796,-87.78849583,206,Frank Lloyd Wright,false
16073240200000,425 S CLINTON AVE,41.88055519,-87.79878622,206,Ridgeland - Oak Park,false
16074200110000,425 S EAST AVE,41.88060404,-87.78971577,206,,false
16073260130000,425 S GROVE AVE,41.88063138,-87.79590583,206,Ridgeland - Oak Park,false
16083190340000,425 S HARVEY AVE,41.8807754,-87.78166808,295,Ridgeland - Oak Park,false
16073270240000,425 S OAK PARK AVE,41.88064059,-87.79467183,295,Ridgeland - Oak Park,false
16062230250000,426 BERKSHIRE ST,41.90399862,-87.78545009,206,,false
16071030030000,426 FOREST AVE,41.89392653,-87.79987183,206,Frank Lloyd Wright,false
16062220280000,426 LENOX ST,41.90498948,-87.78513205,206,,false
16081010040000,426 N CUYLER AVE,41.89413487,-87.78290794,205,Ridgeland - Oak Park,false
16072050030000,426 N ELMWOOD AVE,41.8940801,-87.78603448,205,Frank Lloyd Wright,false
16081050040000,426 N HUMPHREY AVE,41.89422714,-87.77644104,205,,false
16081030040000,426 N LOMBARD AVE,41.89418342,-87.77968696,203,,false
16072040040000,426 N SCOVILLE AVE,41.8940377,-87.78766028,206,Frank Lloyd Wright,false
16073230760000,426 PENNSYLVANIA WAY,41.88046713,-87.80140297,295,,false
16073250060000,426 S CLINTON AVE,41.8805621,-87.79810155,206,Ridgeland - Oak Park,false
16083200080000,426 S HARVEY AVE,41.88074586,-87.78089326,205,Ridgeland - Oak Park,false
16073230940000,427 CHESTNUT LN,41.88049085,-87.80092056,295,,false
16062220140000,427 GREENFIELD ST,41.90547281,-87.78506927,205,,false
16062230100000,427 LENOX ST,41.9044809,-87.78527922,205,,false
16072040130000,427 N ELMWOOD AVE,41.89405898,-87.78686388,206,Frank Lloyd Wright,false
16072000170000,427 N EUCLID AVE,41.89397009,-87.79324162,206,Frank Lloyd Wright,false
16081010150000,427 N HARVEY AVE,41.89412339,-87.78199807,205,,false
16071030150000,427 N KENILWORTH AVE,41.89394245,-87.79807713,206,Frank Lloyd Wright,false
16071050220000,427 N OAK PARK AVE,41.89386884,-87.79506955,206,Frank Lloyd Wright,false
16081030250000,427 N TAYLOR AVE,41.89420003,-87.77870524,203,,false
16083220220000,427 S HUMPHREY AVE,41.88107032,-87.7766588,206,Ridgeland - Oak Park,false
16074230290000,427 S RIDGELAND AVE,41.88068867,-87.78496394,295,,false
16073220290000,427 WISCONSIN AVE,41.8804245,-87.80260443,205,,false
16072030210000,428 N EAST AVE,41.89407613,-87.78932919,203,Frank Lloyd Wright,false
16073250070000,428 S CLINTON AVE,41.88042095,-87.79810572,206,Ridgeland - Oak Park,false
16073270060000,428 S GROVE AVE,41.88053611,-87.79531555,205,Ridgeland - Oak Park,false
16073260050000,428 S KENILWORTH AVE,41.88048949,-87.79665733,205,,false
16073230330000,429 HOME AVE,41.88039655,-87.8002945,205,,false
16081010140000,429 N HARVEY AVE,41.89425145,-87.78199697,205,,false
16072030090000,429 N SCOVILLE AVE,41.89409394,-87.7885247,206,Frank Lloyd Wright,false
16073250330000,429 S KENILWORTH AVE,41.88042779,-87.79735644,295,,false
16073270290000,429 S OAK PARK AVE,41.88048925,-87.79464984,295,Ridgeland - Oak Park,false
16051120040000,43 LE MOYNE PKWY,41.90718641,-87.77758393,204,,false
16062230240000,430 BERKSHIRE ST,41.90398129,-87.78565637,203,,false
16062220270000,430 LENOX ST,41.90497976,-87.78534292,206,,false
16072010010000,430 N EUCLID AVE,41.89423325,-87.79246758,206,Frank Lloyd Wright,false
16081050030000,430 N HUMPHREY AVE,41.89432461,-87.77644019,205,,false
16081030030000,430 N LOMBARD AVE,41.89429365,-87.77967647,203,,false
16072040030000,430 N SCOVILLE AVE,41.8941491,-87.7876556,206,Frank Lloyd Wright,false
16073270070000,430 S GROVE AVE,41.88042542,-87.79531169,205,Ridgeland - Oak Park,false
16073260060000,430 S KENILWORTH AVE,41.88039725,-87.7966581,205,,false
16083220150000,430 S TAYLOR AVE,41.88084519,-87.77751996,204,Ridgeland - Oak Park,false
16062220130000,431 GREENFIELD ST,41.90546969,-87.78518218,205,,false
16073230340000,431 HOME AVE,41.88030076,-87.80029529,205,,false
16062230090000,431 LENOX ST,41.9044343,-87.78549557,203,,false
16072040120000,431 N ELMWOOD AVE,41.8941982,-87.7868515,206,Frank Lloyd Wright,false
16072000160000,431 N EUCLID AVE,41.89423339,-87.79325369,206,Frank Lloyd Wright,false
16081010130000,431 N HARVEY AVE,41.89436164,-87.78197697,205,,false
16081030150000,431 N TAYLOR AVE,41.89430319,-87.77870435,203,,false
16073240210000,431 S CLINTON AVE,41.88040824,-87.79877034,206,Ridgeland - Oak Park,false
16073260140000,431 S GROVE AVE,41.88046163,-87.79590725,206,Ridgeland - Oak Park,false
16074230360000,431 S RIDGELAND AVE,41.88053726,-87.78494805,295,,false
16083210170000,431 S TAYLOR AVE,41.88085278,-87.77829781,206,Ridgeland - Oak Park,false
16062230230000,432 BERKSHIRE ST,41.90397853,-87.78584779,206,,false
16081010020000,432 N CUYLER AVE,41.89434112,-87.78289188,205,Ridgeland - Oak Park,false
16072050020000,432 N ELMWOOD AVE,41.89424426,-87.78599577,206,Frank Lloyd Wright,false
16071050020000,432 N GROVE AVE,41.89405311,-87.79577084,206,Frank Lloyd Wright,false
16071040430000,432 N KENILWORTH AVE,41.89401095,-87.79736651,206,Frank Lloyd Wright,false
16081030020000,432 N LOMBARD AVE,41.8943897,-87.77967564,278,,false
16083230080000,432 S HUMPHREY AVE,41.88086535,-87.77592566,206,Ridgeland - Oak Park,false
16073230080000,432 WISCONSIN AVE,41.88022314,-87.8019842,205,,false
16062220120000,433 GREENFIELD ST,41.90545196,-87.78530503,205,,false
16071040190000,433 N GROVE AVE,41.89401058,-87.79652803,206,Frank Lloyd Wright,false
16081010120000,433 N HARVEY AVE,41.89445768,-87.78197614,205,,false
16071050370000,433 N OAK PARK AVE,41.89406721,-87.79498454,206,Frank Lloyd Wright,false
16073240220000,433 S CLINTON AVE,41.88027725,-87.79875433,205,Ridgeland - Oak Park,false
16062220260000,434 LENOX ST,41.90497701,-87.78553435,206,,false
16081010010000,434 N CUYLER AVE,41.89443717,-87.78289106,206,Ridgeland - Oak Park,false
16072030200000,434 N EAST AVE,41.89430754,-87.78936645,206,Frank Lloyd Wright,false
16072040020000,434 N SCOVILLE AVE,41.89424955,-87.78769205,205,Frank Lloyd Wright,false
16073270080000,434 S GROVE AVE,41.88031846,-87.79531258,205,Ridgeland - Oak Park,false
16073260070000,434 S KENILWORTH AVE,41.8802792,-87.79666419,205,,false
16083220160000,434 S TAYLOR AVE,41.88073036,-87.77756803,203,Ridgeland - Oak Park,false
16073230350000,435 HOME AVE,41.88020497,-87.80029609,205,,false
16062230080000,435 LENOX ST,41.90444604,-87.78565339,206,,false
16072020220000,435 N EAST AVE,41.894295,-87.79018496,204,Frank Lloyd Wright,false
16072040110000,435 N ELMWOOD AVE,41.89435232,-87.78684273,206,Frank Lloyd Wright,false
16072030080000,435 N SCOVILLE AVE,41.89419412,-87.78850519,206,Frank Lloyd Wright,false
16081030140000,435 N TAYLOR AVE,41.89440281,-87.77870825,278,,false
16083210180000,435 S TAYLOR AVE,41.88072484,-87.77827751,205,Ridgeland - Oak Park,false
16072050010000,436 N ELMWOOD AVE,41.89439213,-87.78604674,205,Frank Lloyd Wright,false
16071050010000,436 N GROVE AVE,41.8941743,-87.79582223,206,Frank Lloyd Wright,false
16071040440000,436 N KENILWORTH AVE,41.89416355,-87.797289,278,Frank Lloyd Wright,false
16081030010000,436 N LOMBARD AVE,41.89447863,-87.77967487,205,,false
16072040010000,436 N SCOVILLE AVE,41.89437041,-87.78771925,206,Frank Lloyd Wright,false
16062220110000,437 GREENFIELD ST,41.9054489,-87.78543266,206,,false
16071030140000,437 N KENILWORTH AVE,41.89420327,-87.79801961,206,Frank Lloyd Wright,false
16083210190000,437 S TAYLOR AVE,41.88063205,-87.7782826,205,Ridgeland - Oak Park,false
16064110210000,438 AUGUSTA ST,41.8984161,-87.78697446,206,Frank Lloyd Wright,false
16062230220000,438 BERKSHIRE ST,41.90400871,-87.78602912,204,,false
16062220250000,438 LENOX ST,41.9049779,-87.78572084,206,,false
16062220100000,439 GREENFIELD ST,41.90544953,-87.78556517,206,,false
16062230070000,439 LENOX ST,41.90442497,-87.78584497,204,,false
16072030070000,439 N SCOVILLE AVE,41.89435632,-87.78847339,205,Frank Lloyd Wright,false
16081030130000,439 N TAYLOR AVE,41.89449886,-87.77870742,203,,false
16072020250000,440 N LINDEN AVE,41.89407631,-87.79087288,209,Frank Lloyd Wright,false
16062230210000,442 BERKSHIRE ST,41.9039875,-87.78619126,204,,false
16062220240000,442 LENOX ST,41.90496438,-87.78588217,205,,false
16062220090000,443 GREENFIELD ST,41.90546116,-87.78569758,205,,false
16062230060000,443 LENOX ST,41.90443314,-87.78602158,206,,false
16074220060000,443 W WASHINGTON BLVD,41.88141509,-87.78654665,205,Ridgeland - Oak Park,false
16062230200000,444 BERKSHIRE ST,41.90397005,-87.786373,205,,false
16064170240000,444 IOWA ST,41.89657694,-87.7869408,206,Frank Lloyd Wright,false
16182140150000,446 JACKSON BLVD,41.87639984,-87.78652342,205,Gunderson ,false
16062220230000,446 LENOX ST,41.90496891,-87.78606372,205,,false
16062220080000,447 GREENFIELD ST,41.90544373,-87.78588423,205,,false
16062230050000,447 LENOX ST,41.90443039,-87.78621301,205,,false
16074220050000,447 W WASHINGTON BLVD,41.88141601,-87.78673912,206,Ridgeland - Oak Park,false
16062230190000,448 BERKSHIRE ST,41.90396708,-87.7865015,206,,false
16062220220000,448 LENOX ST,41.9049736,-87.78627962,205,,false
16051120030000,45 LE MOYNE PKWY,41.907187,-87.7777055,204,,false
16083220070000,45 W WASHINGTON BLVD,41.8817883,-87.77691154,206,Ridgeland - Oak Park,false
16064170230000,450 IOWA ST,41.89657834,-87.78723619,205,Frank Lloyd Wright,false
16062220070000,451 GREENFIELD ST,41.9054337,-87.78608554,206,,false
16062230040000,451 LENOX ST,41.90443125,-87.78639372,206,,false
16062230180000,452 BERKSHIRE ST,41.90399707,-87.78664356,203,,false
16062220210000,452 LENOX ST,41.90500298,-87.78642761,204,,false
16064170120000,454 IOWA ST,41.89656891,-87.78749832,206,Frank Lloyd Wright,false
16062220060000,455 GREENFIELD ST,41.90543092,-87.78627206,206,,false
16062230030000,455 LENOX ST,41.90443587,-87.7865949,206,,false
16062220200000,456 LENOX ST,41.90500366,-87.78656993,204,,false
16062220050000,459 GREENFIELD ST,41.90542789,-87.7864046,204,,false
16062230020000,459 LENOX ST,41.90445123,-87.78674201,205,,false
16051050280000,46 LE MOYNE PKWY,41.90773571,-87.77772479,203,,false
16062220190000,460 LENOX ST,41.90500436,-87.78671716,204,,false
16062220040000,461 GREENFIELD ST,41.90541757,-87.78654702,204,,false
16062230010000,463 LENOX ST,41.9044411,-87.78692368,205,,false
16062220180000,464 LENOX ST,41.90500502,-87.78685457,204,,false
16053190170000,47 AUGUSTA ST,41.89812894,-87.77760175,202,,false
16051120020000,47 LE MOYNE PKWY,41.90717463,-87.77782718,204,,false
16051050270000,48 LE MOYNE PKWY,41.90774708,-87.77786095,203,,false
16071030310000,5 ELIZABETH CT,41.89216169,-87.79882503,206,Frank Lloyd Wright,false
16051130070000,5 LE MOYNE PKWY,41.90720406,-87.77587879,203,,false
16064230120000,500 FAIR OAKS AVE,41.89469889,-87.78774293,205,Frank Lloyd Wright,false
16064240120000,500 N ELMWOOD AVE,41.89472647,-87.78606081,206,Frank Lloyd Wright,false
16064210060000,500 N LINDEN AVE,41.89475941,-87.7908909,206,Frank Lloyd Wright,false
16064190090000,500 N OAK PARK AVE,41.89466859,-87.79426472,204,Frank Lloyd Wright,false
16182070010000,500 S ELMWOOD AVE,41.87969,-87.78542202,205,Gunderson ,false
16064220210000,501 FAIR OAKS AVE,41.89467748,-87.78847688,205,Frank Lloyd Wright,false
16064230240000,501 N ELMWOOD AVE,41.89471621,-87.78689479,206,Frank Lloyd Wright,false
16064200140000,501 N LINDEN AVE,41.8947421,-87.79174384,206,Frank Lloyd Wright,false
16063250120000,502 N GROVE AVE,41.8945694,-87.79587129,205,Frank Lloyd Wright,false
16063240190000,503 N GROVE AVE,41.89458355,-87.79657571,209,Frank Lloyd Wright,false
16064220090000,504 N EAST AVE,41.89480247,-87.78932864,206,Frank Lloyd Wright,false
16181050020000,504 S CLINTON AVE,41.87941819,-87.79851917,205,,false
16064220190000,505 FAIR OAKS AVE,41.89479847,-87.78848538,206,Frank Lloyd Wright,false
16064230230000,505 N ELMWOOD AVE,41.89485131,-87.78687935,206,Frank Lloyd Wright,false
16064230110000,506 FAIR OAKS AVE,41.89483407,-87.78774178,206,Frank Lloyd Wright,false
16064240110000,506 N ELMWOOD AVE,41.89484746,-87.7860693,205,Frank Lloyd Wright,false
16064200070000,506 N EUCLID AVE,41.89475617,-87.79246317,206,Frank Lloyd Wright,false
16063250110000,506 N GROVE AVE,41.89470811,-87.79586536,205,Frank Lloyd Wright,false
16182070020000,506 S ELMWOOD AVE,41.87954245,-87.78543796,205,Gunderson ,false
16064190280000,507 N EUCLID AVE,41.89484895,-87.79328188,206,Frank Lloyd Wright,false
16181050130000,507 S KENILWORTH AVE,41.87939919,-87.79766438,205,,false
16064230100000,508 FAIR OAKS AVE,41.89496576,-87.78775495,205,Frank Lloyd Wright,false
16064190080000,508 N OAK PARK AVE,41.89483242,-87.79429194,206,Frank Lloyd Wright,false
16181050030000,508 S CLINTON AVE,41.87928216,-87.7985112,205,,false
16182070030000,508 S ELMWOOD AVE,41.87935067,-87.7854396,278,Gunderson ,false
16181060030000,508 S KENILWORTH AVE,41.87930899,-87.79708078,205,,false
16064220180000,509 FAIR OAKS AVE,41.89496573,-87.78849826,206,Frank Lloyd Wright,false
16063240180000,509 N GROVE AVE,41.89478986,-87.79653097,206,Frank Lloyd Wright,false
16063170230000,509 N MARION ST,41.89463254,-87.80350411,203,Frank Lloyd Wright,false
16063250190000,509 N OAK PARK AVE,41.89490801,-87.79524906,209,Frank Lloyd Wright,false
16053190040000,51 AUGUSTA ST,41.89811666,-87.77775917,203,,false
16051120010000,51 LE MOYNE PKWY,41.90717526,-87.77795756,206,,false
16182130350000,510 JACKSON BLVD,41.87649898,-87.78729233,203,,false
16064220080000,510 N EAST AVE,41.89494124,-87.78933699,206,Frank Lloyd Wright,false
16064240100000,510 N ELMWOOD AVE,41.89498974,-87.78606809,206,Frank Lloyd Wright,false
16064200050000,510 N EUCLID AVE,41.89500502,-87.79242771,204,Frank Lloyd Wright,false
16063250100000,510 N GROVE AVE,41.89484326,-87.79585946,206,Frank Lloyd Wright,false
16181080040000,510 S GROVE AVE,41.87921253,-87.79516126,205,,false
16171030090000,510 S HARVEY AVE,41.87944946,-87.78047601,205,,false
16171020090000,510 S HIGHLAND AVE,41.87943087,-87.7817636,205,,false
16171070070000,510 S HUMPHREY AVE,41.87948763,-87.77559258,204,,false
16053210200000,511 N CUYLER AVE,41.89510629,-87.78365665,205,,false
16064230220000,511 N ELMWOOD AVE,41.89497946,-87.78689731,206,Frank Lloyd Wright,false
16063240170000,511 N GROVE AVE,41.89490024,-87.79659211,206,Frank Lloyd Wright,false
16053220260000,511 N HARVEY AVE,41.8950799,-87.7819184,206,,false
16064200130000,511 N LINDEN AVE,41.89496952,-87.79168951,206,Frank Lloyd Wright,false
16063170220000,511 N MARION ST,41.89471632,-87.80353796,202,Frank Lloyd Wright,false
16064240250000,511 N RIDGELAND AVE,41.89499641,-87.78523457,206,Frank Lloyd Wright,false
16181040090000,511 S CLINTON AVE,41.87927503,-87.79911779,205,,false
16182060290000,511 S ELMWOOD AVE,41.87943632,-87.78598082,206,Gunderson ,false
16181070110000,511 S GROVE AVE,41.8791772,-87.79567699,205,,false
16171020240000,511 S HARVEY AVE,41.87941634,-87.78103255,202,,false
16171010230000,511 S HIGHLAND AVE,41.87944055,-87.78223649,205,,false
16171060190000,511 S HUMPHREY AVE,41.87951003,-87.77619241,204,,false
16181050140000,511 S KENILWORTH AVE,41.87926653,-87.79769517,205,,false
16171050220000,511 S LYMAN AVE,41.8795412,-87.77740955,205,,false
16181080170000,511 S OAK PARK AVE,41.87921698,-87.79452898,203,,false
16182070140000,511 S RIDGELAND AVE,41.87934746,-87.78476782,206,Gunderson ,false
16181070030000,512 CARPENTER AVE,41.87911624,-87.79604803,205,,false
16182030100000,512 CLARENCE AVE,41.87924304,-87.79025977,205,,false
16064230090000,512 FAIR OAKS AVE,41.89507605,-87.78775878,206,Frank Lloyd Wright,false
16181040020000,512 HOME AVE,41.87931278,-87.79967713,205,,false
16053210150000,512 N RIDGELAND AVE,41.89516405,-87.78457568,205,Frank Lloyd Wright,false
16171310210000,512 S AUSTIN BLVD,41.87330318,-87.77476812,206,,false
16181050040000,512 S CLINTON AVE,41.87917676,-87.79851208,205,,false
16171010080000,512 S CUYLER AVE,41.87935543,-87.78294861,205,,false
16182040060000,512 S EAST AVE,41.87927642,-87.78905724,205,,false
16182010100000,512 S EUCLID AVE,41.87919259,-87.79271928,206,,false
16181080050000,512 S GROVE AVE,41.87912771,-87.79516197,202,,false
16182060030000,512 S GUNDERSON AVE,41.87932862,-87.78656812,205,Gunderson ,false
16171030100000,512 S HARVEY AVE,41.8793833,-87.78052604,205,,false
16171020100000,512 S HIGHLAND AVE,41.87935538,-87.78178018,205,,false
16181060040000,512 S KENILWORTH AVE,41.8791946,-87.79707694,206,,false
16171060050000,512 S LYMAN AVE,41.87944686,-87.77675786,205,,false
16182050100000,512 S SCOVILLE AVE,41.87929302,-87.78783508,205,,false
16182020090000,512 S WESLEY AVE,41.8792268,-87.79150875,205,,false
16181030140000,513 HOME AVE,41.87914101,-87.80014338,203,,false
16182030220000,513 S EAST AVE,41.8792364,-87.78961739,205,,false
16182050220000,513 S GUNDERSON AVE,41.87930448,-87.78714817,205,,false
16171010240000,513 S HIGHLAND AVE,41.87936674,-87.78223713,203,,false
16171060200000,513 S HUMPHREY AVE,41.87940599,-87.77617476,203,,false
16171050230000,513 S LYMAN AVE,41.87943367,-87.77738729,205,,false
16182030110000,514 CLARENCE AVE,41.87916562,-87.79026042,205,,false
16064240090000,514 N ELMWOOD AVE,41.89513931,-87.78610017,205,Frank Lloyd Wright,false
16063250090000,514 N GROVE AVE,41.89497495,-87.79587265,205,Frank Lloyd Wright,false
16053260330000,514 N HUMPHREY AVE,41.89530979,-87.77648066,203,,false
16064210050000,514 N LINDEN AVE,41.89499082,-87.79092705,206,Frank Lloyd Wright,false
16053240340000,514 N LOMBARD AVE,41.89525057,-87.77967284,295,,false
16053250100000,514 N TAYLOR AVE,41.89526769,-87.77805759,206,,false
16181050050000,514 S CLINTON AVE,41.87907477,-87.79851293,205,,false
16182040070000,514 S EAST AVE,41.87919159,-87.78905796,205,,false
16181080060000,514 S GROVE AVE,41.87903918,-87.79516271,203,,false
16182060040000,514 S GUNDERSON AVE,41.87920689,-87.78655926,205,Gunderson ,false
16171030110000,514 S HARVEY AVE,41.87932051,-87.7805068,205,,false
16171020110000,514 S HIGHLAND AVE,41.87928271,-87.7817752,205,,false
16171070080000,514 S HUMPHREY AVE,41.879401,-87.77559334,206,,false
16181060050000,514 S KENILWORTH AVE,41.87909856,-87.79705796,203,,false
16182050110000,514 S SCOVILLE AVE,41.8792155,-87.78783574,205,,false
16171050070000,514 S TAYLOR AVE,41.87932588,-87.77802855,203,,false
16182020100000,514 S WESLEY AVE,41.87916402,-87.7914895,205,,false
16182020220000,515 CLARENCE AVE,41.87921623,-87.79081694,204,,false
16064220170000,515 FAIR OAKS AVE,41.89512585,-87.78850642,206,Frank Lloyd Wright,false
16181030150000,515 HOME AVE,41.87896978,-87.80013902,203,,false
16182210010000,515 JACKSON BLVD,41.87604345,-87.78768749,206,,false
16053210190000,515 N CUYLER AVE,41.89522373,-87.78366518,206,,false
16064210110000,515 N EAST AVE,41.89504781,-87.7901881,206,Frank Lloyd Wright,false
16064230210000,515 N ELMWOOD AVE,41.89512531,-87.78689607,206,Frank Lloyd Wright,false
16063240160000,515 N GROVE AVE,41.89503528,-87.79656239,203,Frank Lloyd Wright,false
16063170120000,515 N MARION ST,41.89489614,-87.80354829,203,Frank Lloyd Wright,false
16064240210000,515 N RIDGELAND AVE,41.89514586,-87.78524282,206,Frank Lloyd Wright,false
16053240210000,515 N TAYLOR AVE,41.89532079,-87.77874325,206,,false
16181040100000,515 S CLINTON AVE,41.87913323,-87.79912319,206,,false
16182060170000,515 S ELMWOOD AVE,41.87931834,-87.78600161,205,Gunderson ,false
16181070120000,515 S GROVE AVE,41.87905552,-87.79567801,205,,false
16182050230000,515 S GUNDERSON AVE,41.87922702,-87.78713894,205,,false
16171020250000,515 S HARVEY AVE,41.87932776,-87.78102342,203,,false
16171010250000,515 S HIGHLAND AVE,41.87929303,-87.78223776,205,,false
16181050150000,515 S KENILWORTH AVE,41.87914475,-87.79769619,205,,false
16171030270000,515 S LOMBARD AVE,41.87932079,-87.77985125,203,,false
16171050240000,515 S LYMAN AVE,41.87933673,-87.77740669,205,,false
16181080180000,515 S OAK PARK AVE,41.87913578,-87.79453446,205,,false
16182070150000,515 S RIDGELAND AVE,41.87924417,-87.78478339,205,Gunderson ,false
16182040210000,515 S SCOVILLE AVE,41.87922153,-87.7883808,205,,false
16182010210000,515 S WESLEY AVE,41.87920837,-87.79204794,205,,false
16072090180000,515 SUPERIOR ST,41.89281295,-87.78900935,278,Frank Lloyd Wright,false
16064100080000,516 AUGUSTA ST,41.89849834,-87.78900239,209,Frank Lloyd Wright,false
16181070040000,516 CARPENTER AVE,41.87896866,-87.79605916,205,,false
16182030120000,516 CLARENCE AVE,41.87904382,-87.79025636,205,,false
16053230090000,516 N HARVEY AVE,41.89528006,-87.78136396,205,,false
16064190070000,516 N OAK PARK AVE,41.89502458,-87.79430462,206,Frank Lloyd Wright,false
16181050060000,516 S CLINTON AVE,41.87897609,-87.79849554,205,,false
16171010090000,516 S CUYLER AVE,41.87925212,-87.78295939,205,,false
16182070040000,516 S ELMWOOD AVE,41.87919932,-87.78541631,205,Gunderson ,false
16182010110000,516 S EUCLID AVE,41.87907449,-87.79271518,203,,false
16171020120000,516 S HIGHLAND AVE,41.87922396,-87.78176823,203,,false
16171060060000,516 S LYMAN AVE,41.87934986,-87.77676334,205,,false
16182020110000,516 S WESLEY AVE,41.87905703,-87.7914853,203,,false
16074150190000,516 W WASHINGTON BLVD,41.88189463,-87.78860611,206,Ridgeland - Oak Park,false
16181030090000,516 WENONAH AVE,41.87895253,-87.80074326,204,,false
16181060140000,517 CARPENTER AVE,41.87898618,-87.7964656,205,,false
16182020230000,517 CLARENCE AVE,41.87909438,-87.79080328,203,,false
16063190480000,517 FOREST AVE,41.89498492,-87.80098086,205,Frank Lloyd Wright,false
16064190180000,517 N EUCLID AVE,41.895048,-87.79326585,206,Frank Lloyd Wright,false
16053220180000,517 N HARVEY AVE,41.8952688,-87.78198344,204,,false
16182030230000,517 S EAST AVE,41.87914402,-87.78958849,205,,false
16182060180000,517 S ELMWOOD AVE,41.87920022,-87.78599273,205,Gunderson ,false
16181070130000,517 S GROVE AVE,41.87895587,-87.79567885,205,,false
16182050240000,517 S GUNDERSON AVE,41.87914945,-87.78712971,205,,false
16171020260000,517 S HARVEY AVE,41.87923835,-87.781024,205,,false
16171010260000,517 S HIGHLAND AVE,41.8792044,-87.78223852,203,,false
16171060210000,517 S HUMPHREY AVE,41.87929857,-87.77617569,203,,false
16181050160000,517 S KENILWORTH AVE,41.87900454,-87.79769736,205,,false
16171030280000,517 S LOMBARD AVE,41.87925439,-87.77985182,205,,false
16181080190000,517 S OAK PARK AVE,41.87903621,-87.7945305,203,,false
16182040220000,517 S SCOVILLE AVE,41.87914407,-87.78837157,205,,false
16182010220000,517 S WESLEY AVE,41.87908288,-87.79204899,202,,false
16074030480000,517 SOUTH BLVD,41.88648128,-87.78888925,202,Ridgeland - Oak Park,false
16182030130000,518 CLARENCE AVE,41.87893686,-87.79025726,205,,false
16063200220000,518 FOREST AVE,41.89497712,-87.80036305,203,Frank Lloyd Wright,false
16181040030000,518 HOME AVE,41.87911375,-87.79966677,205,,false
16053220080000,518 N CUYLER AVE,41.89536958,-87.78296885,206,,false
16064220060000,518 N EAST AVE,41.89517231,-87.78930169,209,Frank Lloyd Wright,false
16064240080000,518 N ELMWOOD AVE,41.89527804,-87.78609898,205,Frank Lloyd Wright,false
16064200160000,518 N EUCLID AVE,41.89516869,-87.79243586,204,Frank Lloyd Wright,false
16063250080000,518 N GROVE AVE,41.89510303,-87.79587635,205,Frank Lloyd Wright,false
16053260320000,518 N HUMPHREY AVE,41.89539872,-87.77647988,203,,false
16053240100000,518 N LOMBARD AVE,41.89542854,-87.77969513,206,,false
16063180210000,518 N MARION ST,41.89507357,-87.80296718,206,Frank Lloyd Wright,false
16053210140000,518 N RIDGELAND AVE,41.89528504,-87.78458417,206,Frank Lloyd Wright,false
16182040080000,518 S EAST AVE,41.87908824,-87.78905884,205,,false
16182070050000,518 S ELMWOOD AVE,41.87907752,-87.78541226,206,Gunderson ,false
16182010120000,518 S EUCLID AVE,41.87895279,-87.79271141,205,,false
16181080070000,518 S GROVE AVE,41.87896166,-87.79516336,203,,false
16182060050000,518 S GUNDERSON AVE,41.87910349,-87.78655025,205,Gunderson ,false
16171030120000,518 S HARVEY AVE,41.87922093,-87.78052264,205,,false
16171020130000,518 S HIGHLAND AVE,41.87914288,-87.78171181,204,,false
16171070090000,518 S HUMPHREY AVE,41.8793109,-87.77559412,203,,false
16181060060000,518 S KENILWORTH AVE,41.87899167,-87.79707354,206,,false
16171060070000,518 S LYMAN AVE,41.87924597,-87.77677816,207,,false
16182050120000,518 S SCOVILLE AVE,41.87910479,-87.78782678,205,,false
16171050080000,518 S TAYLOR AVE,41.87920113,-87.77802963,205,,false
16064230200000,519 N ELMWOOD AVE,41.89524981,-87.78689501,206,Frank Lloyd Wright,false
16063240150000,519 N GROVE AVE,41.89514913,-87.7965662,205,Frank Lloyd Wright,false
16064240200000,519 N RIDGELAND AVE,41.89528489,-87.78530357,205,Frank Lloyd Wright,false
16053240200000,519 N TAYLOR AVE,41.8954631,-87.77874678,204,,false
16181040110000,519 S CLINTON AVE,41.87895559,-87.79912986,205,,false
16182030240000,519 S EAST AVE,41.87903691,-87.78957951,205,,false
16182000200000,519 S EUCLID AVE,41.87900698,-87.79330044,202,,false
16182050250000,519 S GUNDERSON AVE,41.87906465,-87.78713523,205,,false
16171020270000,519 S HARVEY AVE,41.87916689,-87.78102162,205,,false
16171060220000,519 S HUMPHREY AVE,41.87920149,-87.77616725,203,,false
16171030290000,519 S LOMBARD AVE,41.87918427,-87.77984733,205,,false
16171050250000,519 S LYMAN AVE,41.87923619,-87.77739828,205,,false
16181080200000,519 S OAK PARK AVE,41.87894029,-87.7945361,205,,false
16182070160000,519 S RIDGELAND AVE,41.87911862,-87.78474999,205,Gunderson ,false
16182040230000,519 S SCOVILLE AVE,41.87903329,-87.78834763,205,,false
16074030600000,519 SOUTH BLVD,41.88673125,-87.78898719,295,Ridgeland - Oak Park,false
16051050260000,52 LE MOYNE PKWY,41.90771733,-87.77799453,206,,false
16083160260000,52 W WASHINGTON BLVD,41.88232531,-87.77725891,205,Ridgeland - Oak Park,false
16181070050000,520 CARPENTER AVE,41.87882481,-87.79605047,205,,false
16064230080000,520 FAIR OAKS AVE,41.89520058,-87.78776248,206,Frank Lloyd Wright,false
16063200210000,520 FOREST AVE,41.8951423,-87.80038074,203,Frank Lloyd Wright,false
16182130160000,520 JACKSON BLVD,41.87640844,-87.78771728,203,,false
16064220050000,520 N EAST AVE,41.89540736,-87.78935686,204,Frank Lloyd Wright,false
16053230080000,520 N HARVEY AVE,41.89541502,-87.78131993,205,,false
16053260310000,520 N HUMPHREY AVE,41.89547342,-87.77647923,205,,false
16064190060000,520 N OAK PARK AVE,41.8952451,-87.794298,204,Frank Lloyd Wright,false
16053250080000,520 N TAYLOR AVE,41.89547073,-87.77811301,205,,false
16181050070000,520 S CLINTON AVE,41.87887409,-87.79849639,206,,false
16171010100000,520 S CUYLER AVE,41.8791673,-87.78296012,205,,false
16182040090000,520 S EAST AVE,41.87899605,-87.78906952,203,,false
16182010130000,520 S EUCLID AVE,41.87886796,-87.79271213,205,,false
16181080080000,520 S GROVE AVE,41.87886945,-87.79516923,205,,false
16182060060000,520 S GUNDERSON AVE,41.87898912,-87.78655123,205,Gunderson ,false
16171030130000,520 S HARVEY AVE,41.87912501,-87.78052827,205,,false
16171070100000,520 S HUMPHREY AVE,41.87922758,-87.77556237,203,,false
16182050130000,520 S SCOVILLE AVE,41.8790051,-87.78781774,205,,false
16171050090000,520 S TAYLOR AVE,41.87913529,-87.7780302,205,,false
16182020120000,520 S WESLEY AVE,41.87897952,-87.79148596,203,,false
16074150180000,520 W WASHINGTON BLVD,41.8818955,-87.78878898,206,Ridgeland - Oak Park,false
16181030100000,520 WENONAH AVE,41.87884391,-87.80078058,206,,false
16181060150000,521 CARPENTER AVE,41.87887922,-87.79646649,205,,false
16182020240000,521 CLARENCE AVE,41.87899112,-87.79080416,203,,false
16064220160000,521 FAIR OAKS AVE,41.89529727,-87.7886479,206,Frank Lloyd Wright,false
16181030160000,521 HOME AVE,41.87886439,-87.80013989,205,,false
16064190270000,521 N EUCLID AVE,41.89528654,-87.79328772,206,Frank Lloyd Wright,false
16053250180000,521 N HUMPHREY AVE,41.89551188,-87.77706447,203,,false
16064200190000,521 N LINDEN AVE,41.89530408,-87.7917248,206,Frank Lloyd Wright,false
16053230170000,521 N LOMBARD AVE,41.89542527,-87.78037177,205,,false
16063250160000,521 N OAK PARK AVE,41.89532229,-87.79509103,206,Frank Lloyd Wright,false
16181040120000,521 S CLINTON AVE,41.87886029,-87.7991079,207,,false
16182060190000,521 S ELMWOOD AVE,41.87908951,-87.78598378,206,Gunderson ,false
16182000210000,521 S EUCLID AVE,41.87890733,-87.79330127,203,,false
16181070140000,521 S GROVE AVE,41.87885622,-87.79567968,205,,false
16182050260000,521 S GUNDERSON AVE,41.87896871,-87.78713605,205,,false
16171020280000,521 S HARVEY AVE,41.87909316,-87.78101746,205,,false
16171010270000,521 S HIGHLAND AVE,41.87910476,-87.78221959,205,,false
16181050170000,521 S KENILWORTH AVE,41.87888279,-87.79768369,205,,false
16171030300000,521 S LOMBARD AVE,41.87911045,-87.77984797,205,,false
16182070170000,521 S RIDGELAND AVE,41.87902261,-87.78473612,205,Gunderson ,false
16182010230000,521 S WESLEY AVE,41.87897595,-87.79205499,205,,false
16074030590000,521 SOUTH BLVD,41.88672969,-87.78904989,295,Ridgeland - Oak Park,false
16063190250000,522 BELLEFORTE AVE,41.89518311,-87.80166915,205,Frank Lloyd Wright,false
16064230070000,522 FAIR OAKS AVE,41.8953819,-87.78774188,206,Frank Lloyd Wright,false
16181040040000,522 HOME AVE,41.87891084,-87.79966788,205,,false
16064240070000,522 N ELMWOOD AVE,41.89540252,-87.78609316,205,Frank Lloyd Wright,false
16064200150000,522 N EUCLID AVE,41.89528989,-87.79248724,206,Frank Lloyd Wright,false
16063250070000,522 N GROVE AVE,41.89522404,-87.79588963,205,Frank Lloyd Wright,false
16064210040000,522 N LINDEN AVE,41.89525417,-87.79094863,206,Frank Lloyd Wright,false
16063180200000,522 N MARION ST,41.89522868,-87.80294214,205,Frank Lloyd Wright,false
16053210070000,522 N RIDGELAND AVE,41.89547704,-87.78456347,203,Frank Lloyd Wright,false
16171010110000,522 S CUYLER AVE,41.87906404,-87.78296101,205,,false
16182040100000,522 S EAST AVE,41.87891863,-87.78907017,205,,false
16182070060000,522 S ELMWOOD AVE,41.87895937,-87.78539858,205,Gunderson ,false
16181080090000,522 S GROVE AVE,41.87876237,-87.79514525,278,,false
16171030140000,522 S HARVEY AVE,41.87904016,-87.7805242,205,,false
16171020140000,522 S HIGHLAND AVE,41.87902865,-87.78174248,205,,false
16171070110000,522 S HUMPHREY AVE,41.87915481,-87.775563,203,,false
16181060070000,522 S KENILWORTH AVE,41.87889202,-87.79707437,205,,false
16171060080000,522 S LYMAN AVE,41.87914192,-87.77676051,205,,false
16182050140000,522 S SCOVILLE AVE,41.8789424,-87.78781827,203,,false
16182020130000,522 S WESLEY AVE,41.87888368,-87.79148677,204,,false
16063180480000,523 BELLEFORTE AVE,41.8951676,-87.80222754,205,Frank Lloyd Wright,false
16181060160000,523 CARPENTER AVE,41.87877595,-87.79646256,205,,false
16182020250000,523 CLARENCE AVE,41.87888044,-87.7908,203,,false
16064230190000,523 N ELMWOOD AVE,41.89540629,-87.78688414,205,Frank Lloyd Wright,false
16053240190000,523 N TAYLOR AVE,41.89555203,-87.77874601,205,,false
16182030250000,523 S EAST AVE,41.8789632,-87.78958013,205,,false
16181070150000,523 S GROVE AVE,41.87876767,-87.79567563,205,,false
16171010280000,523 S HIGHLAND AVE,41.87903465,-87.7822202,205,,false
16171060230000,523 S HUMPHREY AVE,41.87909056,-87.77615894,203,,false
16171030310000,523 S LOMBARD AVE,41.87905147,-87.77984848,205,,false
16171050260000,523 S LYMAN AVE,41.87913253,-87.7774595,206,,false
16182040240000,523 S SCOVILLE AVE,41.87894476,-87.78834838,205,,false
16182010240000,523 S WESLEY AVE,41.87886153,-87.79204607,206,,false
16074030580000,523 SOUTH BLVD,41.8867276,-87.78911123,295,Ridgeland - Oak Park,false
16063200430000,523 WOODBINE AVE,41.89519436,-87.79948915,206,Frank Lloyd Wright,false
16181070060000,524 CARPENTER AVE,41.87868832,-87.79605671,205,,false
16182030140000,524 CLARENCE AVE,41.87882622,-87.7902633,204,,false
16063200200000,524 FOREST AVE,41.89527892,-87.8003796,205,Frank Lloyd Wright,false
16053230070000,524 N HARVEY AVE,41.89553613,-87.78135223,205,,false
16064190050000,524 N OAK PARK AVE,41.89546568,-87.79430091,206,Frank Lloyd Wright,false
16053250070000,524 N TAYLOR AVE,41.89557033,-87.77811215,204,,false
16181050080000,524 S CLINTON AVE,41.87877208,-87.79849269,205,,false
16171010120000,524 S CUYLER AVE,41.87896805,-87.78295194,205,,false
16182040110000,524 S EAST AVE,41.8788335,-87.78900644,203,,false
16182010140000,524 S EUCLID AVE,41.8787462,-87.79271795,205,,false
16182060070000,524 S GUNDERSON AVE,41.87888957,-87.78655208,205,Gunderson ,false
16171030150000,524 S HARVEY AVE,41.87897738,-87.78050496,205,,false
16171020150000,524 S HIGHLAND AVE,41.87895114,-87.78174314,205,,false
16171070120000,524 S HUMPHREY AVE,41.87907511,-87.77556369,203,,false
16181060080000,524 S KENILWORTH AVE,41.87879976,-87.79707035,206,,false
16171060090000,524 S LYMAN AVE,41.87905522,-87.77674734,205,,false
16182000310000,524 S OAK PARK AVE,41.87874809,-87.79396453,206,,false
16182050150000,524 S SCOVILLE AVE,41.87887598,-87.78781374,205,,false
16181030110000,524 WENONAH AVE,41.87870792,-87.80078171,205,,false
16063210260000,524 WOODBINE AVE,41.89532788,-87.79882278,205,Frank Lloyd Wright,false
16182020260000,525 CLARENCE AVE,41.87879546,-87.79079082,203,,false
16064220150000,525 FAIR OAKS AVE,41.89545667,-87.78850361,206,Frank Lloyd Wright,false
16063190460000,525 FOREST AVE,41.89527241,-87.80098228,206,Frank Lloyd Wright,false
16181030170000,525 HOME AVE,41.87871476,-87.80013203,205,,false
16182200160000,525 JACKSON BLVD,41.87605057,-87.7883344,204,,false
16053210260000,525 N CUYLER AVE,41.89547987,-87.78366775,205,,false
16064210100000,525 N EAST AVE,41.8953073,-87.79014778,206,Frank Lloyd Wright,false
16063240140000,525 N GROVE AVE,41.8952631,-87.79659384,205,Frank Lloyd Wright,false
16053230160000,525 N LOMBARD AVE,41.89556758,-87.7803753,205,,false
16063250170000,525 N OAK PARK AVE,41.8952736,-87.79508399,206,Frank Lloyd Wright,false
16053240180000,525 N TAYLOR AVE,41.89563034,-87.77875486,202,,false
16181040130000,525 S CLINTON AVE,41.87876513,-87.7991178,205,,false
16182030260000,525 S EAST AVE,41.87886357,-87.78958607,205,,false
16182060200000,525 S ELMWOOD AVE,41.87895303,-87.78599004,206,Gunderson ,false
16182000220000,525 S EUCLID AVE,41.87881507,-87.79329725,203,,false
16182050270000,525 S GUNDERSON AVE,41.87889485,-87.78712678,205,,false
16171020300000,525 S HARVEY AVE,41.8789736,-87.78104146,203,,false
16171010290000,525 S HIGHLAND AVE,41.87895716,-87.78222566,205,,false
16181050180000,525 S KENILWORTH AVE,41.87877215,-87.79768941,205,,false
16171030320000,525 S LOMBARD AVE,41.87898136,-87.77984908,205,,false
16171050270000,525 S LYMAN AVE,41.87903858,-87.77738143,205,,false
16182070180000,525 S RIDGELAND AVE,41.87891565,-87.78473703,205,Gunderson ,false
16074030570000,525 SOUTH BLVD,41.88672972,-87.78917597,295,Ridgeland - Oak Park,false
16064100070000,526 AUGUSTA ST,41.89846638,-87.78955373,206,Frank Lloyd Wright,false
16063190240000,526 BELLEFORTE AVE,41.89530565,-87.80169863,205,Frank Lloyd Wright,false
16064230060000,526 FAIR OAKS AVE,41.89550994,-87.78773603,206,Frank Lloyd Wright,false
16064240060000,526 N ELMWOOD AVE,41.89552712,-87.78611115,205,Frank Lloyd Wright,false
16181050090000,526 S CLINTON AVE,41.87866328,-87.7984936,206,,false
16171010130000,526 S CUYLER AVE,41.87887952,-87.7829527,205,,false
16182070070000,526 S ELMWOOD AVE,41.87883396,-87.78539455,206,Gunderson ,false
16181080100000,526 S GROVE AVE,41.87865543,-87.79515124,203,,false
16171030160000,526 S HARVEY AVE,41.87890725,-87.78050047,205,,false
16171020160000,526 S HIGHLAND AVE,41.8788812,-87.78175843,203,,false
16171070130000,526 S HUMPHREY AVE,41.87899194,-87.77556442,203,,false
16181060090000,526 S KENILWORTH AVE,41.8786928,-87.79707124,205,,false
16171060100000,526 S LYMAN AVE,41.87894087,-87.77674833,205,,false
16182050160000,526 S SCOVILLE AVE,41.87879857,-87.7878144,205,,false
16171050110000,526 S TAYLOR AVE,41.87892382,-87.77801347,205,,false
16182020140000,526 S WESLEY AVE,41.87878773,-87.79148758,202,,false
16063180470000,527 BELLEFORTE AVE,41.89528939,-87.80229681,206,Frank Lloyd Wright,false
16181060170000,527 CARPENTER AVE,41.87867252,-87.79644844,205,,false
16182020270000,527 CLARENCE AVE,41.87871805,-87.79079148,203,,false
16064230180000,527 N ELMWOOD AVE,41.89553815,-87.78693543,206,Frank Lloyd Wright,false
16064240180000,527 N RIDGELAND AVE,41.89555168,-87.78530129,205,Frank Lloyd Wright,false
16181040140000,527 S CLINTON AVE,41.87866654,-87.79911862,205,,false
16182030270000,527 S EAST AVE,41.87877131,-87.78958176,205,,false
16182060210000,527 S ELMWOOD AVE,41.87884222,-87.78596131,205,Gunderson ,false
16182000230000,527 S EUCLID AVE,41.87873395,-87.79329794,205,,false
16181070160000,527 S GROVE AVE,41.87863487,-87.79567674,203,,false
16182050280000,527 S GUNDERSON AVE,41.87881366,-87.78711278,205,,false
16171010300000,527 S HIGHLAND AVE,41.87886134,-87.78223158,205,,false
16171060240000,527 S HUMPHREY AVE,41.87899007,-87.77615981,203,,false
16171030330000,527 S LOMBARD AVE,41.87890019,-87.77985967,206,,false
16171050280000,527 S LYMAN AVE,41.87894502,-87.77738224,205,,false
16181080220000,527 S OAK PARK AVE,41.87865619,-87.79454358,206,,false
16182070190000,527 S RIDGELAND AVE,41.87880135,-87.7847527,205,Gunderson ,false
16182040260000,527 S SCOVILLE AVE,41.87880455,-87.78834957,205,,false
16182010250000,527 S WESLEY AVE,41.87876193,-87.7920568,206,,false
16074030560000,527 SOUTH BLVD,41.88672885,-87.78923946,295,Ridgeland - Oak Park,false
16063200420000,527 WOODBINE AVE,41.89530819,-87.79948439,205,Frank Lloyd Wright,false
16181070070000,528 CARPENTER AVE,41.87856265,-87.79601819,202,,false
16182030150000,528 CLARENCE AVE,41.87871164,-87.7902196,205,,false
16063200190000,528 FOREST AVE,41.8954155,-87.80037084,206,Frank Lloyd Wright,false
16053220060000,528 N CUYLER AVE,41.89565406,-87.78294735,206,,false
16063250050000,528 N GROVE AVE,41.89553356,-87.79589656,206,Frank Lloyd Wright,false
16053230060000,528 N HARVEY AVE,41.8956926,-87.78134136,206,,false
16053260060000,528 N HUMPHREY AVE,41.89575439,-87.77646727,203,,false
16053240070000,528 N LOMBARD AVE,41.89571668,-87.77969264,206,,false
16053210060000,528 N RIDGELAND AVE,41.89561228,-87.7845766,205,Frank Lloyd Wright,false
16171010380000,528 S CUYLER AVE,41.87881312,-87.78295327,203,,false
16182040420000,528 S EAST AVE,41.87875986,-87.78904184,205,,false
16182010150000,528 S EUCLID AVE,41.87864653,-87.79271399,205,,false
16181080110000,528 S GROVE AVE,41.87855949,-87.79515205,203,,false
16182060080000,528 S GUNDERSON AVE,41.87876408,-87.78655315,205,Gunderson ,false
16171030170000,528 S HARVEY AVE,41.87882242,-87.7805012,205,,false
16171020170000,528 S HIGHLAND AVE,41.878811,-87.78173925,205,,false
16171070140000,528 S HUMPHREY AVE,41.87891229,-87.77557439,203,,false
16182000110000,528 S OAK PARK AVE,41.87864114,-87.79396543,202,,false
16182050170000,528 S SCOVILLE AVE,41.87873205,-87.78779038,204,,false
16171050120000,528 S TAYLOR AVE,41.8788337,-87.77800961,205,,false
16182020160000,528 S WESLEY AVE,41.87865494,-87.7914887,205,,false
16181030120000,528 WENONAH AVE,41.8785855,-87.80077818,205,,false
16063210250000,528 WOODBINE AVE,41.8954389,-87.79882567,206,Frank Lloyd Wright,false
16063190450000,529 FOREST AVE,41.89543479,-87.80101143,206,Frank Lloyd Wright,false
16181030180000,529 HOME AVE,41.87859574,-87.80012847,205,,false
16053210250000,529 N CUYLER AVE,41.89559019,-87.78367633,202,,false
16064190260000,529 N EUCLID AVE,41.89547852,-87.79326228,203,Frank Lloyd Wright,false
16063240210000,529 N GROVE AVE,41.89545161,-87.7965875,206,Frank Lloyd Wright,false
16053220150000,529 N HARVEY AVE,41.89567106,-87.78204192,206,,false
16053250160000,529 N HUMPHREY AVE,41.89572908,-87.77710546,206,,false
16053230150000,529 N LOMBARD AVE,41.8956921,-87.78037899,205,,false
16063250150000,529 N OAK PARK AVE,41.89547994,-87.79508702,206,Frank Lloyd Wright,false
16053240170000,529 N TAYLOR AVE,41.8957514,-87.77877764,204,,false
16182000240000,529 S EUCLID AVE,41.87863802,-87.79330354,206,,false
16182050290000,529 S GUNDERSON AVE,41.87874726,-87.78711335,205,,false
16171020310000,529 S HARVEY AVE,41.87885546,-87.7810077,205,,false
16171060250000,529 S HUMPHREY AVE,41.87889302,-87.77615601,203,,false
16181050190000,529 S KENILWORTH AVE,41.87866136,-87.79768554,206,,false
16182040270000,529 S SCOVILLE AVE,41.87873815,-87.78835013,205,,false
16182010260000,529 S WESLEY AVE,41.87865486,-87.79203312,205,,false
16074030550000,529 SOUTH BLVD,41.88672797,-87.78929987,295,Ridgeland - Oak Park,false
16081040040000,53 CHICAGO AVE,41.89444826,-87.77780737,205,,false
16083220040000,53 W WASHINGTON BLVD,41.88180986,-87.77740352,205,Ridgeland - Oak Park,false
16063190230000,530 BELLEFORTE AVE,41.89545081,-87.80169742,205,Frank Lloyd Wright,false
16182030160000,530 CLARENCE AVE,41.87859738,-87.79024545,204,,false
16064230050000,530 FAIR OAKS AVE,41.89565232,-87.78775387,206,Frank Lloyd Wright,false
16181040050000,530 HOME AVE,41.87865572,-87.79964269,202,,false
16064220040000,530 N EAST AVE,41.89561023,-87.78937896,206,Frank Lloyd Wright,false
16064240050000,530 N ELMWOOD AVE,41.89567649,-87.78610511,206,Frank Lloyd Wright,false
16064200030000,530 N EUCLID AVE,41.89549265,-87.79248553,209,Frank Lloyd Wright,false
16053230050000,530 N HARVEY AVE,41.89583129,-87.78133063,206,,false
16064210030000,530 N LINDEN AVE,41.89557086,-87.79096501,206,Frank Lloyd Wright,false
16181050100000,530 S CLINTON AVE,41.87856129,-87.79849445,205,,false
16171010150000,530 S CUYLER AVE,41.87873931,-87.7829539,205,,false
16182040140000,530 S EAST AVE,41.87859749,-87.78903812,203,,false
16182070080000,530 S ELMWOOD AVE,41.87870847,-87.78539563,206,Gunderson ,false
16182060090000,530 S GUNDERSON AVE,41.87867555,-87.7865539,205,Gunderson ,false
16171070150000,530 S HUMPHREY AVE,41.87882579,-87.77560298,203,,false
16181060100000,530 S KENILWORTH AVE,41.87859307,-87.79703251,205,,false
16171060110000,530 S LYMAN AVE,41.87884731,-87.77674914,205,,false
16182000120000,530 S OAK PARK AVE,41.87856362,-87.79396608,205,,false
16182020170000,530 S WESLEY AVE,41.87857001,-87.79148942,203,,false
16182020280000,531 CLARENCE AVE,41.87862581,-87.79079226,203,,false
16064220140000,531 FAIR OAKS AVE,41.89563816,-87.78851636,206,Frank Lloyd Wright,false
16064210090000,531 N EAST AVE,41.89557425,-87.79017886,209,Frank Lloyd Wright,false
16064230170000,531 N ELMWOOD AVE,41.89567331,-87.78692951,206,Frank Lloyd Wright,false
16053250150000,531 N HUMPHREY AVE,41.89582506,-87.77709034,203,,false
16063210450000,531 N KENILWORTH AVE,41.89552366,-87.7980768,206,Frank Lloyd Wright,false
16064200110000,531 N LINDEN AVE,41.8955355,-87.79176573,209,Frank Lloyd Wright,false
16064240170000,531 N RIDGELAND AVE,41.89569754,-87.78530006,205,Frank Lloyd Wright,false
16181040150000,531 S CLINTON AVE,41.87856108,-87.79910583,205,,false
16182030280000,531 S EAST AVE,41.8786791,-87.78958764,205,,false
16182060220000,531 S ELMWOOD AVE,41.87870574,-87.78596727,206,Gunderson ,false
16181070170000,531 S GROVE AVE,41.87851677,-87.79567293,205,,false
16182050300000,531 S GUNDERSON AVE,41.87868086,-87.78711391,205,,false
16171010310000,531 S HIGHLAND AVE,41.87877261,-87.78221255,205,,false
16171050290000,531 S LYMAN AVE,41.8788306,-87.77736931,205,,false
16182070200000,531 S RIDGELAND AVE,41.87868696,-87.78474888,205,Gunderson ,false
16182040280000,531 S SCOVILLE AVE,41.87867187,-87.78837558,205,,false
16063200410000,531 WOODBINE AVE,41.89543921,-87.79950236,206,Frank Lloyd Wright,false
16181070080000,532 CARPENTER AVE,41.8784483,-87.79602425,202,,false
16182030170000,532 CLARENCE AVE,41.8784866,-87.79022151,205,,false
16064230030000,532 FAIR OAKS AVE,41.89587651,-87.78775184,206,Frank Lloyd Wright,false
16063200180000,532 FOREST AVE,41.89555205,-87.80035446,203,Frank Lloyd Wright,false
16053220050000,532 N CUYLER AVE,41.89578933,-87.78296525,206,,false
16053260050000,532 N HUMPHREY AVE,41.89588603,-87.77647089,203,,false
16063180180000,532 N MARION ST,41.89551547,-87.80304699,205,Frank Lloyd Wright,false
16064190040000,532 N OAK PARK AVE,41.89565416,-87.79428979,206,Frank Lloyd Wright,false
16053210050000,532 N RIDGELAND AVE,41.89575113,-87.78459924,204,Frank Lloyd Wright,false
16181050110000,532 S CLINTON AVE,41.87844565,-87.79848631,206,,false
16171010160000,532 S CUYLER AVE,41.87866921,-87.7829545,205,,false
16182070090000,532 S ELMWOOD AVE,41.87859772,-87.78537709,206,Gunderson ,false
16182010160000,532 S EUCLID AVE,41.87852841,-87.79270509,205,,false
16181080120000,532 S GROVE AVE,41.87848202,-87.79516259,205,,false
16171030190000,532 S HARVEY AVE,41.87872648,-87.78050203,203,,false
16181060110000,532 S KENILWORTH AVE,41.87848235,-87.79704332,205,,false
16171050130000,532 S TAYLOR AVE,41.87874009,-87.77800114,205,,false
16181030130000,532 WENONAH AVE,41.87843597,-87.80079308,205,,false
16063210240000,532 WOODBINE AVE,41.89555276,-87.79882472,205,Frank Lloyd Wright,false
16182020290000,533 CLARENCE AVE,41.87854822,-87.79077822,203,,false
16064220130000,533 FAIR OAKS AVE,41.89576978,-87.78851524,205,Frank Lloyd Wright,false
16181030190000,533 HOME AVE,41.8784869,-87.80012027,205,,false
16053210120000,533 N CUYLER AVE,41.89578927,-87.78365077,205,,false
16063240200000,533 N GROVE AVE,41.89560824,-87.79661,206,Frank Lloyd Wright,false
16053220140000,533 N HARVEY AVE,41.89580241,-87.78198361,205,,false
16053250140000,533 N HUMPHREY AVE,41.89590352,-87.77713254,205,,false
16063210440000,533 N KENILWORTH AVE,41.8956432,-87.7980758,206,Frank Lloyd Wright,false
16053240160000,533 N TAYLOR AVE,41.89585823,-87.77880053,205,,false
16181040160000,533 S CLINTON AVE,41.87844542,-87.79909314,205,,false
16182030290000,533 S EAST AVE,41.87857214,-87.78958854,205,,false
16182060230000,533 S ELMWOOD AVE,41.87857652,-87.78596358,205,Gunderson ,false
16182000250000,533 S EUCLID AVE,41.87853466,-87.79327983,204,,false
16182050310000,533 S GUNDERSON AVE,41.87861076,-87.78711451,205,,false
16171010320000,533 S HIGHLAND AVE,41.87867307,-87.78221341,205,,false
16171060340000,533 S HUMPHREY AVE,41.87878209,-87.77614769,203,,false
16181050200000,533 S KENILWORTH AVE,41.87844369,-87.79767746,206,,false
16182070210000,533 S RIDGELAND AVE,41.87857252,-87.78473487,205,Gunderson ,false
16182040290000,533 S SCOVILLE AVE,41.87859426,-87.78835645,203,,false
16182010270000,533 S WESLEY AVE,41.87854048,-87.79203409,206,,false
16063190220000,534 BELLEFORTE AVE,41.89558177,-87.80170396,206,Frank Lloyd Wright,false
16182030180000,534 CLARENCE AVE,41.87840909,-87.79022216,203,,false
16181040060000,534 HOME AVE,41.87844495,-87.79964899,205,,false
16064220030000,534 N EAST AVE,41.89574198,-87.78940643,206,Frank Lloyd Wright,false
16064240040000,534 N ELMWOOD AVE,41.89582234,-87.78610386,205,Frank Lloyd Wright,false
16063240050000,534 N KENILWORTH AVE,41.8956011,-87.79737709,206,Frank Lloyd Wright,false
16053240050000,534 N LOMBARD AVE,41.89588754,-87.77971499,205,,false
16063180170000,534 N MARION ST,41.89565811,-87.80301711,208,Frank Lloyd Wright,false
16053210040000,534 N RIDGELAND AVE,41.89587914,-87.78458861,203,Frank Lloyd Wright,false
16171010170000,534 S CUYLER AVE,41.87861017,-87.78294511,205,,false
16181080130000,534 S GROVE AVE,41.87838978,-87.79516336,205,,false
16182060100000,534 S GUNDERSON AVE,41.87855377,-87.78655494,205,Gunderson ,false
16171030200000,534 S HARVEY AVE,41.87862683,-87.78050288,202,,false
16171020190000,534 S HIGHLAND AVE,41.87860067,-87.78173626,205,,false
16171060120000,534 S LYMAN AVE,41.87874333,-87.7767454,205,,false
16171050140000,534 S TAYLOR AVE,41.8786293,-87.77802066,203,,false
16182020180000,534 S WESLEY AVE,41.87848518,-87.79149013,205,,false
16063210230000,534 WOODBINE AVE,41.89565809,-87.79882765,205,Frank Lloyd Wright,false
16181060180000,535 CARPENTER AVE,41.87852872,-87.79647452,206,,false
16182020300000,535 CLARENCE AVE,41.8784671,-87.79077891,203,,false
16064220120000,535 FAIR OAKS AVE,41.89591567,-87.78852353,206,Frank Lloyd Wright,false
16063190440000,535 FOREST AVE,41.89554867,-87.80101811,206,Frank Lloyd Wright,false
16181030200000,535 HOME AVE,41.87839515,-87.80012468,205,,false
16064190210000,535 N EUCLID AVE,41.89562436,-87.79326105,206,Frank Lloyd Wright,false
16063160220000,535 N MARION ST,41.89558082,-87.80351293,205,Frank Lloyd Wright,false
16064240160000,535 N RIDGELAND AVE,41.89583265,-87.78528461,205,Frank Lloyd Wright,false
16053240150000,535 N TAYLOR AVE,41.89597562,-87.77879952,205,,false
16182000260000,535 S EUCLID AVE,41.87843128,-87.7932756,205,,false
16182050320000,535 S GUNDERSON AVE,41.8785554,-87.78712008,205,,false
16171010330000,535 S HIGHLAND AVE,41.87859184,-87.78221411,205,,false
16171050300000,535 S LYMAN AVE,41.87873018,-87.77738411,206,,false
16063200400000,535 WOODBINE AVE,41.89556731,-87.79950511,205,Frank Lloyd Wright,false
16182030190000,536 CLARENCE AVE,41.8783206,-87.7902328,205,,false
16064230020000,536 FAIR OAKS AVE,41.8960438,-87.78778866,206,Frank Lloyd Wright,false
16063200170000,536 FOREST AVE,41.89570872,-87.80037984,206,Frank Lloyd Wright,false
16063250030000,536 N GROVE AVE,41.89579682,-87.79589912,205,Frank Lloyd Wright,false
16053230040000,536 N HARVEY AVE,41.89595942,-87.78134382,204,,false
16053240040000,536 N LOMBARD AVE,41.89598715,-87.77971413,206,,false
16053250040000,536 N TAYLOR AVE,41.89602209,-87.77810824,203,,false
16171010180000,536 S CUYLER AVE,41.87853266,-87.78294578,205,,false
16182070100000,536 S ELMWOOD AVE,41.87848334,-87.78537806,206,Gunderson ,false
16182010170000,536 S EUCLID AVE,41.87842516,-87.79270597,205,,false
16182060110000,536 S GUNDERSON AVE,41.87843572,-87.78654096,205,Gunderson ,false
16171030210000,536 S HARVEY AVE,41.87855322,-87.7805233,205,,false
16171070160000,536 S HUMPHREY AVE,41.87873916,-87.77560374,203,,false
16171060130000,536 S LYMAN AVE,41.87863935,-87.77674167,205,,false
16182000130000,536 S OAK PARK AVE,41.87845277,-87.79392774,203,,false
16182050190000,536 S SCOVILLE AVE,41.87846313,-87.78778441,205,,false
16182020190000,536 S WESLEY AVE,41.87839294,-87.79149091,205,,false
16063180450000,537 BELLEFORTE AVE,41.89559013,-87.80230126,206,Frank Lloyd Wright,false
16182020310000,537 CLARENCE AVE,41.87836745,-87.79077975,203,,false
16063190430000,537 FOREST AVE,41.89567672,-87.80100942,206,Frank Lloyd Wright,false
16053210100000,537 N CUYLER AVE,41.89599926,-87.78367279,205,,false
16064230160000,537 N ELMWOOD AVE,41.89579416,-87.78690942,205,Frank Lloyd Wright,false
16064190200000,537 N EUCLID AVE,41.89582019,-87.79329752,206,Frank Lloyd Wright,false
16063240110000,537 N GROVE AVE,41.89575758,-87.79659446,205,Frank Lloyd Wright,false
16053220130000,537 N HARVEY AVE,41.8959483,-87.78199189,205,,false
16063160210000,537 N MARION ST,41.89574491,-87.80351158,205,Frank Lloyd Wright,false
16182060240000,537 S ELMWOOD AVE,41.87846226,-87.78596455,205,Gunderson ,false
16182050330000,537 S GUNDERSON AVE,41.87848159,-87.78712071,205,,false
16171020340000,537 S HARVEY AVE,41.8785602,-87.78098566,205,,false
16171010340000,537 S HIGHLAND AVE,41.87849234,-87.78222486,205,,false
16171030360000,537 S LOMBARD AVE,41.87856057,-87.77981824,205,,false
16171050310000,537 S LYMAN AVE,41.87862609,-87.77735717,205,,false
16181080240000,537 S OAK PARK AVE,41.87839421,-87.794526,205,,false
16182070250000,537 S RIDGELAND AVE,41.87845822,-87.78475084,205,Gunderson ,false
16182040310000,537 S SCOVILLE AVE,41.87845775,-87.78835761,202,,false
16182010280000,537 S WESLEY AVE,41.87842989,-87.79204971,206,,false
16063190210000,538 BELLEFORTE AVE,41.89572415,-87.80171803,205,Frank Lloyd Wright,false
16182280280000,538 HARRISON ST,41.87275837,-87.78851137,203,,false
16053220040000,538 N CUYLER AVE,41.89594241,-87.78298775,206,,false
16064220020000,538 N EAST AVE,41.89588783,-87.7894052,206,Frank Lloyd Wright,false
16064240030000,538 N ELMWOOD AVE,41.89596105,-87.78609791,205,Frank Lloyd Wright,false
16064200020000,538 N EUCLID AVE,41.89583405,-87.7924636,206,Frank Lloyd Wright,false
16063240040000,538 N KENILWORTH AVE,41.89572919,-87.79738078,206,Frank Lloyd Wright,false
16053240030000,538 N LOMBARD AVE,41.89611899,-87.77976071,205,,false
16053210030000,538 N RIDGELAND AVE,41.8960179,-87.7845922,205,Frank Lloyd Wright,false
16171010190000,538 S CUYLER AVE,41.87845885,-87.78294641,205,,false
16182040160000,538 S EAST AVE,41.87838342,-87.78903005,205,,false
16182010180000,538 S EUCLID AVE,41.87831442,-87.79269191,203,,false
16181080140000,538 S GROVE AVE,41.8782421,-87.79512983,205,,false
16171030220000,538 S HARVEY AVE,41.87848664,-87.78050919,205,,false
16171020200000,538 S HIGHLAND AVE,41.87847443,-87.78174691,202,,false
16171070170000,538 S HUMPHREY AVE,41.87861758,-87.77554447,204,,false
16182000140000,538 S OAK PARK AVE,41.87834206,-87.79391878,205,,false
16182050200000,538 S SCOVILLE AVE,41.87839717,-87.78775437,206,,false
16063210220000,538 WOODBINE AVE,41.89576916,-87.79884197,205,Frank Lloyd Wright,false
16064210080000,539 N EAST AVE,41.89586257,-87.79021454,206,Frank Lloyd Wright,false
16064200100000,539 N LINDEN AVE,41.89585203,-87.79174875,206,Frank Lloyd Wright,false
16053230130000,539 N LOMBARD AVE,41.8959485,-87.78043395,205,,false
16063160200000,539 N MARION ST,41.89586912,-87.80351649,205,Frank Lloyd Wright,false
16063250140000,539 N OAK PARK AVE,41.89574335,-87.79512292,206,Frank Lloyd Wright,false
16064240150000,539 N RIDGELAND AVE,41.89595718,-87.78528831,206,Frank Lloyd Wright,false
16053240140000,539 N TAYLOR AVE,41.89606808,-87.77879395,204,,false
16182000330000,539 S EUCLID AVE,41.87829848,-87.79327672,205,,false
16182050340000,539 S GUNDERSON AVE,41.87840792,-87.78713093,205,,false
16171020350000,539 S HARVEY AVE,41.87844581,-87.78098155,205,,false
16171060330000,539 S HUMPHREY AVE,41.87857757,-87.77613555,204,,false
16181080250000,539 S OAK PARK AVE,41.87824651,-87.79451225,204,,false
16182040320000,539 S SCOVILLE AVE,41.87839126,-87.78833839,205,,false
16063200390000,539 WOODBINE AVE,41.8957296,-87.7995152,205,Frank Lloyd Wright,false
16083160250000,54 W WASHINGTON BLVD,41.88232595,-87.77739158,205,Ridgeland - Oak Park,false
16182030200000,540 CLARENCE AVE,41.87822834,-87.79022879,203,,false
16064230010000,540 FAIR OAKS AVE,41.89618226,-87.78773031,206,Frank Lloyd Wright,false
16063200160000,540 FOREST AVE,41.89582537,-87.80036743,205,Frank Lloyd Wright,false
16182280270000,540 HARRISON ST,41.87275882,-87.78860704,203,,false
16053220030000,540 N CUYLER AVE,41.89605624,-87.78298678,205,,false
16063250020000,540 N GROVE AVE,41.89591775,-87.79589334,206,Frank Lloyd Wright,false
16053260030000,540 N HUMPHREY AVE,41.89617426,-87.77648751,205,,false
16064210020000,540 N LINDEN AVE,41.89585192,-87.79097217,206,Frank Lloyd Wright,false
16171010200000,540 S CUYLER AVE,41.87839986,-87.78294692,205,,false
16182040170000,540 S EAST AVE,41.87830972,-87.78903067,205,,false
16182070110000,540 S ELMWOOD AVE,41.87838374,-87.78538881,205,Gunderson ,false
16182010190000,540 S EUCLID AVE,41.87820373,-87.79268805,205,,false
16181080150000,540 S GROVE AVE,41.87815728,-87.79513054,205,,false
16182060120000,540 S GUNDERSON AVE,41.87832493,-87.78653711,205,Gunderson ,false
16171030230000,540 S HARVEY AVE,41.87842022,-87.78050466,205,,false
16171020210000,540 S HIGHLAND AVE,41.87841234,-87.7817082,202,,false
16171070180000,540 S HUMPHREY AVE,41.87848937,-87.77554559,203,,false
16171060140000,540 S LYMAN AVE,41.87853539,-87.77674257,205,,false
16182000150000,540 S OAK PARK AVE,41.87823142,-87.79392451,205,,false
16171050160000,540 S TAYLOR AVE,41.87844872,-87.77794334,206,,false
16182020200000,540 S WESLEY AVE,41.87828209,-87.79145228,205,,false
16182020320000,541 CLARENCE AVE,41.87826054,-87.79079055,205,,false
16063190420000,541 FOREST AVE,41.89581613,-87.80099683,205,Frank Lloyd Wright,false
16053210090000,541 N CUYLER AVE,41.8961344,-87.78366217,205,,false
16063240100000,541 N GROVE AVE,41.89591065,-87.79661701,205,Frank Lloyd Wright,false
16053220120000,541 N HARVEY AVE,41.89605502,-87.78199097,203,,false
16053250120000,541 N HUMPHREY AVE,41.89616672,-87.77711597,278,,false
16053230120000,541 N LOMBARD AVE,41.89610081,-87.78041351,205,,false
16182060250000,541 S ELMWOOD AVE,41.8783442,-87.78597035,206,Gunderson ,false
16182050350000,541 S GUNDERSON AVE,41.87834148,-87.7871219,205,,false
16171060290000,541 S HUMPHREY AVE,41.87847708,-87.77613643,203,,false
16171030370000,541 S LOMBARD AVE,41.87846107,-87.77982899,205,,false
16171050320000,541 S LYMAN AVE,41.87852215,-87.77736271,205,,false
16182010290000,541 S WESLEY AVE,41.87832295,-87.79205541,203,,false
16063200380000,541 WOODBINE AVE,41.89580933,-87.79952216,205,Frank Lloyd Wright,false
16063190200000,542 BELLEFORTE AVE,41.89586936,-87.80172826,205,Frank Lloyd Wright,false
16053220020000,542 N CUYLER AVE,41.89618434,-87.78299042,206,,false
16064240020000,542 N ELMWOOD AVE,41.89608918,-87.78611111,206,Frank Lloyd Wright,false
16053240020000,542 N LOMBARD AVE,41.89623294,-87.77978354,205,,false
16063180160000,542 N MARION ST,41.8958543,-87.8030023,205,Frank Lloyd Wright,false
16053210240000,542 N RIDGELAND AVE,41.89613893,-87.78460545,205,Frank Lloyd Wright,false
16053250020000,542 N TAYLOR AVE,41.89625322,-87.77809195,204,,false
16171010210000,542 S CUYLER AVE,41.87832605,-87.78294755,205,,false
16182040180000,542 S EAST AVE,41.87824332,-87.78903124,205,,false
16182070120000,542 S ELMWOOD AVE,41.87825831,-87.78537999,205,Gunderson ,false
16182060130000,542 S GUNDERSON AVE,41.87822538,-87.78653795,206,Gunderson ,false
16171030240000,542 S HARVEY AVE,41.87835738,-87.78047553,205,,false
16171060150000,542 S LYMAN AVE,41.8784349,-87.77674344,205,,false
16182000160000,542 S OAK PARK AVE,41.8781612,-87.79390052,205,,false
16171050170000,542 S TAYLOR AVE,41.87837951,-87.7779625,205,,false
16063210210000,542 WOODBINE AVE,41.89588017,-87.79884105,205,Frank Lloyd Wright,false
16063180430000,543 BELLEFORTE AVE,41.89586882,-87.80230489,204,Frank Lloyd Wright,false
16064230140000,543 N ELMWOOD AVE,41.89607886,-87.78693082,206,Frank Lloyd Wright,false
16053220110000,543 N HARVEY AVE,41.89616186,-87.7820139,203,,false
16053230110000,543 N LOMBARD AVE,41.89621462,-87.78040776,205,,false
16063250130000,543 N OAK PARK AVE,41.89602298,-87.79497838,206,Frank Lloyd Wright,false
16064240140000,543 N RIDGELAND AVE,41.89609593,-87.78529189,204,Frank Lloyd Wright,false
16053240130000,543 N TAYLOR AVE,41.89619973,-87.77878803,204,,false
16182000290000,543 S EUCLID AVE,41.87816193,-87.79326798,205,,false
16171020360000,543 S HARVEY AVE,41.87834626,-87.78100219,203,,false
16171010360000,543 S HIGHLAND AVE,41.87834458,-87.78219645,205,,false
16171030380000,543 S LOMBARD AVE,41.87836513,-87.77982982,205,,false
16171050330000,543 S LYMAN AVE,41.87843203,-87.77735885,205,,false
16182070240000,543 S RIDGELAND AVE,41.87830326,-87.78474707,206,Gunderson ,false
16182040330000,543 S SCOVILLE AVE,41.87828798,-87.78835396,203,,false
16182010300000,543 S WESLEY AVE,41.87820844,-87.792027,205,,false
16063200370000,543 WOODBINE AVE,41.89589178,-87.79950241,203,Frank Lloyd Wright,false
16063190190000,544 BELLEFORTE AVE,41.89597752,-87.80172737,205,Frank Lloyd Wright,false
16182030210000,544 CLARENCE AVE,41.87812869,-87.79022963,205,,false
16063200150000,544 FOREST AVE,41.89598472,-87.80035848,206,Frank Lloyd Wright,false
16063250010000,544 N GROVE AVE,41.89603869,-87.79589232,206,Frank Lloyd Wright,false
16053260020000,544 N HUMPHREY AVE,41.89626675,-87.77648671,205,,false
16063240240000,544 N KENILWORTH AVE,41.89600336,-87.79743566,206,Frank Lloyd Wright,false
16064210010000,544 N LINDEN AVE,41.8961435,-87.79094587,209,Frank Lloyd Wright,false
16053250010000,544 N TAYLOR AVE,41.89634566,-87.77808162,203,,false
16171010220000,544 S CUYLER AVE,41.87825224,-87.78294818,205,,false
16182040190000,544 S EAST AVE,41.87815839,-87.78903196,205,,false
16182010200000,544 S EUCLID AVE,41.87808568,-87.79269384,205,,false
16181080160000,544 S GROVE AVE,41.87807235,-87.79513125,205,,false
16171030250000,544 S HARVEY AVE,41.87826881,-87.7804664,203,,false
16171020220000,544 S HIGHLAND AVE,41.87834224,-87.78170881,205,,false
16171070190000,544 S HUMPHREY AVE,41.87840614,-87.77553239,204,,false
16182000170000,544 S OAK PARK AVE,41.87806896,-87.79390129,205,,false
16171050180000,544 S TAYLOR AVE,41.87830671,-87.77795849,205,,false
16063210200000,544 WOODBINE AVE,41.89598551,-87.79884779,205,Frank Lloyd Wright,false
16182020330000,545 CLARENCE AVE,41.87816094,-87.79080128,205,,false
16182200010000,545 JACKSON BLVD,41.87605106,-87.78894484,205,,false
16063240090000,545 N GROVE AVE,41.89605305,-87.79663963,205,Frank Lloyd Wright,false
16182000300000,545 S EUCLID AVE,41.87809553,-87.79326854,205,,false
16171020370000,545 S HARVEY AVE,41.87825383,-87.78096342,203,,false
16171060300000,545 S HUMPHREY AVE,41.8783767,-87.7761605,206,,false
16171030390000,545 S LOMBARD AVE,41.87829507,-87.77984031,206,,false
16171050340000,545 S LYMAN AVE,41.87832808,-87.77735975,205,,false
16181080260000,545 S OAK PARK AVE,41.87810992,-87.79449361,206,,false
16182040340000,545 S SCOVILLE AVE,41.87815163,-87.78825536,205,,false
16182010310000,545 S WESLEY AVE,41.8781125,-87.7920278,205,,false
16063200360000,545 WOODBINE AVE,41.89598002,-87.79950167,202,Frank Lloyd Wright,false
16053220010000,546 N CUYLER AVE,41.89628387,-87.78297527,203,,false
16064240010000,546 N ELMWOOD AVE,41.89622456,-87.786153,205,Frank Lloyd Wright,false
16064200010000,546 N EUCLID AVE,41.8961119,-87.79254224,206,Frank Lloyd Wright,false
16053230010000,546 N HARVEY AVE,41.89626916,-87.78140315,206,,false
16053260010000,546 N HUMPHREY AVE,41.89637703,-87.77648575,205,,false
16053240010000,546 N LOMBARD AVE,41.89632884,-87.77975413,204,,false
16063180150000,546 N MARION ST,41.89599644,-87.80304864,205,Frank Lloyd Wright,false
16064190320000,546 N OAK PARK AVE,41.89608839,-87.79433855,206,Frank Lloyd Wright,false
16053210230000,546 N RIDGELAND AVE,41.89627057,-87.78460909,206,Frank Lloyd Wright,false
16171020230000,546 S HIGHLAND AVE,41.87827211,-87.78170432,205,,false
16063180420000,547 BELLEFORTE AVE,41.89601065,-87.80228589,206,Frank Lloyd Wright,false
16064220110000,547 FAIR OAKS AVE,41.89612595,-87.7886075,206,Frank Lloyd Wright,false
16063190410000,547 FOREST AVE,41.8959641,-87.80098797,206,Frank Lloyd Wright,false
16053210080000,547 N CUYLER AVE,41.89626246,-87.78366107,206,,false
16064230130000,547 N ELMWOOD AVE,41.89619622,-87.78692506,206,Frank Lloyd Wright,false
16064190110000,547 N EUCLID AVE,41.89609766,-87.79329518,209,Frank Lloyd Wright,false
16064200090000,547 N LINDEN AVE,41.89614357,-87.79171294,209,Frank Lloyd Wright,false
16053230100000,547 N LOMBARD AVE,41.89631422,-87.7804069,205,,false
16063160110000,547 N MARION ST,41.89600685,-87.80356881,206,Frank Lloyd Wright,false
16064240130000,547 N RIDGELAND AVE,41.89622773,-87.78531946,205,Frank Lloyd Wright,false
16053240120000,547 N TAYLOR AVE,41.89632802,-87.77883457,204,,false
16063190180000,548 BELLEFORTE AVE,41.89608846,-87.8017112,205,Frank Lloyd Wright,false
16063210190000,548 WOODBINE AVE,41.89608796,-87.79884313,205,Frank Lloyd Wright,false
16063190400000,549 FOREST AVE,41.89609224,-87.80099834,204,Frank Lloyd Wright,false
16063200140000,550 FOREST AVE,41.89612131,-87.80034972,205,Frank Lloyd Wright,false
16063180140000,550 N MARION ST,41.89614703,-87.80300582,206,Frank Lloyd Wright,false
16063180410000,551 BELLEFORTE AVE,41.89613486,-87.80229081,205,Frank Lloyd Wright,false
16063180130000,552 N MARION ST,41.89628454,-87.80301062,204,Frank Lloyd Wright,false
16063160100000,553 N MARION ST,41.89618427,-87.80357328,206,Frank Lloyd Wright,false
16063180120000,556 N MARION ST,41.89639456,-87.80303841,206,Frank Lloyd Wright,false
16083220030000,57 W WASHINGTON BLVD,41.88181031,-87.77749767,205,Ridgeland - Oak Park,false
16083160240000,58 W WASHINGTON BLVD,41.88232649,-87.77750284,205,Ridgeland - Oak Park,false
16083220020000,59 W WASHINGTON BLVD,41.88181092,-87.77762177,205,Ridgeland - Oak Park,false
16051270440000,6 DIVISION ST,41.90226438,-87.77553438,295,,false
16071150200000,6 ELIZABETH CT,41.89171118,-87.79891643,206,Frank Lloyd Wright,false
16051060310000,6 LE MOYNE PKWY,41.90775219,-87.77590747,203,,false
16063190170000,600 BELLEFORTE AVE,41.89618521,-87.80170658,205,Frank Lloyd Wright,false
16181160010000,600 CARPENTER AVE,41.87819701,-87.79602763,205,,false
16182110010000,600 CLARENCE AVE,41.87787855,-87.79019855,205,,false
16064170110000,600 FAIR OAKS AVE,41.89656692,-87.7878271,206,Frank Lloyd Wright,false
16181130010000,600 HOME AVE,41.87808915,-87.79961669,205,,false
16064140080000,600 N EUCLID AVE,41.896567,-87.79249076,206,Frank Lloyd Wright,false
16063230150000,600 N GROVE AVE,41.89635163,-87.79586579,205,Frank Lloyd Wright,false
16064150060000,600 N LINDEN AVE,41.8965529,-87.7910091,206,Frank Lloyd Wright,false
16053180150000,600 N LOMBARD AVE,41.89659922,-87.77975652,205,,false
16064130310000,600 N OAK PARK AVE,41.89651169,-87.79434463,203,Frank Lloyd Wright,false
16053150300000,600 N RIDGELAND AVE,41.89669035,-87.78461022,206,Frank Lloyd Wright,false
16053190160000,600 N TAYLOR AVE,41.89664478,-87.77814093,205,,false
16181140010000,600 S CLINTON AVE,41.87809953,-87.79848808,206,,false
16171090010000,600 S CUYLER AVE,41.87797088,-87.78288359,203,,false
16182120010000,600 S EAST AVE,41.87791467,-87.78903721,205,,false
16182150010000,600 S ELMWOOD AVE,41.87795563,-87.78535363,205,Gunderson ,false
16181170010000,600 S GROVE AVE,41.87779067,-87.79512596,205,,false
16182140010000,600 S GUNDERSON AVE,41.87793309,-87.78654682,205,Gunderson ,false
16171110010000,600 S HARVEY AVE,41.87798371,-87.78043806,203,,false
16171150010000,600 S HUMPHREY AVE,41.87807105,-87.77552574,203,,false
16181150010000,600 S KENILWORTH AVE,41.87815143,-87.79705056,205,,false
16171140010000,600 S LYMAN AVE,41.87804434,-87.77673146,205,,false
16182130010000,600 S SCOVILLE AVE,41.87792478,-87.78776314,205,,false
16171130010000,600 S TAYLOR AVE,41.87804123,-87.77797007,205,,false
16182100010000,600 S WESLEY AVE,41.87785726,-87.79144085,204,,false
16181110010000,600 WISCONSIN AVE,41.87807617,-87.80195034,203,,false
16181150110000,601 CARPENTER AVE,41.87816707,-87.79645267,205,,false
16182100190000,601 CLARENCE AVE,41.87788007,-87.79079853,205,,false
16064160240000,601 FAIR OAKS AVE,41.89662369,-87.78854601,206,Frank Lloyd Wright,false
16181120120000,601 HOME AVE,41.87810947,-87.80011455,203,,false
16064130170000,601 N EUCLID AVE,41.89654242,-87.79331531,209,Frank Lloyd Wright,false
16063220250000,601 N GROVE AVE,41.89633045,-87.79662302,205,Frank Lloyd Wright,false
16063210500000,601 N KENILWORTH AVE,41.89617565,-87.79811329,206,Frank Lloyd Wright,false
16053180320000,601 N TAYLOR AVE,41.89662292,-87.77877004,205,,false
16181130070000,601 S CLINTON AVE,41.87811735,-87.79910204,206,,false
16182140280000,601 S ELMWOOD AVE,41.87792761,-87.78587996,206,Gunderson ,false
16181160110000,601 S GROVE AVE,41.87816577,-87.79566726,205,,false
16182130170000,601 S GUNDERSON AVE,41.87793635,-87.78710113,205,,false
16171100190000,601 S HARVEY AVE,41.87799746,-87.7810469,204,,false
16171140160000,601 S HUMPHREY AVE,41.87805188,-87.77612939,206,,false
16181140100000,601 S KENILWORTH AVE,41.87814693,-87.79767451,206,,false
16171110200000,601 S LOMBARD AVE,41.87803531,-87.77980178,205,,false
16171130190000,601 S LYMAN AVE,41.87804516,-87.77734828,205,,false
16182150140000,601 S RIDGELAND AVE,41.8779819,-87.7846894,206,Gunderson ,false
16171120180000,601 S TAYLOR AVE,41.87806119,-87.77851305,205,,false
16074020340000,601 SOUTH BLVD,41.88657085,-87.78978662,295,Ridgeland - Oak Park,false
16181110120000,601 WENONAH AVE,41.87810381,-87.80131278,205,,false
16063200540000,601 WOODBINE AVE,41.89611376,-87.79949294,206,Frank Lloyd Wright,false
16063190160000,602 BELLEFORTE AVE,41.89629301,-87.80172453,205,Frank Lloyd Wright,false
16063200130000,602 FOREST AVE,41.89625459,-87.80022077,203,Frank Lloyd Wright,false
16064160110000,602 N EAST AVE,41.8964962,-87.78940478,206,Frank Lloyd Wright,false
16171090020000,602 S CUYLER AVE,41.87789113,-87.78291245,205,,false
16171100020000,602 S HIGHLAND AVE,41.87790148,-87.78170752,205,,false
16181120010000,602 WENONAH AVE,41.87810785,-87.80071638,204,,false
16181110020000,602 WISCONSIN AVE,41.87799797,-87.80195099,205,,false
16063210180000,602 WOODBINE AVE,41.89620754,-87.79884975,205,Frank Lloyd Wright,false
16182100200000,603 CLARENCE AVE,41.87780996,-87.79079913,205,,false
16063190390000,603 FOREST AVE,41.89623412,-87.80100076,203,Frank Lloyd Wright,false
16053150280000,603 N CUYLER AVE,41.8966321,-87.78359582,205,,false
16063220240000,603 N GROVE AVE,41.89644421,-87.79660778,205,Frank Lloyd Wright,false
16182140290000,603 S ELMWOOD AVE,41.87782269,-87.78592013,234,Gunderson ,false
16182080070000,603 S EUCLID AVE,41.87782487,-87.79326316,206,,false
16182130180000,603 S GUNDERSON AVE,41.87784032,-87.78708216,205,,false
16171090230000,603 S HIGHLAND AVE,41.87790438,-87.78215559,205,,false
16171110210000,603 S LOMBARD AVE,41.87795118,-87.77979681,205,,false
16182120170000,603 S SCOVILLE AVE,41.87785987,-87.78835599,205,,false
16171120190000,603 S TAYLOR AVE,41.87797453,-87.77850917,205,,false
16182090160000,603 S WESLEY AVE,41.87779282,-87.79202446,206,,false
16063200530000,603 WOODBINE AVE,41.89624729,-87.79953735,206,Frank Lloyd Wright,false
16063190150000,604 BELLEFORTE AVE,41.89638205,-87.80175436,205,Frank Lloyd Wright,false
16181160020000,604 CARPENTER AVE,41.87809005,-87.79602853,205,,false
16182110020000,604 CLARENCE AVE,41.87774941,-87.79018975,205,,false
16063230140000,604 N GROVE AVE,41.89646195,-87.79587439,206,Frank Lloyd Wright,false
16053180140000,604 N LOMBARD AVE,41.89669166,-87.7797462,203,,false
16053190150000,604 N TAYLOR AVE,41.89674432,-87.77812578,206,,false
16181140020000,604 S CLINTON AVE,41.8779976,-87.79850258,206,,false
16171090030000,604 S CUYLER AVE,41.87782385,-87.78290164,204,,false
16182120020000,604 S EAST AVE,41.87781513,-87.78903806,206,,false
16182150020000,604 S ELMWOOD AVE,41.87785464,-87.78533201,206,Gunderson ,false
16182090020000,604 S EUCLID AVE,41.87768089,-87.79263185,205,,false
16181170020000,604 S GROVE AVE,41.87769093,-87.79510701,205,,false
16182140020000,604 S GUNDERSON AVE,41.87783318,-87.78652917,205,Gunderson ,false
16171110020000,604 S HARVEY AVE,41.87787855,-87.78042787,205,,false
16171150020000,604 S HUMPHREY AVE,41.87798441,-87.77552649,203,,false
16181150020000,604 S KENILWORTH AVE,41.87802598,-87.79703692,205,,false
16171120020000,604 S LOMBARD AVE,41.87788782,-87.77921055,205,,false
16171140020000,604 S LYMAN AVE,41.87793358,-87.77676026,205,,false
16182130020000,604 S SCOVILLE AVE,41.87783985,-87.78776386,205,,false
16171130020000,604 S TAYLOR AVE,41.87795807,-87.77797079,205,,false
16182100020000,604 S WESLEY AVE,41.87772446,-87.79144197,206,,false
16181120020000,604 WENONAH AVE,41.87802292,-87.80073075,203,,false
16063180400000,605 BELLEFORTE AVE,41.8962546,-87.80228981,205,Frank Lloyd Wright,false
16181150120000,605 CARPENTER AVE,41.87803056,-87.79645381,203,,false
16182100210000,605 CLARENCE AVE,41.87770675,-87.79080959,204,,false
16181120130000,605 HOME AVE,41.87800748,-87.8001154,205,,false
16064210070000,605 IOWA ST,41.89607628,-87.7902699,209,Frank Lloyd Wright,false
16053150270000,605 N CUYLER AVE,41.89670327,-87.78359997,205,,false
16063220220000,605 N GROVE AVE,41.89657587,-87.7966162,206,Frank Lloyd Wright,false
16064140140000,605 N LINDEN AVE,41.89656715,-87.79176656,209,Frank Lloyd Wright,false
16063150190000,605 N MARION ST,41.89654612,-87.8035797,206,Frank Lloyd Wright,false
16063230280000,605 N OAK PARK AVE,41.89647271,-87.79513589,206,Frank Lloyd Wright,false
16053180310000,605 N TAYLOR AVE,41.89670829,-87.7787693,205,,false
16181130080000,605 S CLINTON AVE,41.87799152,-87.79909398,206,,false
16182110380000,605 S EAST AVE,41.87774659,-87.78959203,205,,false
16182080080000,605 S EUCLID AVE,41.87772503,-87.79322443,205,,false
16181160120000,605 S GROVE AVE,41.87805495,-87.79563372,205,,false
16171100200000,605 S HARVEY AVE,41.8778966,-87.78105347,205,,false
16171090240000,605 S HIGHLAND AVE,41.87784142,-87.78218431,205,,false
16171140170000,605 S HUMPHREY AVE,41.87793744,-87.77611182,205,,false
16181140110000,605 S KENILWORTH AVE,41.87799571,-87.79767578,206,,false
16171110220000,605 S LOMBARD AVE,41.87786285,-87.77977509,203,,false
16171130200000,605 S LYMAN AVE,41.87792727,-87.77733538,205,,false
16181170150000,605 S OAK PARK AVE,41.87765832,-87.79445498,205,,false
16182150150000,605 S RIDGELAND AVE,41.87786421,-87.78468471,205,Gunderson ,false
16182120180000,605 S SCOVILLE AVE,41.87776388,-87.78834691,203,,false
16171120200000,605 S TAYLOR AVE,41.87791904,-87.77850036,205,,false
16074020510000,605 SOUTH BLVD,41.88657971,-87.78994665,295,Ridgeland - Oak Park,false
16181110130000,605 WENONAH AVE,41.8780086,-87.80130901,205,,false
16063200340000,605 WOODBINE AVE,41.89638099,-87.79952001,205,Frank Lloyd Wright,false
16181160030000,606 CARPENTER AVE,41.87797568,-87.79602949,205,,false
16063200120000,606 FOREST AVE,41.89637797,-87.80040739,205,Frank Lloyd Wright,false
16064150160000,606 IOWA ST,41.8965706,-87.79023711,206,Frank Lloyd Wright,false
16064160100000,606 N EAST AVE,41.89663494,-87.7894036,206,Frank Lloyd Wright,false
16063230130000,606 N GROVE AVE,41.89657581,-87.7958782,205,Frank Lloyd Wright,false
16053180130000,606 N LOMBARD AVE,41.89678415,-87.7797454,203,,false
16063180110000,606 N MARION ST,41.89654094,-87.80304314,205,Frank Lloyd Wright,false
16181170030000,606 S GROVE AVE,41.87762082,-87.7951076,205,,false
16171110030000,606 S HARVEY AVE,41.87780711,-87.78042849,205,,false
16171150030000,606 S HUMPHREY AVE,41.87790471,-87.77552719,206,,false
16182130030000,606 S SCOVILLE AVE,41.87775873,-87.78776455,205,,false
16171130030000,606 S TAYLOR AVE,41.8778749,-87.77797151,205,,false
16182100030000,606 S WESLEY AVE,41.87763227,-87.79145264,205,,false
16181120030000,606 WENONAH AVE,41.87792796,-87.80078161,205,,false
16181110030000,606 WISCONSIN AVE,41.87789934,-87.80198095,205,,false
16063210160000,606 WOODBINE AVE,41.89642348,-87.79886298,206,Frank Lloyd Wright,false
16063180390000,607 BELLEFORTE AVE,41.89641434,-87.80230762,205,Frank Lloyd Wright,false
16063190380000,607 FOREST AVE,41.89635563,-87.80096627,203,Frank Lloyd Wright,false
16181120140000,607 HOME AVE,41.87792246,-87.80011156,203,,false
16063220210000,607 N GROVE AVE,41.89668959,-87.79658657,205,Frank Lloyd Wright,false
16053180300000,607 N TAYLOR AVE,41.89679011,-87.7787686,203,,false
16182080090000,607 S EUCLID AVE,41.87752957,-87.79323088,205,,false
16182130190000,607 S GUNDERSON AVE,41.87775549,-87.78708288,205,,false
16171090250000,607 S HIGHLAND AVE,41.87776575,-87.78218496,205,,false
16171130210000,607 S LYMAN AVE,41.87781634,-87.77732707,205,,false
16182150160000,607 S RIDGELAND AVE,41.87775077,-87.78470817,205,Gunderson ,false
16171120210000,607 S TAYLOR AVE,41.8778532,-87.77850093,205,,false
16182090170000,607 S WESLEY AVE,41.87766733,-87.79202552,203,,false
16181110140000,607 WENONAH AVE,41.87791009,-87.80132895,202,,false
16063190140000,608 BELLEFORTE AVE,41.89648452,-87.80175351,205,Frank Lloyd Wright,false
16182110030000,608 CLARENCE AVE,41.87764984,-87.79020529,205,,false
16181130020000,608 HOME AVE,41.87789183,-87.79959102,205,,false
16053160100000,608 N CUYLER AVE,41.89694829,-87.78301497,203,,false
16063230120000,608 N GROVE AVE,41.89667205,-87.79588156,206,Frank Lloyd Wright,false
16053200390000,608 N HUMPHREY AVE,41.89691789,-87.77651909,205,,false
16063180100000,608 N MARION ST,41.89667864,-87.80308952,206,Frank Lloyd Wright,false
16053190140000,608 N TAYLOR AVE,41.89683678,-87.77812021,205,,false
16181140030000,608 S CLINTON AVE,41.87788201,-87.79850354,206,,false
16171090040000,608 S CUYLER AVE,41.87768522,-87.78290852,205,,false
16182120030000,608 S EAST AVE,41.877719,-87.7889993,205,,false
16182150030000,608 S ELMWOOD AVE,41.8777412,-87.78533298,206,Gunderson ,false
16182140030000,608 S GUNDERSON AVE,41.87770772,-87.78653533,205,Gunderson ,false
16171110040000,608 S HARVEY AVE,41.87773566,-87.7804291,203,,false
16181150030000,608 S KENILWORTH AVE,41.8779042,-87.79703793,205,,false
16171120030000,608 S LOMBARD AVE,41.8777907,-87.77919283,205,,false
16182080030000,608 S OAK PARK AVE,41.87751676,-87.7938803,206,,false
16171130040000,608 S TAYLOR AVE,41.87778483,-87.77797693,203,,false
16181110040000,608 WISCONSIN AVE,41.87779739,-87.8019909,205,,false
16181150130000,609 CARPENTER AVE,41.87788295,-87.79643526,205,,false
16182100220000,609 CLARENCE AVE,41.87757013,-87.79078617,205,,false
16181120150000,609 HOME AVE,41.87783407,-87.80011229,203,,false
16064140210000,609 N LINDEN AVE,41.89683777,-87.79177165,206,Frank Lloyd Wright,false
16063150180000,609 N MARION ST,41.89666143,-87.80357875,205,Frank Lloyd Wright,false
16053180290000,609 N TAYLOR AVE,41.89687571,-87.77878279,205,,false
16181130090000,609 S CLINTON AVE,41.87787259,-87.79910863,206,,false
16182110390000,609 S EAST AVE,41.87761346,-87.78952391,205,,false
16182140180000,609 S ELMWOOD AVE,41.87770043,-87.78584263,206,Gunderson ,false
16181160130000,609 S GROVE AVE,41.87791114,-87.79563492,204,,false
16182130200000,609 S GUNDERSON AVE,41.87765952,-87.78707891,205,,false
16171100210000,609 S HARVEY AVE,41.87775578,-87.7809891,202,,false
16171140180000,609 S HUMPHREY AVE,41.87783346,-87.77610808,205,,false
16171110230000,609 S LOMBARD AVE,41.8777493,-87.77977607,205,,false
16181170160000,609 S OAK PARK AVE,41.87752184,-87.79446122,205,,false
16182120320000,609 S SCOVILLE AVE,41.8776458,-87.78834791,205,,false
16171120220000,609 S TAYLOR AVE,41.87776313,-87.77850635,205,,false
16182090180000,609 S WESLEY AVE,41.87753819,-87.79201671,205,,false
16074020570000,609 SOUTH BLVD,41.88656221,-87.79016936,295,Ridgeland - Oak Park,false
16181110150000,609 WENONAH AVE,41.8778285,-87.80132963,205,,false
16063200330000,609 WOODBINE AVE,41.89652043,-87.79951123,206,Frank Lloyd Wright,false
16083220010000,61 W WASHINGTON BLVD,41.88177713,-87.77774945,206,Ridgeland - Oak Park,false
16181160040000,610 CARPENTER AVE,41.87783547,-87.79603066,205,,false
16182110040000,610 CLARENCE AVE,41.8775245,-87.79021624,205,,false
16064170100000,610 FAIR OAKS AVE,41.89678391,-87.78782525,206,Frank Lloyd Wright,false
16063200110000,610 FOREST AVE,41.8965089,-87.8004063,206,Frank Lloyd Wright,false
16064160090000,610 N EAST AVE,41.89676658,-87.78940725,206,Frank Lloyd Wright,false
16064140070000,610 N EUCLID AVE,41.89675465,-87.79253099,204,Frank Lloyd Wright,false
16063230110000,610 N GROVE AVE,41.89677726,-87.79587422,205,Frank Lloyd Wright,false
16053200380000,610 N HUMPHREY AVE,41.89699944,-87.77651839,205,,false
16053180340000,610 N LOMBARD AVE,41.89693269,-87.77976847,205,,false
16064130330000,610 N OAK PARK AVE,41.89670439,-87.79434204,206,Frank Lloyd Wright,false
16181140040000,610 S CLINTON AVE,41.87779348,-87.79847697,206,,false
16171090050000,610 S CUYLER AVE,41.87761789,-87.7829091,205,,false
16182120040000,610 S EAST AVE,41.87763044,-87.78899526,205,,false
16182150040000,610 S ELMWOOD AVE,41.87761002,-87.78532841,206,Gunderson ,false
16182090030000,610 S EUCLID AVE,41.87754797,-87.79262817,206,,false
16182140040000,610 S GUNDERSON AVE,41.87761665,-87.78653673,205,Gunderson ,false
16171100040000,610 S HIGHLAND AVE,41.87765752,-87.78164706,205,,false
16171150040000,610 S HUMPHREY AVE,41.87780769,-87.77552803,205,,false
16171120040000,610 S LOMBARD AVE,41.87770407,-87.77919357,205,,false
16171140030000,610 S LYMAN AVE,41.87782967,-87.77677044,205,,false
16171130050000,610 S TAYLOR AVE,41.87770164,-87.77797301,203,,false
16182100040000,610 S WESLEY AVE,41.87754735,-87.79143357,205,,false
16181120040000,610 WENONAH AVE,41.8778293,-87.80080565,206,,false
16063210150000,610 WOODBINE AVE,41.89653722,-87.79883916,205,Frank Lloyd Wright,false
16063180380000,611 BELLEFORTE AVE,41.89654307,-87.80233032,204,Frank Lloyd Wright,false
16064160210000,611 FAIR OAKS AVE,41.89675536,-87.78855442,205,Frank Lloyd Wright,false
16181120160000,611 HOME AVE,41.87774907,-87.800113,203,,false
16053150250000,611 N CUYLER AVE,41.8968563,-87.78361295,205,,false
16064170220000,611 N ELMWOOD AVE,41.89678319,-87.7869248,206,Frank Lloyd Wright,false
16064130160000,611 N EUCLID AVE,41.89676545,-87.79335579,209,Frank Lloyd Wright,false
16063210380000,611 N KENILWORTH AVE,41.89661628,-87.79809033,206,Frank Lloyd Wright,false
16063150170000,611 N MARION ST,41.89678541,-87.80356207,205,Frank Lloyd Wright,false
16063230260000,611 N OAK PARK AVE,41.89664244,-87.79513921,206,Frank Lloyd Wright,false
16064180210000,611 N RIDGELAND AVE,41.89681457,-87.78529991,205,Frank Lloyd Wright,false
16053180280000,611 N TAYLOR AVE,41.89696049,-87.77877331,205,,false
16181130100000,611 S CLINTON AVE,41.8777568,-87.79906862,206,,false
16182110240000,611 S EAST AVE,41.87751388,-87.78953974,203,,false
16182140190000,611 S ELMWOOD AVE,41.87757361,-87.7858659,205,Gunderson ,false
16182130210000,611 S GUNDERSON AVE,41.87756356,-87.78707463,205,,false
16171100220000,611 S HARVEY AVE,41.87765441,-87.78100137,204,,false
16171090260000,611 S HIGHLAND AVE,41.87767339,-87.78220254,205,,false
16171140190000,611 S HUMPHREY AVE,41.87772951,-87.77610899,205,,false
16181140120000,611 S KENILWORTH AVE,41.87787021,-87.79765224,206,,false
16171130220000,611 S LYMAN AVE,41.87770196,-87.77732342,205,,false
16182150170000,611 S RIDGELAND AVE,41.87764911,-87.78469764,205,Gunderson ,false
16171120240000,611 S TAYLOR AVE,41.87762452,-87.77850755,203,,false
16181110160000,611 WENONAH AVE,41.87776388,-87.80132562,205,,false
16063190130000,612 BELLEFORTE AVE,41.89658981,-87.80174882,205,Frank Lloyd Wright,false
16063230100000,612 N GROVE AVE,41.89692939,-87.79587294,206,Frank Lloyd Wright,false
16053170150000,612 N HARVEY AVE,41.896937,-87.78138413,205,,false
16053200150000,612 N HUMPHREY AVE,41.89708426,-87.77651765,205,,false
16063220090000,612 N KENILWORTH AVE,41.89658991,-87.797345,206,Frank Lloyd Wright,false
16064150130000,612 N LINDEN AVE,41.89678217,-87.79098011,204,Frank Lloyd Wright,false
16063180090000,612 N MARION ST,41.89681168,-87.80308841,205,Frank Lloyd Wright,false
16053190130000,612 N TAYLOR AVE,41.89692821,-87.77817062,205,,false
16171090060000,612 S CUYLER AVE,41.87754223,-87.78290975,203,,false
16182120050000,612 S EAST AVE,41.87753072,-87.78898111,205,,false
16182090040000,612 S EUCLID AVE,41.87741977,-87.79262925,203,,false
16181170050000,612 S GROVE AVE,41.87737347,-87.79507011,203,,false
16171100050000,612 S HIGHLAND AVE,41.87758191,-87.7816591,203,,false
16171150050000,612 S HUMPHREY AVE,41.8777072,-87.77552891,205,,false
16181150040000,612 S KENILWORTH AVE,41.87779351,-87.79703406,205,,false
16171120050000,612 S LOMBARD AVE,41.8776313,-87.7791942,205,,false
16171140040000,612 S LYMAN AVE,41.87770834,-87.77676221,205,,false
16182080040000,612 S OAK PARK AVE,41.87739875,-87.79385101,203,,false
16182130050000,612 S SCOVILLE AVE,41.87750793,-87.78778167,205,,false
16171130060000,612 S TAYLOR AVE,41.87761146,-87.77795523,203,,false
16182100050000,612 S WESLEY AVE,41.87744765,-87.79144551,205,,false
16181110050000,612 WISCONSIN AVE,41.87767153,-87.80197828,203,,false
16181150140000,613 CARPENTER AVE,41.87774645,-87.7964364,204,,false
16182100230000,613 CLARENCE AVE,41.87745203,-87.79078237,204,,false
16053160260000,613 N HARVEY AVE,41.89696935,-87.78201354,203,,false
16053170330000,613 N LOMBARD AVE,41.89699815,-87.78041592,206,,false
16181160140000,613 S GROVE AVE,41.87779306,-87.79563591,205,,false
16171090270000,613 S HIGHLAND AVE,41.87757675,-87.78220907,205,,false
16171110240000,613 S LOMBARD AVE,41.87765263,-87.77977691,205,,false
16181170170000,613 S OAK PARK AVE,41.87738905,-87.79446233,203,,false
16182120210000,613 S SCOVILLE AVE,41.87749089,-87.78835432,203,,false
16181110170000,613 WENONAH AVE,41.87768559,-87.80130714,205,,false
16063190120000,614 BELLEFORTE AVE,41.89668369,-87.80173661,203,Frank Lloyd Wright,false
16181160050000,614 CARPENTER AVE,41.87769894,-87.79602701,205,,false
16182110060000,614 CLARENCE AVE,41.87740165,-87.79020919,205,,false
16064170090000,614 FAIR OAKS AVE,41.89692616,-87.78781451,206,Frank Lloyd Wright,false
16063200100000,614 FOREST AVE,41.89665114,-87.80038987,206,Frank Lloyd Wright,false
16181130030000,614 HOME AVE,41.87768454,-87.79961551,205,,false
16064160080000,614 N EAST AVE,41.89691605,-87.78942028,205,Frank Lloyd Wright,false
16064180090000,614 N ELMWOOD AVE,41.89692891,-87.78615168,206,Frank Lloyd Wright,false
16053170140000,614 N HARVEY AVE,41.89702353,-87.78140191,205,,false
16053200140000,614 N HUMPHREY AVE,41.89716907,-87.77651691,205,,false
16063220270000,614 N KENILWORTH AVE,41.89674618,-87.79736095,206,Frank Lloyd Wright,false
16053180360000,614 N LOMBARD AVE,41.89706058,-87.77976274,203,,false
16053150100000,614 N RIDGELAND AVE,41.89699754,-87.78461338,205,Frank Lloyd Wright,false
16171090070000,614 S CUYLER AVE,41.87747492,-87.78289354,203,,false
16182120060000,614 S EAST AVE,41.87743134,-87.78901673,205,,false
16182150050000,614 S ELMWOOD AVE,41.87749665,-87.78534616,205,Gunderson ,false
16182140050000,614 S GUNDERSON AVE,41.87749862,-87.78654763,205,Gunderson ,false
16171100060000,614 S HIGHLAND AVE,41.87752313,-87.7816596,205,,false
16181150050000,614 S KENILWORTH AVE,41.87769015,-87.79703493,206,,false
16171120060000,614 S LOMBARD AVE,41.87753083,-87.77919971,203,,false
16182100060000,614 S WESLEY AVE,41.87735099,-87.79144633,205,,false
16181120050000,614 WENONAH AVE,41.87765578,-87.80077978,205,,false
16063210140000,614 WOODBINE AVE,41.89665677,-87.7988381,205,Frank Lloyd Wright,false
16063180370000,615 BELLEFORTE AVE,41.89668225,-87.80235292,206,Frank Lloyd Wright,false
16064160200000,615 FAIR OAKS AVE,41.89691541,-87.78854829,206,Frank Lloyd Wright,false
16063190360000,615 FOREST AVE,41.89666579,-87.80094463,205,Frank Lloyd Wright,false
16181120170000,615 HOME AVE,41.87765046,-87.80010926,203,,false
16182190010000,615 JACKSON BLVD,41.87602623,-87.790166,205,,false
16053150230000,615 N CUYLER AVE,41.89702382,-87.7836495,205,,false
16064150150000,615 N EAST AVE,41.89688248,-87.79025701,278,Frank Lloyd Wright,false
16064170210000,615 N ELMWOOD AVE,41.89692541,-87.7869093,205,Frank Lloyd Wright,false
16063220280000,615 N GROVE AVE,41.89682231,-87.79661013,205,Frank Lloyd Wright,false
16053190280000,615 N HUMPHREY AVE,41.89707657,-87.77714253,204,,false
16063150150000,615 N MARION ST,41.89698018,-87.80361423,206,Frank Lloyd Wright,false
16063230250000,615 N OAK PARK AVE,41.8967978,-87.7950916,205,Frank Lloyd Wright,false
16064180200000,615 N RIDGELAND AVE,41.89695687,-87.78529869,205,Frank Lloyd Wright,false
16053180270000,615 N TAYLOR AVE,41.89704854,-87.77876818,205,,false
16181130110000,615 S CLINTON AVE,41.87765141,-87.7990695,206,,false
16182110250000,615 S EAST AVE,41.87741423,-87.78954058,205,,false
16182140200000,615 S ELMWOOD AVE,41.87746017,-87.78586687,206,Gunderson ,false
16182080100000,615 S EUCLID AVE,41.87739309,-87.79323712,204,,false
16181160150000,615 S GROVE AVE,41.87771554,-87.79563656,205,,false
16182130220000,615 S GUNDERSON AVE,41.87748982,-87.78707046,205,,false
16171100230000,615 S HARVEY AVE,41.87754073,-87.78097417,205,,false
16171090280000,615 S HIGHLAND AVE,41.87748843,-87.78220983,205,,false
16171140200000,615 S HUMPHREY AVE,41.87764285,-87.7761051,205,,false
16181140130000,615 S KENILWORTH AVE,41.87774465,-87.7976386,205,,false
16171110250000,615 S LOMBARD AVE,41.87756439,-87.77977197,205,,false
16171130230000,615 S LYMAN AVE,41.87759787,-87.77729648,205,,false
16182150180000,615 S RIDGELAND AVE,41.87753556,-87.78469862,205,Gunderson ,false
16171120250000,615 S TAYLOR AVE,41.87753098,-87.778513,205,,false
16182090190000,615 S WESLEY AVE,41.87743081,-87.79201642,205,,false
16063200320000,615 WOODBINE AVE,41.89667427,-87.79954044,206,Frank Lloyd Wright,false
16181160060000,616 CARPENTER AVE,41.87757345,-87.79602806,205,,false
16064150170000,616 IOWA ST,41.89660185,-87.79052954,206,Frank Lloyd Wright,false
16053160090000,616 N CUYLER AVE,41.89707621,-87.78301387,205,,false
16053170130000,616 N HARVEY AVE,41.89711688,-87.7814011,205,,false
16063220260000,616 N KENILWORTH AVE,41.89688802,-87.79737829,205,Frank Lloyd Wright,false
16064130290000,616 N OAK PARK AVE,41.89692905,-87.79432627,203,Frank Lloyd Wright,false
16181140050000,616 S CLINTON AVE,41.87758599,-87.79845594,206,,false
16171090080000,616 S CUYLER AVE,41.87741187,-87.78288269,203,,false
16182090050000,616 S EUCLID AVE,41.87733124,-87.79263,203,,false
16181170060000,616 S GROVE AVE,41.87722955,-87.79507131,203,,false
16182140060000,616 S GUNDERSON AVE,41.8773835,-87.78654291,205,Gunderson ,false
16171110060000,616 S HARVEY AVE,41.87746662,-87.78042003,205,,false
16171150060000,616 S HUMPHREY AVE,41.87760666,-87.7755205,205,,false
16181150060000,616 S KENILWORTH AVE,41.87758296,-87.79698636,204,,false
16171140050000,616 S LYMAN AVE,41.87761825,-87.77676299,205,,false
16182080050000,616 S OAK PARK AVE,41.87727807,-87.7938901,205,,false
16182130070000,616 S SCOVILLE AVE,41.87737532,-87.78773723,206,,false
16171130070000,616 S TAYLOR AVE,41.8775178,-87.77793748,204,,false
16181120060000,616 WENONAH AVE,41.87754686,-87.80075337,206,,false
16181110060000,616 WISCONSIN AVE,41.87752859,-87.8019476,204,,false
16063210130000,616 WOODBINE AVE,41.89676208,-87.79883722,206,Frank Lloyd Wright,false
16063180360000,617 BELLEFORTE AVE,41.89680935,-87.80236969,204,Frank Lloyd Wright,false
16181150150000,617 CARPENTER AVE,41.87761361,-87.79642792,205,,false
16182100240000,617 CLARENCE AVE,41.87735202,-87.79077092,203,,false
16181120180000,617 HOME AVE,41.87756878,-87.80009173,205,,false
16053160250000,617 N HARVEY AVE,41.89710611,-87.78204009,205,,false
16063210370000,617 N KENILWORTH AVE,41.89678155,-87.79812901,205,Frank Lloyd Wright,false
16053170320000,617 N LOMBARD AVE,41.89712953,-87.78041478,203,,false
16053180260000,617 N TAYLOR AVE,41.89713989,-87.77876739,205,,false
16182110260000,617 S EAST AVE,41.87734791,-87.78953515,205,,false
16182080110000,617 S EUCLID AVE,41.87726755,-87.79322829,205,,false
16171100240000,617 S HARVEY AVE,41.87746085,-87.78097485,205,,false
16171140210000,617 S HUMPHREY AVE,41.8775283,-87.77609563,205,,false
16181140140000,617 S KENILWORTH AVE,41.87760444,-87.79763977,206,,false
16171130240000,617 S LYMAN AVE,41.87748572,-87.77731846,205,,false
16181170180000,617 S OAK PARK AVE,41.87725257,-87.79446828,205,,false
16182150190000,617 S RIDGELAND AVE,41.87742623,-87.78467707,206,Gunderson ,false
16182120220000,617 S SCOVILLE AVE,41.87737644,-87.78835859,205,,false
16182090200000,617 S WESLEY AVE,41.87729789,-87.79201275,205,,false
16181110180000,617 WENONAH AVE,41.87758698,-87.80130341,205,,false
16063190110000,618 BELLEFORTE AVE,41.89680323,-87.80173562,206,Frank Lloyd Wright,false
16182110070000,618 CLARENCE AVE,41.87729235,-87.79021551,205,,false
16064170080000,618 FAIR OAKS AVE,41.897061,-87.78780103,206,Frank Lloyd Wright,false
16063200090000,618 FOREST AVE,41.89677648,-87.8004117,206,Frank Lloyd Wright,false
16053160080000,618 N CUYLER AVE,41.89720413,-87.78301277,204,,false
16064160070000,618 N EAST AVE,41.89703802,-87.78941752,206,Frank Lloyd Wright,false
16064180050000,618 N ELMWOOD AVE,41.89707047,-87.78615716,206,Frank Lloyd Wright,false
16053170120000,618 N HARVEY AVE,41.89720338,-87.78141424,205,,false
16053200130000,618 N HUMPHREY AVE,41.89726052,-87.77653796,205,,false
16053180100000,618 N LOMBARD AVE,41.89717465,-87.77975712,205,,false
16053150090000,618 N RIDGELAND AVE,41.89712903,-87.78463541,205,Frank Lloyd Wright,false
16053190100000,618 N TAYLOR AVE,41.89725111,-87.77815472,204,,false
16171090090000,618 S CUYLER AVE,41.87734043,-87.7828833,203,,false
16182120070000,618 S EAST AVE,41.87733742,-87.78898935,206,,false
16182150060000,618 S ELMWOOD AVE,41.87736633,-87.78534728,206,Gunderson ,false
16182090060000,618 S EUCLID AVE,41.87723159,-87.79263084,203,,false
16171110070000,618 S HARVEY AVE,41.8773994,-87.78042061,205,,false
16171100080000,618 S HIGHLAND AVE,41.87735491,-87.78163857,205,,false
16171150070000,618 S HUMPHREY AVE,41.87750366,-87.77552538,202,,false
16171120070000,618 S LOMBARD AVE,41.87741733,-87.77919936,205,,false
16171130080000,618 S TAYLOR AVE,41.8774138,-87.77796752,203,,false
16182100070000,618 S WESLEY AVE,41.87726685,-87.79141886,205,,false
16182100250000,619 CLARENCE AVE,41.87725957,-87.79077171,205,,false
16064160190000,619 FAIR OAKS AVE,41.89703269,-87.78852348,206,Frank Lloyd Wright,false
16063190350000,619 FOREST AVE,41.89677117,-87.80095901,202,Frank Lloyd Wright,false
16053150220000,619 N CUYLER AVE,41.89714837,-87.78366696,206,,false
16064170200000,619 N ELMWOOD AVE,41.89705675,-87.78690763,205,Frank Lloyd Wright,false
16063220190000,619 N GROVE AVE,41.89694334,-87.79661375,206,Frank Lloyd Wright,false
16063230240000,619 N OAK PARK AVE,41.89693979,-87.79514135,206,Frank Lloyd Wright,false
16064180190000,619 N RIDGELAND AVE,41.89711822,-87.78529216,206,Frank Lloyd Wright,false
16074080290000,619 PLEASANT ST,41.88499564,-87.79043061,278,Ridgeland - Oak Park,false
16181130120000,619 S CLINTON AVE,41.87754941,-87.79907035,206,,false
16182110270000,619 S EAST AVE,41.87726802,-87.78953583,204,,false
16182140210000,619 S ELMWOOD AVE,41.877343,-87.78583697,206,Gunderson ,false
16181160160000,619 S GROVE AVE,41.87763442,-87.79563724,203,,false
16171100250000,619 S HARVEY AVE,41.87738927,-87.78094729,205,,false
16171140220000,619 S HUMPHREY AVE,41.8774484,-87.77609632,205,,false
16182120230000,619 S SCOVILLE AVE,41.87728821,-87.78835934,206,,false
16171120260000,619 S TAYLOR AVE,41.87746,-87.7785084,205,,false
16181110190000,619 WENONAH AVE,41.87748849,-87.8013279,205,,false
16063200310000,619 WOODBINE AVE,41.89680519,-87.79953935,206,Frank Lloyd Wright,false
16181130040000,620 HOME AVE,41.87749075,-87.79961712,205,,false
16064140050000,620 N EUCLID AVE,41.89709,-87.79252353,209,Frank Lloyd Wright,false
16064150040000,620 N LINDEN AVE,41.89712469,-87.79102815,206,Frank Lloyd Wright,false
16064130280000,620 N OAK PARK AVE,41.89707787,-87.79435743,203,Frank Lloyd Wright,false
16181140060000,620 S CLINTON AVE,41.87744317,-87.79845258,206,,false
16171090100000,620 S CUYLER AVE,41.87726898,-87.78288392,205,,false
16182120080000,620 S EAST AVE,41.87722398,-87.78899031,205,,false
16182150070000,620 S ELMWOOD AVE,41.87724439,-87.78533723,205,Gunderson ,false
16181170070000,620 S GROVE AVE,41.87710046,-87.7950724,205,,false
16182140070000,620 S GUNDERSON AVE,41.87727842,-87.78652702,205,Gunderson ,false
16171110080000,620 S HARVEY AVE,41.87732373,-87.78042126,205,,false
16171100090000,620 S HIGHLAND AVE,41.87724991,-87.78166195,205,,false
16171150080000,620 S HUMPHREY AVE,41.87740918,-87.77551648,203,,false
16181150070000,620 S KENILWORTH AVE,41.87750203,-87.79702661,205,,false
16171120080000,620 S LOMBARD AVE,41.87733491,-87.77918062,203,,false
16171140060000,620 S LYMAN AVE,41.87749269,-87.77674113,205,,false
16182130090000,620 S SCOVILLE AVE,41.87722835,-87.78776666,206,,false
16182100080000,620 S WESLEY AVE,41.87716594,-87.79141401,206,,false
16181120070000,620 WENONAH AVE,41.87742108,-87.80075896,205,,false
16181110070000,620 WISCONSIN AVE,41.87742319,-87.80194847,203,,false
16063210120000,620 WOODBINE AVE,41.89687031,-87.79885156,206,Frank Lloyd Wright,false
16063180350000,621 BELLEFORTE AVE,41.89695471,-87.80236849,204,Frank Lloyd Wright,false
16181150160000,621 CARPENTER AVE,41.87748076,-87.79641914,204,,false
16181120190000,621 HOME AVE,41.87742894,-87.8000715,205,,false
16053160240000,621 N HARVEY AVE,41.89722712,-87.78203905,205,,false
16053190260000,621 N HUMPHREY AVE,41.89731805,-87.77715791,205,,false
16063210360000,621 N KENILWORTH AVE,41.8968954,-87.79812806,205,Frank Lloyd Wright,false
16053170310000,621 N LOMBARD AVE,41.89721942,-87.78041401,204,,false
16181130130000,621 S CLINTON AVE,41.87745428,-87.7990848,205,,false
16182110280000,621 S EAST AVE,41.87719233,-87.78953077,205,,false
16182140220000,621 S ELMWOOD AVE,41.877218,-87.78581891,206,Gunderson ,false
16182080120000,621 S EUCLID AVE,41.8771496,-87.79323408,205,,false
16181160170000,621 S GROVE AVE,41.87750518,-87.79562843,205,,false
16171100260000,621 S HARVEY AVE,41.87731782,-87.78094791,205,,false
16171140230000,621 S HUMPHREY AVE,41.877354,-87.77610363,203,,false
16181140150000,621 S KENILWORTH AVE,41.87747164,-87.79764088,205,,false
16171130250000,621 S LYMAN AVE,41.87737184,-87.77730324,205,,false
16181170190000,621 S OAK PARK AVE,41.87709386,-87.79445492,206,,false
16182150200000,621 S RIDGELAND AVE,41.87730847,-87.78467807,205,Gunderson ,false
16171120270000,621 S TAYLOR AVE,41.87736792,-87.77849623,205,,false
16182090210000,621 S WESLEY AVE,41.87716136,-87.7920088,205,,false
16181110200000,621 WENONAH AVE,41.8773729,-87.80132886,203,,false
16181100170000,621 WISCONSIN AVE,41.87737161,-87.80259395,278,,false
16063190100000,622 BELLEFORTE AVE,41.89691721,-87.80176136,203,Frank Lloyd Wright,false
16181160070000,622 CARPENTER AVE,41.87747391,-87.79602889,205,,false
16182110080000,622 CLARENCE AVE,41.87717468,-87.79021651,205,,false
16064170070000,622 FAIR OAKS AVE,41.89718912,-87.78784161,206,Frank Lloyd Wright,false
16063200080000,622 FOREST AVE,41.89693392,-87.80043327,205,Frank Lloyd Wright,false
16053160070000,622 N CUYLER AVE,41.89732514,-87.78301174,205,,false
16064180060000,622 N ELMWOOD AVE,41.89721229,-87.78616985,206,Frank Lloyd Wright,false
16063230090000,622 N GROVE AVE,41.89704692,-87.79586732,205,Frank Lloyd Wright,false
16053170110000,622 N HARVEY AVE,41.89729327,-87.78141347,205,,false
16063220060000,622 N KENILWORTH AVE,41.89704701,-87.7973677,206,Frank Lloyd Wright,false
16053180090000,622 N LOMBARD AVE,41.89732339,-87.77976973,203,,false
16063180580000,622 N MARION ST,41.89696699,-87.80310495,205,Frank Lloyd Wright,false
16053150080000,622 N RIDGELAND AVE,41.8972812,-87.78464337,204,Frank Lloyd Wright,false
16053190090000,622 N TAYLOR AVE,41.89734558,-87.77812768,204,,false
16171090110000,622 S CUYLER AVE,41.8772101,-87.78288442,203,,false
16182120090000,622 S EAST AVE,41.87712732,-87.78899113,205,,false
16182090070000,622 S EUCLID AVE,41.87713848,-87.79263642,205,,false
16171110090000,622 S HARVEY AVE,41.87726482,-87.78041608,203,,false
16171140070000,622 S LYMAN AVE,41.87737893,-87.77675184,205,,false
16181100070000,622 S MAPLE AVE,41.87736884,-87.80339152,204,,false
16171130090000,622 S TAYLOR AVE,41.87732658,-87.77795855,204,,false
16181120080000,622 WENONAH AVE,41.87733275,-87.80077404,203,,false
16181110080000,622 WISCONSIN AVE,41.8773145,-87.80197213,203,,false
16063210110000,622 WOODBINE AVE,41.89697848,-87.79885448,205,Frank Lloyd Wright,false
16182100260000,623 CLARENCE AVE,41.87710403,-87.79077302,203,,false
16064160180000,623 FAIR OAKS AVE,41.8971924,-87.78853112,206,Frank Lloyd Wright,false
16063190340000,623 FOREST AVE,41.8969249,-87.80096536,206,Frank Lloyd Wright,false
16053150210000,623 N CUYLER AVE,41.89724855,-87.78364757,205,,false
16064150100000,623 N EAST AVE,41.89714216,-87.79033353,206,Frank Lloyd Wright,false
16064170190000,623 N ELMWOOD AVE,41.89719523,-87.78694349,206,Frank Lloyd Wright,false
16064130150000,623 N EUCLID AVE,41.89708705,-87.79336697,209,Frank Lloyd Wright,false
16063220180000,623 N GROVE AVE,41.89706102,-87.79664055,206,Frank Lloyd Wright,false
16053190250000,623 N HUMPHREY AVE,41.89739632,-87.77715287,205,,false
16063210350000,623 N KENILWORTH AVE,41.89699216,-87.79812344,205,Frank Lloyd Wright,false
16053170300000,623 N LOMBARD AVE,41.89730586,-87.78041326,205,,false
16063230230000,623 N OAK PARK AVE,41.89707815,-87.79515407,206,Frank Lloyd Wright,false
16064180180000,623 N RIDGELAND AVE,41.89722545,-87.78530051,205,Frank Lloyd Wright,false
16182110290000,623 S EAST AVE,41.87712511,-87.78953134,203,,false
16182080130000,623 S EUCLID AVE,41.87704859,-87.79323031,205,,false
16182130340000,623 S GUNDERSON AVE,41.87719979,-87.78706334,206,,false
16171100270000,623 S HARVEY AVE,41.87725915,-87.7809709,205,,false
16171090310000,623 S HIGHLAND AVE,41.87722352,-87.78218393,203,,false
16182150210000,623 S RIDGELAND AVE,41.87720763,-87.78466755,205,Gunderson ,false
16182120250000,623 S SCOVILLE AVE,41.87718295,-87.78832636,205,,false
16063200300000,623 WOODBINE AVE,41.89694459,-87.79952294,203,Frank Lloyd Wright,false
16063190090000,624 BELLEFORTE AVE,41.89703399,-87.80177945,203,Frank Lloyd Wright,false
16182110090000,624 CLARENCE AVE,41.87709474,-87.79020609,205,,false
16064160050000,624 N EAST AVE,41.89731482,-87.78946148,205,Frank Lloyd Wright,false
16063230080000,624 N GROVE AVE,41.89718188,-87.79589398,203,Frank Lloyd Wright,false
16053170100000,624 N HARVEY AVE,41.8973832,-87.78142196,205,,false
16053180080000,624 N LOMBARD AVE,41.89745131,-87.77976863,203,,false
16063180060000,624 N MARION ST,41.89706874,-87.80305065,278,Frank Lloyd Wright,false
16064130270000,624 N OAK PARK AVE,41.89723682,-87.79433756,204,Frank Lloyd Wright,false
16181140070000,624 S CLINTON AVE,41.87731398,-87.79845365,205,,false
16171090120000,624 S CUYLER AVE,41.87713866,-87.78288503,205,,false
16182150080000,624 S ELMWOOD AVE,41.87713514,-87.78533246,205,Gunderson ,false
16182090080000,624 S EUCLID AVE,41.87700282,-87.79264206,205,,false
16181170080000,624 S GROVE AVE,41.87697204,-87.79506298,205,,false
16182140080000,624 S GUNDERSON AVE,41.87716909,-87.78652795,205,Gunderson ,false
16171110100000,624 S HARVEY AVE,41.87720182,-87.78041662,205,,false
16171100100000,624 S HIGHLAND AVE,41.87718269,-87.78166253,205,,false
16171150090000,624 S HUMPHREY AVE,41.87731719,-87.77552052,203,,false
16181150080000,624 S KENILWORTH AVE,41.87738025,-87.79702763,205,,false
16171120090000,624 S LOMBARD AVE,41.87724047,-87.77918143,203,,false
16182130100000,624 S SCOVILLE AVE,41.87709383,-87.78775102,203,,false
16171130100000,624 S TAYLOR AVE,41.87722237,-87.77794,204,,false
16182100090000,624 S WESLEY AVE,41.87703981,-87.79140938,205,,false
16181120090000,624 WENONAH AVE,41.87724778,-87.8007793,203,,false
16181150170000,625 CARPENTER AVE,41.87734786,-87.79642025,205,,false
16182100270000,625 CLARENCE AVE,41.87700726,-87.79075136,205,,false
16064160170000,625 FAIR OAKS AVE,41.89730999,-87.78853938,205,Frank Lloyd Wright,false
16181120200000,625 HOME AVE,41.87728963,-87.80009086,205,,false
16053150200000,625 N CUYLER AVE,41.89736614,-87.78365583,205,,false
16064170180000,625 N ELMWOOD AVE,41.89733352,-87.78694231,206,Frank Lloyd Wright,false
16053160230000,625 N HARVEY AVE,41.89737233,-87.7820378,206,,false
16064140200000,625 N LINDEN AVE,41.89738412,-87.79178556,204,Frank Lloyd Wright,false
16053170290000,625 N LOMBARD AVE,41.89740617,-87.78042166,204,,false
16053180240000,625 N TAYLOR AVE,41.89738792,-87.77878709,278,,false
16181130140000,625 S CLINTON AVE,41.8773012,-87.79906786,206,,false
16182140230000,625 S ELMWOOD AVE,41.87708182,-87.7858647,206,Gunderson ,false
16181160180000,625 S GROVE AVE,41.87737611,-87.79563431,205,,false
16182130260000,625 S GUNDERSON AVE,41.87710734,-87.78706412,205,,false
16171090320000,625 S HIGHLAND AVE,41.87713952,-87.78218465,203,,false
16181140160000,625 S KENILWORTH AVE,41.87736839,-87.79764174,205,,false
16171110280000,625 S LOMBARD AVE,41.87720699,-87.77975827,203,,false
16181090070000,625 S MAPLE AVE,41.87721904,-87.80408585,203,,false
16181170200000,625 S OAK PARK AVE,41.87698382,-87.79443576,206,,false
16182120260000,625 S SCOVILLE AVE,41.87707378,-87.78833868,203,,false
16171120280000,625 S TAYLOR AVE,41.87722994,-87.77850391,205,,false
16182090220000,625 S WESLEY AVE,41.87701449,-87.79199475,205,,false
16181110250000,625 WENONAH AVE,41.8772879,-87.80132957,205,,false
16063200290000,625 WOODBINE AVE,41.89705284,-87.7995411,206,Frank Lloyd Wright,false
16063190080000,626 BELLEFORTE AVE,41.89713644,-87.80177479,203,Frank Lloyd Wright,false
16181160080000,626 CARPENTER AVE,41.87734102,-87.79601022,205,,false
16182110100000,626 CLARENCE AVE,41.87701074,-87.7902068,203,,false
16064170060000,626 FAIR OAKS AVE,41.89733444,-87.78786353,205,Frank Lloyd Wright,false
16063200070000,626 FOREST AVE,41.89707256,-87.80042449,205,Frank Lloyd Wright,false
16181130050000,626 HOME AVE,41.8772697,-87.7996053,205,,false
16064180070000,626 N ELMWOOD AVE,41.89735063,-87.78617793,205,Frank Lloyd Wright,false
16053170090000,626 N HARVEY AVE,41.8974973,-87.78142098,204,,false
16063220050000,626 N KENILWORTH AVE,41.89715102,-87.79742703,205,Frank Lloyd Wright,false
16064150030000,626 N LINDEN AVE,41.89736325,-87.79102613,209,Frank Lloyd Wright,false
16053190080000,626 N TAYLOR AVE,41.89748918,-87.77813954,202,,false
16171090130000,626 S CUYLER AVE,41.87704188,-87.78286338,203,,false
16182120100000,626 S EAST AVE,41.87700543,-87.78899217,205,,false
16182140090000,626 S GUNDERSON AVE,41.87705559,-87.78651783,205,Gunderson ,false
16171110110000,626 S HARVEY AVE,41.87711349,-87.78041738,205,,false
16171150100000,626 S HUMPHREY AVE,41.87723002,-87.77552128,203,,false
16181150090000,626 S KENILWORTH AVE,41.8772843,-87.79702843,205,,false
16171120100000,626 S LOMBARD AVE,41.8771339,-87.77917587,203,,false
16171140080000,626 S LYMAN AVE,41.87726986,-87.77673009,205,,false
16181100080000,626 S MAPLE AVE,41.87723977,-87.8034199,205,,false
16074140100000,626 W WASHINGTON BLVD,41.88185588,-87.79074351,204,Ridgeland - Oak Park,false
16181110090000,626 WISCONSIN AVE,41.87718195,-87.80198234,205,,false
16063210100000,626 WOODBINE AVE,41.89708104,-87.79887268,205,Frank Lloyd Wright,false
16063180340000,627 BELLEFORTE AVE,41.89706112,-87.80236166,206,Frank Lloyd Wright,false
16063190330000,627 FOREST AVE,41.89705583,-87.80096427,206,Frank Lloyd Wright,false
16182180180000,627 JACKSON BLVD,41.87601944,-87.79074514,205,,false
16063220170000,627 N GROVE AVE,41.89719568,-87.79660237,205,Frank Lloyd Wright,false
16063210340000,627 N KENILWORTH AVE,41.89710323,-87.79813776,206,Frank Lloyd Wright,false
16064180170000,627 N RIDGELAND AVE,41.89735343,-87.78531331,206,Frank Lloyd Wright,false
16182110300000,627 S EAST AVE,41.87702423,-87.7895322,203,,false
16182080140000,627 S EUCLID AVE,41.87694737,-87.79322559,205,,false
16171100400000,627 S HARVEY AVE,41.87716249,-87.78097173,203,,false
16171140240000,627 S HUMPHREY AVE,41.87724497,-87.7760916,205,,false
16181140170000,627 S KENILWORTH AVE,41.87726874,-87.79764257,205,,false
16171130260000,627 S LYMAN AVE,41.87726046,-87.7773042,205,,false
16182150220000,627 S RIDGELAND AVE,41.8770983,-87.78466848,205,Gunderson ,false
16171120290000,627 S TAYLOR AVE,41.87715976,-87.77851424,205,,false
16182110110000,628 CLARENCE AVE,41.87692241,-87.79020755,205,,false
16053160050000,628 N CUYLER AVE,41.89744273,-87.78301999,206,,false
16063230070000,628 N GROVE AVE,41.89728217,-87.79589776,203,Frank Lloyd Wright,false
16064130260000,628 N OAK PARK AVE,41.89736475,-87.79433649,206,Frank Lloyd Wright,false
16181140080000,628 S CLINTON AVE,41.87720863,-87.79846364,206,,false
16182150090000,628 S ELMWOOD AVE,41.87703425,-87.78533332,205,Gunderson ,false
16182130110000,628 S SCOVILLE AVE,41.87694661,-87.78772979,203,,false
16171130110000,628 S TAYLOR AVE,41.87713042,-87.77795376,278,,false
16182100110000,628 S WESLEY AVE,41.87690932,-87.79137691,205,,false
16063180330000,629 BELLEFORTE AVE,41.89718081,-87.80234879,205,Frank Lloyd Wright,false
16181150180000,629 CARPENTER AVE,41.87720036,-87.79642629,205,,false
16182100280000,629 CLARENCE AVE,41.87690212,-87.79074655,204,,false
16064160160000,629 FAIR OAKS AVE,41.89743446,-87.78853832,205,Frank Lloyd Wright,false
16181120210000,629 HOME AVE,41.87721825,-87.80009601,205,,false
16063220160000,629 N GROVE AVE,41.89731337,-87.79662917,205,Frank Lloyd Wright,false
16053160210000,629 N HARVEY AVE,41.89755568,-87.78205937,205,,false
16053170280000,629 N LOMBARD AVE,41.89753094,-87.78048542,203,,false
16063140200000,629 N MARION ST,41.89737193,-87.80358592,206,Frank Lloyd Wright,false
16063230210000,629 N OAK PARK AVE,41.89735135,-87.79516567,206,Frank Lloyd Wright,false
16064180160000,629 N RIDGELAND AVE,41.89749864,-87.78531207,205,Frank Lloyd Wright,false
16181130150000,629 S CLINTON AVE,41.87717535,-87.79905526,205,,false
16181160190000,629 S GROVE AVE,41.87721375,-87.79563087,203,,false
16182130270000,629 S GUNDERSON AVE,41.87698132,-87.78708198,205,,false
16171100430000,629 S HARVEY AVE,41.87707835,-87.78096676,203,,false
16171090330000,629 S HIGHLAND AVE,41.87704277,-87.78216869,206,,false
16171140250000,629 S HUMPHREY AVE,41.87714339,-87.77611518,203,,false
16181140180000,629 S KENILWORTH AVE,41.87715805,-87.7976384,205,,false
16171110290000,629 S LOMBARD AVE,41.87704732,-87.77975965,205,,false
16171130270000,629 S LYMAN AVE,41.87715631,-87.77729862,205,,false
16182150230000,629 S RIDGELAND AVE,41.87698898,-87.78466942,205,Gunderson ,false
16182120270000,629 S SCOVILLE AVE,41.87692242,-87.78833427,203,,false
16171120300000,629 S TAYLOR AVE,41.87708937,-87.77847919,205,,false
16182090230000,629 S WESLEY AVE,41.87686327,-87.79199603,205,,false
16181110230000,629 WENONAH AVE,41.87711781,-87.80130821,203,,false
16063200280000,629 WOODBINE AVE,41.89720648,-87.79952839,205,Frank Lloyd Wright,false
16063190070000,630 BELLEFORTE AVE,41.89724173,-87.8017701,203,Frank Lloyd Wright,false
16063200060000,630 FOREST AVE,41.8972156,-87.80040895,202,Frank Lloyd Wright,false
16064160040000,630 N EAST AVE,41.89744962,-87.78945107,206,Frank Lloyd Wright,false
16064180080000,630 N ELMWOOD AVE,41.89748559,-87.78620456,205,Frank Lloyd Wright,false
16064140220000,630 N EUCLID AVE,41.89742208,-87.79255777,206,Frank Lloyd Wright,false
16063230060000,630 N GROVE AVE,41.8973686,-87.79589704,205,Frank Lloyd Wright,false
16053170080000,630 N HARVEY AVE,41.89759408,-87.78141551,203,,false
16063220040000,630 N KENILWORTH AVE,41.89728931,-87.79742587,206,Frank Lloyd Wright,false
16053180070000,630 N LOMBARD AVE,41.89760355,-87.77979047,205,,false
16063180050000,630 N MARION ST,41.89721096,-87.80311482,206,Frank Lloyd Wright,false
16053150060000,630 N RIDGELAND AVE,41.89744376,-87.78465587,205,Frank Lloyd Wright,false
16053190070000,630 N TAYLOR AVE,41.89761651,-87.77816028,203,,false
16171090140000,630 S CUYLER AVE,41.8769325,-87.78285323,205,,false
16182120110000,630 S EAST AVE,41.87687088,-87.78899331,202,,false
16182090090000,630 S EUCLID AVE,41.87686629,-87.79263842,206,,false
16181170090000,630 S GROVE AVE,41.87683183,-87.79506416,204,,false
16182140100000,630 S GUNDERSON AVE,41.87693376,-87.78652996,205,Gunderson ,false
16171110130000,630 S HARVEY AVE,41.87701255,-87.78040716,205,,false
16171100120000,630 S HIGHLAND AVE,41.87698926,-87.78166419,205,,false
16171150110000,630 S HUMPHREY AVE,41.87712104,-87.77551898,205,,false
16181150210000,630 S KENILWORTH AVE,41.87716239,-87.79697999,206,,false
16171120110000,630 S LOMBARD AVE,41.8770322,-87.77917675,203,,false
16171140090000,630 S LYMAN AVE,41.87715598,-87.77671487,205,,false
16181100090000,630 S MAPLE AVE,41.87711062,-87.80343008,206,,false
16171130120000,630 S TAYLOR AVE,41.87703842,-87.7779578,205,,false
16181110100000,630 WISCONSIN AVE,41.87710367,-87.80196478,205,,false
16063210090000,630 WOODBINE AVE,41.89719489,-87.79887173,205,Frank Lloyd Wright,false
16063180320000,631 BELLEFORTE AVE,41.89729168,-87.80234787,205,Frank Lloyd Wright,false
16182100290000,631 CLARENCE AVE,41.87682224,-87.79074723,204,,false
16063190320000,631 FOREST AVE,41.89718681,-87.80097462,203,Frank Lloyd Wright,false
16181120220000,631 HOME AVE,41.87707888,-87.80010172,205,,false
16053150190000,631 N CUYLER AVE,41.89746986,-87.78365494,205,,false
16064170170000,631 N ELMWOOD AVE,41.89747875,-87.78694571,205,Frank Lloyd Wright,false
16053190230000,631 N HUMPHREY AVE,41.89764442,-87.77718567,204,,false
16063210330000,631 N KENILWORTH AVE,41.89721136,-87.79812923,205,Frank Lloyd Wright,false
16053180220000,631 N TAYLOR AVE,41.89760719,-87.77878968,203,,false
16182110310000,631 S EAST AVE,41.87691912,-87.78953309,203,,false
16182130280000,631 S GUNDERSON AVE,41.87689721,-87.7870827,205,,false
16171100320000,631 S HARVEY AVE,41.87696892,-87.78094522,205,,false
16171090340000,631 S HIGHLAND AVE,41.87693772,-87.78218099,205,,false
16171120310000,631 S TAYLOR AVE,41.87701914,-87.77847655,205,,false
16182110120000,632 CLARENCE AVE,41.87684675,-87.79020819,205,,false
16064170050000,632 FAIR OAKS AVE,41.89744845,-87.78784404,208,Frank Lloyd Wright,false
16181130060000,632 HOME AVE,41.87705887,-87.79959795,205,,false
16053160040000,632 N CUYLER AVE,41.89763289,-87.78301836,203,,false
16053170070000,632 N HARVEY AVE,41.89768062,-87.78143792,203,,false
16053200080000,632 N HUMPHREY AVE,41.89775959,-87.77652489,205,,false
16053180060000,632 N LOMBARD AVE,41.89769692,-87.77979429,205,,false
16053150050000,632 N RIDGELAND AVE,41.89756473,-87.78464558,205,Frank Lloyd Wright,false
16171090150000,632 S CUYLER AVE,41.8768695,-87.78285377,203,,false
16182150100000,632 S ELMWOOD AVE,41.87691231,-87.78532298,205,Gunderson ,false
16182090100000,632 S EUCLID AVE,41.8767371,-87.7926395,204,,false
16181170100000,632 S GROVE AVE,41.87668803,-87.79509025,205,,false
16182140110000,632 S GUNDERSON AVE,41.87682865,-87.78653085,205,Gunderson ,false
16171110140000,632 S HARVEY AVE,41.87691589,-87.78040799,205,,false
16171150120000,632 S HUMPHREY AVE,41.87698296,-87.77550721,206,,false
16171140100000,632 S LYMAN AVE,41.87706161,-87.77672866,205,,false
16181100100000,632 S MAPLE AVE,41.87695089,-87.80344505,205,,false
16182130120000,632 S SCOVILLE AVE,41.87683307,-87.78773075,205,,false
16171130130000,632 S TAYLOR AVE,41.87694625,-87.77792618,203,,false
16182100120000,632 S WESLEY AVE,41.87682941,-87.79137189,205,,false
16181110110000,632 WISCONSIN AVE,41.87697788,-87.80196582,203,,false
16063210080000,632 WOODBINE AVE,41.89730587,-87.79886699,205,Frank Lloyd Wright,false
16063180310000,633 BELLEFORTE AVE,41.89740258,-87.8023529,205,Frank Lloyd Wright,false
16181150190000,633 CARPENTER AVE,41.87705708,-87.7964074,204,,false
16182100300000,633 CLARENCE AVE,41.87673824,-87.79074794,204,,false
16053150180000,633 N CUYLER AVE,41.89757365,-87.78366794,205,,false
16064150090000,633 N EAST AVE,41.89739765,-87.79025727,209,Frank Lloyd Wright,false
16063220150000,633 N GROVE AVE,41.89745166,-87.79662802,205,Frank Lloyd Wright,false
16053160200000,633 N HARVEY AVE,41.89765251,-87.78206317,205,,false
16063140190000,633 N MARION ST,41.89747396,-87.80359101,205,Frank Lloyd Wright,false
16053180210000,633 N TAYLOR AVE,41.89771782,-87.77878873,204,,false
16182110320000,633 S EAST AVE,41.87683087,-87.78952844,203,,false
16182140240000,633 S ELMWOOD AVE,41.87692216,-87.78586606,206,Gunderson ,false
16181160220000,633 S GROVE AVE,41.87707808,-87.79565629,203,,false
16182130320000,633 S GUNDERSON AVE,41.87678794,-87.78707254,205,,false
16171090350000,633 S HIGHLAND AVE,41.87684098,-87.78216473,205,,false
16171110300000,633 S LOMBARD AVE,41.87693388,-87.77976063,205,,false
16171130280000,633 S LYMAN AVE,41.87704738,-87.77730605,205,,false
16181170210000,633 S OAK PARK AVE,41.87684368,-87.79445163,206,,false
16182150240000,633 S RIDGELAND AVE,41.87687975,-87.78467035,205,Gunderson ,false
16182090240000,633 S WESLEY AVE,41.87673039,-87.79200225,205,,false
16181100200000,633 WISCONSIN AVE,41.87698041,-87.80255167,205,,false
16063190060000,634 BELLEFORTE AVE,41.89736135,-87.80178436,203,Frank Lloyd Wright,false
16181160210000,634 CARPENTER AVE,41.87709573,-87.79601767,203,,false
16182110130000,634 CLARENCE AVE,41.87676687,-87.79020887,203,,false
16063200050000,634 FOREST AVE,41.89734092,-87.80042697,206,Frank Lloyd Wright,false
16064180040000,634 N ELMWOOD AVE,41.89761006,-87.7862035,205,Frank Lloyd Wright,false
16063230050000,634 N GROVE AVE,41.89748959,-87.7958914,203,Frank Lloyd Wright,false
16053170060000,634 N HARVEY AVE,41.89777393,-87.78142786,203,,false
16053200070000,634 N HUMPHREY AVE,41.89784447,-87.77653726,205,,false
16053180050000,634 N LOMBARD AVE,41.89779372,-87.77979345,205,,false
16063180040000,634 N MARION ST,41.89735728,-87.80310766,205,Frank Lloyd Wright,false
16064130030000,634 N OAK PARK AVE,41.89755164,-87.7943766,206,Frank Lloyd Wright,false
16053150040000,634 N RIDGELAND AVE,41.89767549,-87.78467241,206,Frank Lloyd Wright,false
16053190060000,634 N TAYLOR AVE,41.89777557,-87.77818166,278,,false
16181140090000,634 S CLINTON AVE,41.87704533,-87.79844224,208,,false
16171090160000,634 S CUYLER AVE,41.87679806,-87.78285438,205,,false
16182120120000,634 S EAST AVE,41.87679084,-87.78896012,204,,false
16182150110000,634 S ELMWOOD AVE,41.87677352,-87.78531847,205,Gunderson ,false
16171110150000,634 S HARVEY AVE,41.87686128,-87.78039707,205,,false
16171120120000,634 S LOMBARD AVE,41.87692079,-87.77917122,203,,false
16171140110000,634 S LYMAN AVE,41.8769623,-87.77672304,203,,false
16182130130000,634 S SCOVILLE AVE,41.87672793,-87.78772595,203,,false
16182100130000,634 S WESLEY AVE,41.87672019,-87.79137281,203,,false
16064160150000,635 FAIR OAKS AVE,41.89756246,-87.78855576,206,Frank Lloyd Wright,false
16063190310000,635 FOREST AVE,41.89732055,-87.80096588,205,Frank Lloyd Wright,false
16181120240000,635 HOME AVE,41.87696681,-87.80012997,205,,false
16053150170000,635 N CUYLER AVE,41.89769124,-87.78367619,205,,false
16064170160000,635 N ELMWOOD AVE,41.8976067,-87.78694925,205,Frank Lloyd Wright,false
16064130350000,635 N EUCLID AVE,41.89739136,-87.79337829,204,Frank Lloyd Wright,false
16053160190000,635 N HARVEY AVE,41.8977424,-87.7820624,205,,false
16063210320000,635 N KENILWORTH AVE,41.89730523,-87.79811702,205,Frank Lloyd Wright,false
16053170260000,635 N LOMBARD AVE,41.89777271,-87.78043238,203,,false
16063230200000,635 N OAK PARK AVE,41.89746881,-87.79514616,205,Frank Lloyd Wright,false
16064180150000,635 N RIDGELAND AVE,41.89764035,-87.7853016,205,Frank Lloyd Wright,false
16053180200000,635 N TAYLOR AVE,41.89780772,-87.77878795,205,,false
16181130160000,635 S CLINTON AVE,41.87702578,-87.79906105,206,,false
16182110330000,635 S EAST AVE,41.87675521,-87.78952908,203,,false
16182140250000,635 S ELMWOOD AVE,41.87677499,-87.78585592,206,Gunderson ,false
16171100350000,635 S HARVEY AVE,41.87685548,-87.78094619,203,,false
16171140260000,635 S HUMPHREY AVE,41.87697614,-87.77608097,203,,false
16181140190000,635 S KENILWORTH AVE,41.87705561,-87.79765874,205,,false
16181170220000,635 S OAK PARK AVE,41.87669234,-87.79442832,205,,false
16182120280000,635 S SCOVILLE AVE,41.87679204,-87.78832429,205,,false
16171120320000,635 S TAYLOR AVE,41.8769295,-87.7784676,203,,false
16181110240000,635 WENONAH AVE,41.87699533,-87.80129102,203,,false
16063200270000,635 WOODBINE AVE,41.89734314,-87.79953487,205,Frank Lloyd Wright,false
16063190050000,636 BELLEFORTE AVE,41.89745386,-87.80180995,205,Frank Lloyd Wright,false
16182110140000,636 CLARENCE AVE,41.87667429,-87.79018147,203,,false
16064170040000,636 FAIR OAKS AVE,41.8975867,-87.7878336,206,Frank Lloyd Wright,false
16053160030000,636 N CUYLER AVE,41.89773672,-87.78304062,203,,false
16064160030000,636 N EAST AVE,41.89770159,-87.78945819,206,Frank Lloyd Wright,false
16063230040000,636 N GROVE AVE,41.89758642,-87.79589521,205,Frank Lloyd Wright,false
16053170050000,636 N HARVEY AVE,41.89785691,-87.78142714,204,,false
16064150190000,636 N LINDEN AVE,41.89769853,-87.79100476,206,Frank Lloyd Wright,false
16053150030000,636 N RIDGELAND AVE,41.89777232,-87.78467621,205,Frank Lloyd Wright,false
16171090170000,636 S CUYLER AVE,41.87672662,-87.782855,205,,false
16182120130000,636 S EAST AVE,41.87667317,-87.78896111,205,,false
16182090110000,636 S EUCLID AVE,41.87661169,-87.79263547,203,,false
16181170110000,636 S GROVE AVE,41.87654035,-87.79505701,206,,false
16182140120000,636 S GUNDERSON AVE,41.87671933,-87.78653178,205,Gunderson ,false
16171110160000,636 S HARVEY AVE,41.87678983,-87.78039769,205,,false
16171150130000,636 S HUMPHREY AVE,41.87687873,-87.77548542,203,,false
16171120130000,636 S LOMBARD AVE,41.87682873,-87.77916229,203,,false
16182100360000,636 S WESLEY AVE,41.87658564,-87.79137395,204,,false
16063210070000,636 WOODBINE AVE,41.89740834,-87.79886614,205,Frank Lloyd Wright,false
16063180290000,637 BELLEFORTE AVE,41.89751345,-87.80235198,205,Frank Lloyd Wright,false
16182100310000,637 CLARENCE AVE,41.87667101,-87.79074851,203,,false
16064130340000,637 N EUCLID AVE,41.89759872,-87.79335803,209,Frank Lloyd Wright,false
16063220140000,637 N GROVE AVE,41.89757265,-87.79662237,203,Frank Lloyd Wright,false
16063210310000,637 N KENILWORTH AVE,41.89742203,-87.79813891,206,Frank Lloyd Wright,false
16063140180000,637 N MARION ST,41.89760257,-87.80358995,206,Frank Lloyd Wright,false
16182110340000,637 S EAST AVE,41.87665844,-87.78950712,205,,false
16171090360000,637 S HIGHLAND AVE,41.87674009,-87.7821656,204,,false
16171140270000,637 S HUMPHREY AVE,41.87685016,-87.7760691,203,,false
16171130290000,637 S LYMAN AVE,41.87693354,-87.77730055,205,,false
16181170230000,637 S OAK PARK AVE,41.87657056,-87.79442934,205,,false
16182150250000,637 S RIDGELAND AVE,41.87676615,-87.78466023,205,Gunderson ,false
16182120290000,637 S SCOVILLE AVE,41.87665338,-87.78832547,205,,false
16171120330000,637 S TAYLOR AVE,41.87681331,-87.77847509,204,,false
16182090250000,637 S WESLEY AVE,41.87659386,-87.7919983,205,,false
16063200260000,637 WOODBINE AVE,41.89746848,-87.79955671,203,Frank Lloyd Wright,false
16063190040000,638 BELLEFORTE AVE,41.89750032,-87.80181276,205,Frank Lloyd Wright,false
16182110150000,638 CLARENCE AVE,41.87659863,-87.79018211,205,,false
16064170030000,638 FAIR OAKS AVE,41.89772845,-87.78783239,206,Frank Lloyd Wright,false
16063200040000,638 FOREST AVE,41.89746257,-87.8004365,203,Frank Lloyd Wright,false
16053160020000,638 N CUYLER AVE,41.89783339,-87.783012,205,,false
16064180030000,638 N ELMWOOD AVE,41.89776575,-87.78622532,205,Frank Lloyd Wright,false
16064140180000,638 N EUCLID AVE,41.8975842,-87.79247769,234,Frank Lloyd Wright,false
16053200060000,638 N HUMPHREY AVE,41.89793912,-87.77654517,205,,false
16063220030000,638 N KENILWORTH AVE,41.89755224,-87.79746073,209,Frank Lloyd Wright,false
16053180040000,638 N LOMBARD AVE,41.89788013,-87.77978808,205,,false
16063180030000,638 N MARION ST,41.89749036,-87.8031125,206,Frank Lloyd Wright,false
16053190050000,638 N TAYLOR AVE,41.89788403,-87.77816235,203,,false
16171090180000,638 S CUYLER AVE,41.87665507,-87.78285561,202,,false
16182150120000,638 S ELMWOOD AVE,41.87665163,-87.78531951,206,Gunderson ,false
16182090120000,638 S EUCLID AVE,41.87651945,-87.79263624,205,,false
16182140130000,638 S GUNDERSON AVE,41.87661839,-87.78652155,205,Gunderson ,false
16171120140000,638 S LOMBARD AVE,41.87673674,-87.77916633,205,,false
16171140120000,638 S LYMAN AVE,41.87686782,-87.77671413,205,,false
16182130140000,638 S SCOVILLE AVE,41.87661035,-87.78774374,203,,false
16171130160000,638 S TAYLOR AVE,41.87668481,-87.77794141,205,,false
16182100320000,639 CLARENCE AVE,41.87657847,-87.79074929,204,,false
16064160140000,639 FAIR OAKS AVE,41.897725,-87.78856363,206,Frank Lloyd Wright,false
16063190300000,639 FOREST AVE,41.8974629,-87.80097233,205,Frank Lloyd Wright,false
16053150160000,639 N CUYLER AVE,41.89782267,-87.78368433,206,,false
16064150080000,639 N EAST AVE,41.89768818,-87.79027797,206,Frank Lloyd Wright,false
16064170150000,639 N ELMWOOD AVE,41.89775884,-87.78695258,205,Frank Lloyd Wright,false
16053160180000,639 N HARVEY AVE,41.89783921,-87.78206157,205,,false
16064140190000,639 N LINDEN AVE,41.8976466,-87.79172314,206,Frank Lloyd Wright,false
16053170250000,639 N LOMBARD AVE,41.89789439,-87.7804028,205,,false
16063230190000,639 N OAK PARK AVE,41.89761419,-87.79518199,206,Frank Lloyd Wright,false
16064180140000,639 N RIDGELAND AVE,41.89776552,-87.78539944,206,Frank Lloyd Wright,false
16053180190000,639 N TAYLOR AVE,41.89790452,-87.77878711,205,,false
16182140260000,639 S ELMWOOD AVE,41.87662786,-87.78585149,204,Gunderson ,false
16171100360000,639 S HARVEY AVE,41.87673779,-87.78094181,205,,false
16171090370000,639 S HIGHLAND AVE,41.87664886,-87.78241969,203,,false
16171110310000,639 S LOMBARD AVE,41.87671528,-87.77977361,205,,false
16171130300000,639 S LYMAN AVE,41.87683414,-87.77727548,205,,false
16182150260000,639 S RIDGELAND AVE,41.87666115,-87.78466113,205,Gunderson ,false
16074190110000,639 W WASHINGTON BLVD,41.88138696,-87.79131191,204,Ridgeland - Oak Park,false
16063190030000,640 BELLEFORTE AVE,41.89758341,-87.80179396,205,Frank Lloyd Wright,false
16182110160000,640 CLARENCE AVE,41.87650194,-87.79017724,205,,false
16063230030000,640 N GROVE AVE,41.89769009,-87.79588509,203,Frank Lloyd Wright,false
16053170030000,640 N HARVEY AVE,41.89795371,-87.78142631,205,,false
16053180030000,640 N LOMBARD AVE,41.8979735,-87.7797919,205,,false
16064130020000,640 N OAK PARK AVE,41.89772799,-87.79437975,206,Frank Lloyd Wright,false
16053190030000,640 N TAYLOR AVE,41.8980016,-87.77818754,203,,false
16171090190000,640 S CUYLER AVE,41.87659624,-87.78284472,203,,false
16182120140000,640 S EAST AVE,41.87656385,-87.78896204,205,,false
16182090130000,640 S EUCLID AVE,41.87645305,-87.7926368,205,,false
16181170120000,640 S GROVE AVE,41.87641124,-87.795053,203,,false
16171100420000,640 S HIGHLAND AVE,41.87664864,-87.78162755,203,,false
16171150140000,640 S HUMPHREY AVE,41.87674318,-87.77549633,205,,false
16171120150000,640 S LOMBARD AVE,41.87666652,-87.77916694,205,,false
16171140130000,640 S LYMAN AVE,41.87676612,-87.77671501,205,,false
16182130150000,640 S SCOVILLE AVE,41.87651368,-87.78774456,203,,false
16182100160000,640 S WESLEY AVE,41.87648059,-87.79138623,205,,false
16074130330000,640 W WASHINGTON BLVD,41.88178263,-87.79135939,210,Ridgeland - Oak Park,false
16063210060000,640 WOODBINE AVE,41.89752783,-87.79885371,206,Frank Lloyd Wright,false
16063180280000,641 BELLEFORTE AVE,41.89763763,-87.80235095,206,Frank Lloyd Wright,false
16182100330000,641 CLARENCE AVE,41.87649869,-87.79074996,205,,false
16053150150000,641 N CUYLER AVE,41.89791602,-87.78368353,204,,false
16063220130000,641 N GROVE AVE,41.89768998,-87.79657508,206,Frank Lloyd Wright,false
16053160170000,641 N HARVEY AVE,41.89792564,-87.78206082,205,,false
16053190200000,641 N HUMPHREY AVE,41.89800982,-87.77719124,203,,false
16063210300000,641 N KENILWORTH AVE,41.89757301,-87.79816434,206,Frank Lloyd Wright,false
16063140170000,641 N MARION ST,41.89771353,-87.80360685,205,Frank Lloyd Wright,false
16053180180000,641 N TAYLOR AVE,41.89799787,-87.7787863,205,,false
16182110350000,641 S EAST AVE,41.87652389,-87.78950826,205,,false
16182140270000,641 S ELMWOOD AVE,41.87648489,-87.78583592,204,Gunderson ,false
16171100370000,641 S HARVEY AVE,41.87664946,-87.78094257,205,,false
16171140280000,641 S HUMPHREY AVE,41.87672914,-87.77607987,203,,false
16171110320000,641 S LOMBARD AVE,41.87664362,-87.77972926,205,,false
16171130310000,641 S LYMAN AVE,41.87672276,-87.77727644,205,,false
16182120300000,641 S SCOVILLE AVE,41.87650186,-87.78828718,278,,false
16171120350000,641 S TAYLOR AVE,41.87668249,-87.77846325,205,,false
16182090260000,641 S WESLEY AVE,41.87646841,-87.79198467,206,,false
16063200250000,641 WOODBINE AVE,41.89758231,-87.79955195,205,Frank Lloyd Wright,false
16063190020000,642 BELLEFORTE AVE,41.89768586,-87.8017893,206,Frank Lloyd Wright,false
16182110170000,642 CLARENCE AVE,41.87641371,-87.79017798,203,,false
16064170020000,642 FAIR OAKS AVE,41.89786677,-87.78783584,206,Frank Lloyd Wright,false
16063200030000,642 FOREST AVE,41.89759071,-87.80044687,202,Frank Lloyd Wright,false
16064160020000,642 N EAST AVE,41.89787434,-87.78943358,209,Frank Lloyd Wright,false
16064180020000,642 N ELMWOOD AVE,41.89790402,-87.78621951,206,Frank Lloyd Wright,false
16064140170000,642 N EUCLID AVE,41.89776401,-87.7924808,203,Frank Lloyd Wright,false
16053170020000,642 N HARVEY AVE,41.89804706,-87.78142551,205,,false
16053200030000,642 N HUMPHREY AVE,41.89803067,-87.77658807,202,,false
16063220020000,642 N KENILWORTH AVE,41.89767695,-87.79751062,206,Frank Lloyd Wright,false
16053180020000,642 N LOMBARD AVE,41.89807036,-87.77980032,205,,false
16063180020000,642 N MARION ST,41.89760996,-87.80308181,278,Frank Lloyd Wright,false
16053150020000,642 N RIDGELAND AVE,41.89791758,-87.78468423,204,Frank Lloyd Wright,false
16053190020000,642 N TAYLOR AVE,41.89808968,-87.77818678,203,,false
16171090200000,642 S CUYLER AVE,41.87652479,-87.78284534,203,,false
16182120150000,642 S EAST AVE,41.87646298,-87.78894611,205,,false
16182150130000,642 S ELMWOOD AVE,41.87647925,-87.78530989,206,Gunderson ,false
16182090140000,642 S EUCLID AVE,41.87635336,-87.79262775,203,,false
16182140140000,642 S GUNDERSON AVE,41.87650914,-87.78651679,205,Gunderson ,false
16171110170000,642 S HARVEY AVE,41.87669296,-87.78037604,203,,false
16171100170000,642 S HIGHLAND AVE,41.87655619,-87.78162835,205,,false
16171140140000,642 S LYMAN AVE,41.87666932,-87.77672558,205,,false
16063210030000,642 WOODBINE AVE,41.89764182,-87.79888326,203,Frank Lloyd Wright,false
16182100340000,643 CLARENCE AVE,41.87641455,-87.79074498,205,,false
16064160130000,643 FAIR OAKS AVE,41.89787028,-87.7885763,205,Frank Lloyd Wright,false
16063190290000,643 FOREST AVE,41.89756835,-87.80100195,205,Frank Lloyd Wright,false
16182020020000,643 MADISON ST,41.87940682,-87.79146338,202,,false
16064150070000,643 N EAST AVE,41.8979579,-87.79028494,206,Frank Lloyd Wright,false
16064170140000,643 N ELMWOOD AVE,41.89787987,-87.78695618,205,Frank Lloyd Wright,false
16063220120000,643 N GROVE AVE,41.89779353,-87.79653717,203,Frank Lloyd Wright,false
16053160160000,643 N HARVEY AVE,41.89801555,-87.78206468,203,,false
16053190190000,643 N HUMPHREY AVE,41.89811093,-87.77718599,204,,false
16053170410000,643 N LOMBARD AVE,41.89800521,-87.78043889,203,,false
16063230170000,643 N OAK PARK AVE,41.89777997,-87.79514355,205,Frank Lloyd Wright,false
16064180130000,643 N RIDGELAND AVE,41.89791755,-87.78537962,205,Frank Lloyd Wright,false
16182110360000,643 S EAST AVE,41.876465,-87.78950876,205,,false
16171100380000,643 S HARVEY AVE,41.87656121,-87.78093763,205,,false
16171090390000,643 S HIGHLAND AVE,41.87655924,-87.78215036,203,,false
16171110330000,643 S LOMBARD AVE,41.87656381,-87.77972425,205,,false
16171130320000,643 S LYMAN AVE,41.87662589,-87.77727404,205,,false
16182150270000,643 S RIDGELAND AVE,41.87654338,-87.78466214,205,Gunderson ,false
16063200240000,643 WOODBINE AVE,41.89769332,-87.79955102,205,Frank Lloyd Wright,false
16063190010000,644 BELLEFORTE AVE,41.89777978,-87.80178852,205,Frank Lloyd Wright,false
16063200020000,644 FOREST AVE,41.89769317,-87.80044602,205,Frank Lloyd Wright,false
16064180010000,644 N ELMWOOD AVE,41.89803886,-87.78621836,205,Frank Lloyd Wright,false
16063230020000,644 N GROVE AVE,41.89778353,-87.79590282,205,Frank Lloyd Wright,false
16053200020000,644 N HUMPHREY AVE,41.89811877,-87.77659168,202,,false
16064150180000,644 N LINDEN AVE,41.89791641,-87.79101682,206,Frank Lloyd Wright,false
16064130010000,644 N OAK PARK AVE,41.89790431,-87.79437827,206,Frank Lloyd Wright,false
16053190010000,644 N TAYLOR AVE,41.89818099,-87.77818162,205,,false
16171090210000,644 S CUYLER AVE,41.87644515,-87.78289668,203,,false
16181170130000,644 S GROVE AVE,41.87626732,-87.79505421,205,,false
16171110180000,644 S HARVEY AVE,41.87660051,-87.78037684,203,,false
16171150150000,644 S HUMPHREY AVE,41.87665117,-87.77549713,203,,false
16182100180000,644 S WESLEY AVE,41.87633751,-87.79134787,203,,false
16074130350000,644 W WASHINGTON BLVD,41.88178346,-87.79147654,210,Ridgeland - Oak Park,false
16063210490000,644 WOODBINE AVE,41.89776182,-87.7989673,206,Frank Lloyd Wright,false
16064160120000,645 FAIR OAKS AVE,41.89799129,-87.78857527,205,Frank Lloyd Wright,false
16053150140000,645 N CUYLER AVE,41.8980198,-87.78369653,205,,false
16063220110000,645 N GROVE AVE,41.89789718,-87.79652241,205,Frank Lloyd Wright,false
16063210290000,645 N KENILWORTH AVE,41.89771244,-87.79815555,205,Frank Lloyd Wright,false
16053180170000,645 N TAYLOR AVE,41.89809472,-87.77879472,205,,false
16182110370000,645 S EAST AVE,41.87637906,-87.78951279,206,,false
16171100390000,645 S HARVEY AVE,41.87648133,-87.78093832,205,,false
16171090400000,645 S HIGHLAND AVE,41.87645825,-87.78212875,205,,false
16171140290000,645 S HUMPHREY AVE,41.87663469,-87.77607745,203,,false
16171110340000,645 S LOMBARD AVE,41.87647968,-87.77971928,205,,false
16171130330000,645 S LYMAN AVE,41.87654112,-87.77727153,205,,false
16182110180000,646 CLARENCE AVE,41.87632127,-87.79017876,205,,false
16064170010000,646 FAIR OAKS AVE,41.89798784,-87.78784871,203,Frank Lloyd Wright,false
16064140010000,646 N EUCLID AVE,41.89791668,-87.79259529,206,Frank Lloyd Wright,false
16063230010000,646 N GROVE AVE,41.89789767,-87.79591113,203,Frank Lloyd Wright,false
16053170010000,646 N HARVEY AVE,41.89811621,-87.78142491,205,,false
16063220010000,646 N KENILWORTH AVE,41.8978531,-87.7974721,204,Frank Lloyd Wright,false
16053180010000,646 N LOMBARD AVE,41.89814642,-87.77979967,205,,false
16063180010000,646 N MARION ST,41.89772976,-87.8030927,204,Frank Lloyd Wright,false
16053150010000,646 N RIDGELAND AVE,41.89808014,-87.78469674,204,Frank Lloyd Wright,false
16171150160000,646 S HUMPHREY AVE,41.87656152,-87.77548494,205,,false
16171140150000,646 S LYMAN AVE,41.87655523,-87.77666821,204,,false
16182100350000,647 CLARENCE AVE,41.87630523,-87.79074591,204,,false
16053150130000,647 N CUYLER AVE,41.89809587,-87.78369588,205,,false
16064170130000,647 N ELMWOOD AVE,41.89799051,-87.78695524,206,Frank Lloyd Wright,false
16064130110000,647 N EUCLID AVE,41.89788233,-87.79337879,206,Frank Lloyd Wright,false
16053160150000,647 N HARVEY AVE,41.89811236,-87.78206385,203,,false
16053190180000,647 N HUMPHREY AVE,41.89820227,-87.7771852,203,,false
16063210280000,647 N KENILWORTH AVE,41.89781519,-87.79821569,203,Frank Lloyd Wright,false
16064140090000,647 N LINDEN AVE,41.89790938,-87.79172555,206,Frank Lloyd Wright,false
16063230160000,647 N OAK PARK AVE,41.89792175,-87.79514699,205,Frank Lloyd Wright,false
16053180160000,647 N TAYLOR AVE,41.89818461,-87.77879394,205,,false
16171140300000,647 S HUMPHREY AVE,41.87654262,-87.77606528,203,,false
16182150280000,647 S RIDGELAND AVE,41.87643841,-87.78466873,205,Gunderson ,false
16182120310000,647 S SCOVILLE AVE,41.8763966,-87.7882545,205,,false
16171120370000,647 S TAYLOR AVE,41.87653494,-87.77849695,205,,false
16063200230000,647 WOODBINE AVE,41.89780717,-87.79955007,203,Frank Lloyd Wright,false
16063200620000,648 FOREST AVE,41.89779573,-87.80046423,205,Frank Lloyd Wright,false
16074130370000,648 W WASHINGTON BLVD,41.88178006,-87.79161178,210,Ridgeland - Oak Park,false
16063190540000,649 FOREST AVE,41.89780175,-87.80100001,203,Frank Lloyd Wright,false
16171110190000,650 S HARVEY AVE,41.87649126,-87.78037208,278,,false
16072070170000,652 ERIE ST,41.89184154,-87.79189579,206,Frank Lloyd Wright,false
16072070010000,655 SUPERIOR ST,41.89278851,-87.79246591,208,Frank Lloyd Wright,false
16074190270000,661 W WASHINGTON BLVD,41.88133271,-87.79234005,205,Ridgeland - Oak Park,false
16173230220000,7 HARVARD ST,41.86896063,-87.77465284,205,,false
16051130060000,7 LE MOYNE PKWY,41.90720465,-87.77600095,203,,false
16181240010000,700 CARPENTER AVE,41.876752,-87.79597809,205,,false
16064090090000,700 COLUMBIAN AVE,41.89839594,-87.79076733,209,Frank Lloyd Wright,false
16064110100000,700 FAIR OAKS AVE,41.89833055,-87.78787233,204,Frank Lloyd Wright,false
16181210010000,700 HOME AVE,41.87664691,-87.79957183,205,,false
16063130170000,700 N GROVE AVE,41.89825071,-87.79599122,205,Frank Lloyd Wright,false
16063120160000,700 N KENILWORTH AVE,41.89818886,-87.79745449,205,Frank Lloyd Wright,false
16064080160000,700 N LINDEN AVE,41.89837076,-87.79195305,206,Frank Lloyd Wright,false
16053080150000,700 N RIDGELAND AVE,41.89839139,-87.78468929,203,Frank Lloyd Wright,false
16053130140000,700 N TAYLOR AVE,41.89850054,-87.77740982,203,,false
16181220010000,700 S CLINTON AVE,41.87671573,-87.79843325,205,,false
16182230010000,700 S ELMWOOD AVE,41.8761167,-87.78528418,206,Gunderson ,false
16182170010000,700 S EUCLID AVE,41.87599041,-87.79260091,204,,false
16181250010000,700 S GROVE AVE,41.87592049,-87.7950536,203,,false
16182220010000,700 S GUNDERSON AVE,41.87609012,-87.78650659,205,Gunderson ,false
16171190010000,700 S HARVEY AVE,41.87619758,-87.78037143,204,,false
16171180010000,700 S HIGHLAND AVE,41.87618826,-87.78165649,204,,false
16171230010000,700 S HUMPHREY AVE,41.87627557,-87.77543237,206,,false
16181230010000,700 S KENILWORTH AVE,41.87672209,-87.79701593,206,,false
16171200010000,700 S LOMBARD AVE,41.87619412,-87.77910645,206,,false
16171220010000,700 S LYMAN AVE,41.87625735,-87.77665162,203,,false
16182160010000,700 S OAK PARK AVE,41.87599585,-87.79386101,205,,false
16171210010000,700 S TAYLOR AVE,41.87624652,-87.7779324,205,,false
16182180010000,700 S WESLEY AVE,41.87602236,-87.79136413,205,,false
16181200010000,700 WENONAH AVE,41.87666957,-87.80077787,203,,false
16181190240000,700 WISCONSIN AVE,41.87666663,-87.80191614,203,,false
16063110140000,700 WOODBINE AVE,41.89818037,-87.79892236,206,Frank Lloyd Wright,false
16181230110000,701 CARPENTER AVE,41.87676242,-87.79640144,205,,false
16064080170000,701 COLUMBIAN AVE,41.89842692,-87.7914475,206,Frank Lloyd Wright,false
16063090310000,701 FOREST AVE,41.8981461,-87.80114615,206,Frank Lloyd Wright,false
16181200130000,701 HOME AVE,41.87666255,-87.80008253,205,,false
16053080310000,701 N CUYLER AVE,41.89840059,-87.78372151,203,,false
16053110330000,701 N HAYES AVE,41.89842509,-87.77919012,204,,false
16063110270000,701 N KENILWORTH AVE,41.8982135,-87.79817774,205,Frank Lloyd Wright,false
16053100320000,701 N LOMBARD AVE,41.89844673,-87.78044062,204,,false
16063070250000,701 N MARION ST,41.89804311,-87.80411039,203,Frank Lloyd Wright,false
16181210070000,701 S CLINTON AVE,41.87669949,-87.79903338,205,,false
16182190190000,701 S EAST AVE,41.87601928,-87.78950143,204,,false
16182220150000,701 S ELMWOOD AVE,41.87610342,-87.78588949,206,Gunderson ,false
16182160200000,701 S EUCLID AVE,41.87596048,-87.79316345,203,,false
16181240110000,701 S GROVE AVE,41.87679003,-87.79559107,205,,false
16171180220000,701 S HARVEY AVE,41.87618999,-87.78093178,205,,false
16171220180000,701 S HUMPHREY AVE,41.87625447,-87.77605845,204,,false
16181220120000,701 S KENILWORTH AVE,41.87673689,-87.7976008,206,,false
16171190190000,701 S LOMBARD AVE,41.87622939,-87.77972928,205,,false
16171210190000,701 S LYMAN AVE,41.87624831,-87.77729358,205,,false
16181250140000,701 S OAK PARK AVE,41.87597654,-87.79440593,205,,false
16182230150000,701 S RIDGELAND AVE,41.87613279,-87.78467684,205,Gunderson ,false
16171200190000,701 S TAYLOR AVE,41.87620087,-87.7784999,204,,false
16181180100000,701 WISCONSIN AVE,41.87665095,-87.80254939,206,,false
16064120110000,702 N ELMWOOD AVE,41.89840188,-87.78621526,206,Frank Lloyd Wright,false
16053140150000,702 N HUMPHREY AVE,41.8985205,-87.77620639,203,,false
16064070310000,702 N OAK PARK AVE,41.89833657,-87.79439285,205,Frank Lloyd Wright,false
16171180020000,702 S HIGHLAND AVE,41.87614041,-87.78166169,204,,false
16181180010000,702 S MAPLE AVE,41.87662704,-87.80341108,205,,false
16181200020000,702 WENONAH AVE,41.8766429,-87.80068837,203,,false
16063090350000,703 FOREST AVE,41.89823976,-87.80114537,205,Frank Lloyd Wright,false
16064090190000,703 N EAST AVE,41.89839322,-87.79019311,206,Frank Lloyd Wright,false
16053110320000,703 N HAYES AVE,41.89852199,-87.77920781,203,,false
16064070250000,703 N LINDEN AVE,41.89838404,-87.79262421,206,Frank Lloyd Wright,false
16063070240000,703 N MARION ST,41.89813786,-87.80413198,205,Frank Lloyd Wright,false
16063130350000,703 N OAK PARK AVE,41.89825057,-87.79514886,203,Frank Lloyd Wright,false
16063100280000,703 WOODBINE AVE,41.89816319,-87.79963461,206,Frank Lloyd Wright,false
16181240020000,704 CARPENTER AVE,41.87663004,-87.79596203,205,,false
16182190020000,704 CLARENCE AVE,41.87593371,-87.79015,205,,false
16064110090000,704 FAIR OAKS AVE,41.89847892,-87.78787307,206,Frank Lloyd Wright,false
16063100360000,704 FOREST AVE,41.89822988,-87.80054922,206,Frank Lloyd Wright,false
16182090270000,704 JACKSON BLVD,41.87630986,-87.7920058,204,,false
16053100150000,704 N HARVEY AVE,41.89852781,-87.78145887,203,,false
16063120150000,704 N KENILWORTH AVE,41.89827877,-87.79745837,205,Frank Lloyd Wright,false
16063080280000,704 N MARION ST,41.89817351,-87.80350151,205,Frank Lloyd Wright,false
16053080140000,704 N RIDGELAND AVE,41.89849857,-87.78468837,203,Frank Lloyd Wright,false
16181220020000,704 S CLINTON AVE,41.87658653,-87.79843433,205,,false
16182200020000,704 S EAST AVE,41.87591664,-87.78893009,203,,false
16182230020000,704 S ELMWOOD AVE,41.8759906,-87.78528526,206,Gunderson ,false
16182170020000,704 S EUCLID AVE,41.87584742,-87.79260212,204,,false
16181250020000,704 S GROVE AVE,41.87582829,-87.79506427,205,,false
16182220020000,704 S GUNDERSON AVE,41.87597662,-87.78649617,206,Gunderson ,false
16171190020000,704 S HARVEY AVE,41.87607147,-87.78037251,203,,false
16171180030000,704 S HIGHLAND AVE,41.87606067,-87.78161647,203,,false
16171230020000,704 S HUMPHREY AVE,41.87618851,-87.77545582,205,,false
16181230020000,704 S KENILWORTH AVE,41.87659278,-87.79699243,205,,false
16171200020000,704 S LOMBARD AVE,41.87610478,-87.77915909,205,,false
16171220020000,704 S LYMAN AVE,41.87614836,-87.77664608,206,,false
16182160020000,704 S OAK PARK AVE,41.87588505,-87.79383227,203,,false
16171210020000,704 S TAYLOR AVE,41.87615935,-87.77793316,205,,false
16182180020000,704 S WESLEY AVE,41.87588367,-87.79135991,203,,false
16181200030000,704 WENONAH AVE,41.87652497,-87.80069413,204,,false
16181190250000,704 WISCONSIN AVE,41.87656801,-87.80191241,278,,false
16181230120000,705 CARPENTER AVE,41.87665361,-87.79639598,205,,false
16182180190000,705 CLARENCE AVE,41.87591433,-87.79074602,205,,false
16063090360000,705 FOREST AVE,41.89834683,-87.80115046,205,Frank Lloyd Wright,false
16053080300000,705 N CUYLER AVE,41.89849747,-87.78373456,203,,false
16053130290000,705 N HUMPHREY AVE,41.89860145,-87.77675394,203,,false
16053100310000,705 N LOMBARD AVE,41.89854008,-87.78043981,202,,false
16063070230000,705 N MARION ST,41.8982325,-87.80413119,205,Frank Lloyd Wright,false
16182190200000,705 S EAST AVE,41.87591337,-87.78949831,203,,false
16182160210000,705 S EUCLID AVE,41.87584693,-87.79314192,204,,false
16181240120000,705 S GROVE AVE,41.87662771,-87.79559753,205,,false
16182210180000,705 S GUNDERSON AVE,41.8759557,-87.78703534,205,,false
16171180230000,705 S HARVEY AVE,41.87608011,-87.78092954,205,,false
16171220190000,705 S HUMPHREY AVE,41.87615517,-87.77605282,203,,false
16181220130000,705 S KENILWORTH AVE,41.8766003,-87.79758216,205,,false
16171190200000,705 S LOMBARD AVE,41.87606881,-87.77971531,205,,false
16171210200000,705 S LYMAN AVE,41.87615136,-87.77727497,205,,false
16181250150000,705 S OAK PARK AVE,41.87582146,-87.79439734,203,,false
16182230160000,705 S RIDGELAND AVE,41.87601093,-87.78468358,205,Gunderson ,false
16182200170000,705 S SCOVILLE AVE,41.87595845,-87.78825185,205,,false
16171200200000,705 S TAYLOR AVE,41.87610383,-87.77846232,205,,false
16181180110000,705 WISCONSIN AVE,41.87650814,-87.80254601,206,,false
16182190030000,706 CLARENCE AVE,41.87585802,-87.79014495,205,,false
16064120100000,706 N ELMWOOD AVE,41.89851272,-87.78625599,205,Frank Lloyd Wright,false
16053140140000,706 N HUMPHREY AVE,41.89865024,-87.77618325,203,,false
16063120140000,706 N KENILWORTH AVE,41.89837201,-87.79743443,205,Frank Lloyd Wright,false
16053110140000,706 N LOMBARD AVE,41.89857874,-87.77982759,204,,false
16064070300000,706 N OAK PARK AVE,41.89845064,-87.79438726,203,Frank Lloyd Wright,false
16053130130000,706 N TAYLOR AVE,41.89864066,-87.77742712,204,,false
16171230030000,706 S HUMPHREY AVE,41.87608441,-87.77545996,205,,false
16171200030000,706 S LOMBARD AVE,41.87603454,-87.77914763,205,,false
16171220030000,706 S LYMAN AVE,41.87606362,-87.77665006,205,,false
16182160030000,706 S OAK PARK AVE,41.87580022,-87.79383298,203,,false
16171210030000,706 S TAYLOR AVE,41.87606251,-87.77793724,205,,false
16181190260000,706 WISCONSIN AVE,41.87648302,-87.80191311,203,,false
16063110130000,706 WOODBINE AVE,41.89830971,-87.79892128,205,Frank Lloyd Wright,false
16181230130000,707 CARPENTER AVE,41.87653193,-87.796397,205,,false
16182180200000,707 CLARENCE AVE,41.87583445,-87.7907467,206,,false
16181200140000,707 HOME AVE,41.87652991,-87.80007453,204,,false
16053080290000,707 N CUYLER AVE,41.89859082,-87.78373376,206,,false
16063120350000,707 N GROVE AVE,41.8983506,-87.79662512,208,Frank Lloyd Wright,false
16053110310000,707 N HAYES AVE,41.89862571,-87.77920691,205,,false
16053130280000,707 N HUMPHREY AVE,41.89867906,-87.77674442,203,,false
16063110250000,707 N KENILWORTH AVE,41.898356,-87.79812876,206,Frank Lloyd Wright,false
16063070210000,707 N MARION ST,41.89833955,-87.80415423,203,Frank Lloyd Wright,false
16063130340000,707 N OAK PARK AVE,41.89837155,-87.79514321,206,Frank Lloyd Wright,false
16064120250000,707 N RIDGELAND AVE,41.89850802,-87.78536455,205,Frank Lloyd Wright,false
16053120300000,707 N TAYLOR AVE,41.89864325,-87.77796147,203,,false
16181210080000,707 S CLINTON AVE,41.87656349,-87.79903451,206,,false
16171180240000,707 S HARVEY AVE,41.87599611,-87.78093026,205,,false
16171220200000,707 S HUMPHREY AVE,41.87606557,-87.7760536,204,,false
16182200180000,707 S SCOVILLE AVE,41.87588284,-87.78826359,205,,false
16182170150000,707 S WESLEY AVE,41.87581506,-87.79196089,204,,false
16181190140000,707 WENONAH AVE,41.87653822,-87.80131631,204,,false
16063100270000,707 WOODBINE AVE,41.89829952,-87.79960599,205,Frank Lloyd Wright,false
16181240030000,708 CARPENTER AVE,41.87648715,-87.79596323,205,,false
16182190040000,708 CLARENCE AVE,41.87580335,-87.79014541,205,,false
16064090080000,708 COLUMBIAN AVE,41.89853766,-87.79076149,205,Frank Lloyd Wright,false
16063100100000,708 FOREST AVE,41.89840035,-87.8005705,206,Frank Lloyd Wright,false
16181210020000,708 HOME AVE,41.87646967,-87.7995733,203,,false
16063130160000,708 N GROVE AVE,41.89839246,-87.79599003,206,Frank Lloyd Wright,false
16053120150000,708 N HAYES AVE,41.89870657,-87.77860906,278,,false
16063120130000,708 N KENILWORTH AVE,41.89845549,-87.7975177,203,Frank Lloyd Wright,false
16053110130000,708 N LOMBARD AVE,41.89870666,-87.77982649,203,,false
16063080110000,708 N MARION ST,41.89833359,-87.80354703,278,Frank Lloyd Wright,false
16064070270000,708 N OAK PARK AVE,41.89856462,-87.79436315,204,Frank Lloyd Wright,false
16053080120000,708 N RIDGELAND AVE,41.89867989,-87.78468184,203,Frank Lloyd Wright,false
16181220030000,708 S CLINTON AVE,41.87648114,-87.79843521,205,,false
16182200030000,708 S EAST AVE,41.87578219,-87.78893123,205,,false
16182230030000,708 S ELMWOOD AVE,41.87588119,-87.78526941,205,Gunderson ,false
16182170030000,708 S EUCLID AVE,41.87572132,-87.79260318,205,,false
16182220030000,708 S GUNDERSON AVE,41.87586308,-87.78649713,205,Gunderson ,false
16171180050000,708 S HIGHLAND AVE,41.87595135,-87.78161741,205,,false
16181230030000,708 S KENILWORTH AVE,41.87646364,-87.79698362,205,,false
16171200040000,708 S LOMBARD AVE,41.87595993,-87.77912908,203,,false
16181180030000,708 S MAPLE AVE,41.8763558,-87.80342402,203,,false
16182160040000,708 S OAK PARK AVE,41.87572641,-87.7938336,205,,false
16171160040000,708 S RIDGELAND AVE,41.87590918,-87.78408947,205,,false
16182210020000,708 S SCOVILLE AVE,41.87595523,-87.78768824,206,,false
16171210040000,708 S TAYLOR AVE,41.8759802,-87.77788569,203,,false
16182180030000,708 S WESLEY AVE,41.87577849,-87.79134371,203,,false
16181200040000,708 WENONAH AVE,41.87641959,-87.80069887,205,,false
16181190050000,708 WISCONSIN AVE,41.87638782,-87.8019139,206,,false
16063110120000,708 WOODBINE AVE,41.89842997,-87.79888444,278,Frank Lloyd Wright,false
16063080250000,709 BELLEFORTE AVE,41.89835416,-87.80272869,206,Frank Lloyd Wright,false
16181200150000,709 HOME AVE,41.87644151,-87.80007527,203,,false
16053080280000,709 N CUYLER AVE,41.89868414,-87.78372833,206,,false
16064090180000,709 N EAST AVE,41.89856605,-87.79018239,205,Frank Lloyd Wright,false
16064110200000,709 N ELMWOOD AVE,41.89859985,-87.78699185,205,Frank Lloyd Wright,false
16053110300000,709 N HAYES AVE,41.89872258,-87.77921996,203,,false
16053100300000,709 N LOMBARD AVE,41.89864385,-87.78044818,203,,false
16181210090000,709 S CLINTON AVE,41.87644108,-87.79903098,206,,false
16182220160000,709 S ELMWOOD AVE,41.87588438,-87.78584802,205,Gunderson ,false
16182160220000,709 S EUCLID AVE,41.87574605,-87.79314277,204,,false
16181240130000,709 S GROVE AVE,41.87651703,-87.79559336,205,,false
16182210190000,709 S GUNDERSON AVE,41.87583374,-87.78701959,205,,false
16171180250000,709 S HARVEY AVE,41.875933,-87.7809308,205,,false
16181220140000,709 S KENILWORTH AVE,41.87649334,-87.79758305,205,,false
16171190210000,709 S LOMBARD AVE,41.87595132,-87.77972016,205,,false
16171210210000,709 S LYMAN AVE,41.8760447,-87.77726638,205,,false
16181250160000,709 S OAK PARK AVE,41.87570356,-87.79441332,206,,false
16182230170000,709 S RIDGELAND AVE,41.87588888,-87.78465075,206,Gunderson ,false
16171200210000,709 S TAYLOR AVE,41.87594523,-87.77845886,205,,false
16181190150000,709 WENONAH AVE,41.87638808,-87.80131005,206,,false
16063100260000,709 WOODBINE AVE,41.89841545,-87.79959905,203,Frank Lloyd Wright,false
16064070240000,710 AUGUSTA ST,41.89836793,-87.79287442,206,Frank Lloyd Wright,false
16064190300000,710 CHICAGO AVE,41.89470514,-87.79371197,203,Frank Lloyd Wright,false
16182190050000,710 CLARENCE AVE,41.87572769,-87.79014605,205,,false
16064110080000,710 FAIR OAKS AVE,41.89860888,-87.78789813,206,Frank Lloyd Wright,false
16063100090000,710 FOREST AVE,41.89854312,-87.80058126,206,Frank Lloyd Wright,false
16064120090000,710 N ELMWOOD AVE,41.89864863,-87.786261,205,Frank Lloyd Wright,false
16063130150000,710 N GROVE AVE,41.89846852,-87.79598939,206,Frank Lloyd Wright,false
16053100130000,710 N HARVEY AVE,41.89871103,-87.78145266,205,,false
16053120140000,710 N HAYES AVE,41.89879285,-87.77864675,278,,false
16053140130000,710 N HUMPHREY AVE,41.89880373,-87.77621251,205,,false
16063080100000,710 N MARION ST,41.89841202,-87.80365078,206,Frank Lloyd Wright,false
16053130120000,710 N TAYLOR AVE,41.89875549,-87.77743467,205,,false
16181220040000,710 S CLINTON AVE,41.87637566,-87.79841788,205,,false
16182230040000,710 S ELMWOOD AVE,41.87577197,-87.78527034,206,Gunderson ,false
16182220040000,710 S GUNDERSON AVE,41.87574958,-87.78648701,205,Gunderson ,false
16171230040000,710 S HUMPHREY AVE,41.87599035,-87.77544712,206,,false
16171220040000,710 S LYMAN AVE,41.87596854,-87.77666138,205,,false
16182160050000,710 S OAK PARK AVE,41.87562305,-87.79383447,203,,false
16171160050000,710 S RIDGELAND AVE,41.87582908,-87.78404519,205,,false
16182210030000,710 S SCOVILLE AVE,41.87585799,-87.78770296,205,,false
16182180040000,710 S WESLEY AVE,41.87568602,-87.79133909,203,,false
16063080240000,711 BELLEFORTE AVE,41.89849853,-87.80270239,206,Frank Lloyd Wright,false
16181230140000,711 CARPENTER AVE,41.87639309,-87.79638137,205,,false
16182180210000,711 CLARENCE AVE,41.87573757,-87.79070255,203,,false
16064100140000,711 FAIR OAKS AVE,41.89853818,-87.78865474,206,Frank Lloyd Wright,false
16181200160000,711 HOME AVE,41.87633601,-87.80005338,204,,false
16053080270000,711 N CUYLER AVE,41.89877062,-87.78373685,203,,false
16063120270000,711 N GROVE AVE,41.89851651,-87.79661447,205,Frank Lloyd Wright,false
16053110290000,711 N HAYES AVE,41.89879864,-87.7792193,203,,false
16053130270000,711 N HUMPHREY AVE,41.89876387,-87.77673932,202,,false
16063110240000,711 N KENILWORTH AVE,41.89849872,-87.79812757,205,Frank Lloyd Wright,false
16053100290000,711 N LOMBARD AVE,41.89872346,-87.78046602,203,,false
16063130310000,711 N OAK PARK AVE,41.89853749,-87.79511327,205,Frank Lloyd Wright,false
16064120240000,711 N RIDGELAND AVE,41.89864288,-87.78536803,205,Frank Lloyd Wright,false
16053120290000,711 N TAYLOR AVE,41.89877731,-87.7779902,204,,false
16181210100000,711 S CLINTON AVE,41.87633908,-87.79903183,205,,false
16182190210000,711 S EAST AVE,41.8757716,-87.78948289,204,,false
16182220170000,711 S ELMWOOD AVE,41.87577513,-87.78584326,205,Gunderson ,false
16182160230000,711 S EUCLID AVE,41.87566199,-87.79315457,205,,false
16181240140000,711 S GROVE AVE,41.87640631,-87.79558439,205,,false
16182210200000,711 S GUNDERSON AVE,41.87574552,-87.78702034,205,,false
16171220210000,711 S HUMPHREY AVE,41.87596838,-87.77603714,206,,false
16181220150000,711 S KENILWORTH AVE,41.87634952,-87.79758425,206,,false
16171190220000,711 S LOMBARD AVE,41.87585673,-87.77972098,203,,false
16171210220000,711 S LYMAN AVE,41.87593898,-87.77726799,205,,false
16181090120000,711 S MAPLE AVE,41.87648763,-87.80403202,205,,false
16182230180000,711 S RIDGELAND AVE,41.87577119,-87.78464606,205,Gunderson ,false
16182170160000,711 S WESLEY AVE,41.87570993,-87.79195608,205,,false
16072060060000,711 SUPERIOR ST,41.89282287,-87.79349768,206,Frank Lloyd Wright,false
16064070110000,711 THOMAS ST,41.89953531,-87.79313246,206,Frank Lloyd Wright,false
16181180120000,711 WISCONSIN AVE,41.87636197,-87.80255178,206,,false
16063100250000,711 WOODBINE AVE,41.89851357,-87.79959823,206,Frank Lloyd Wright,false
16183230380000,7110 W ROOSEVELT RD,41.86531155,-87.80243392,203,,false
16181240040000,712 CARPENTER AVE,41.87635682,-87.79596432,205,,false
16182190060000,712 CLARENCE AVE,41.87561841,-87.79013588,203,,false
16064110070000,712 FAIR OAKS AVE,41.89873845,-87.78790328,206,Frank Lloyd Wright,false
16053100120000,712 N HARVEY AVE,41.89880436,-87.78144723,203,,false
16063120120000,712 N KENILWORTH AVE,41.8985797,-87.79746124,205,Frank Lloyd Wright,false
16053110120000,712 N LOMBARD AVE,41.89879657,-87.77983034,203,,false
16053080110000,712 N RIDGELAND AVE,41.89878015,-87.78468098,203,Frank Lloyd Wright,false
16182200040000,712 S EAST AVE,41.87566453,-87.78893223,205,,false
16182170040000,712 S EUCLID AVE,41.87559101,-87.79258749,206,,false
16171190370000,712 S HARVEY AVE,41.87586129,-87.78038002,203,,false
16171230050000,712 S HUMPHREY AVE,41.87588999,-87.77544031,205,,false
16181230040000,712 S KENILWORTH AVE,41.87632711,-87.79697966,205,,false
16171200050000,712 S LOMBARD AVE,41.87585392,-87.77913768,205,,false
16181180040000,712 S MAPLE AVE,41.8762299,-87.8034023,203,,false
16182210040000,712 S SCOVILLE AVE,41.87575299,-87.78770386,203,,false
16171210050000,712 S TAYLOR AVE,41.87584124,-87.77789314,203,,false
16181190060000,712 WISCONSIN AVE,41.87628242,-87.80191478,205,,false
16182180220000,713 CLARENCE AVE,41.87562832,-87.79069778,205,,false
16053130260000,713 N HUMPHREY AVE,41.89885524,-87.77674289,203,,false
16063070200000,713 N MARION ST,41.8984676,-87.80415317,203,Frank Lloyd Wright,false
16182190220000,713 S EAST AVE,41.87564151,-87.78949037,203,,false
16171220220000,713 S HUMPHREY AVE,41.87585951,-87.77604576,204,,false
16064070280000,714 AUGUSTA ST,41.89838702,-87.79325861,204,Frank Lloyd Wright,false
16181240050000,714 CARPENTER AVE,41.87625591,-87.79595977,205,,false
16064090070000,714 COLUMBIAN AVE,41.89868346,-87.79080401,206,Frank Lloyd Wright,false
16072060140000,714 ERIE ST,41.89174605,-87.79353882,203,Frank Lloyd Wright,false
16181210030000,714 HOME AVE,41.87625751,-87.79955884,202,,false
16064120080000,714 N ELMWOOD AVE,41.89875665,-87.78626984,205,Frank Lloyd Wright,false
16063130130000,714 N GROVE AVE,41.89861038,-87.79601136,205,Frank Lloyd Wright,false
16053120130000,714 N HAYES AVE,41.89890439,-87.77863298,204,,false
16053140120000,714 N HUMPHREY AVE,41.89888515,-87.77618121,203,,false
16064080070000,714 N LINDEN AVE,41.89867264,-87.79201335,206,Frank Lloyd Wright,false
16053110110000,714 N LOMBARD AVE,41.89888646,-87.77982957,205,,false
16063080090000,714 N MARION ST,41.89853965,-87.80356025,203,Frank Lloyd Wright,false
16181220050000,714 S CLINTON AVE,41.87628049,-87.79842322,205,,false
16182200050000,714 S EAST AVE,41.8755761,-87.7889105,205,,false
16182230050000,714 S ELMWOOD AVE,41.87566264,-87.78527128,206,Gunderson ,false
16182220050000,714 S GUNDERSON AVE,41.87564447,-87.78648791,205,Gunderson ,false
16171190060000,714 S HARVEY AVE,41.87575629,-87.78038093,205,,false
16171230060000,714 S HUMPHREY AVE,41.87580113,-87.77543797,205,,false
16171200060000,714 S LOMBARD AVE,41.87577071,-87.77911921,205,,false
16171220060000,714 S LYMAN AVE,41.87576778,-87.77663626,203,,false
16182160060000,714 S OAK PARK AVE,41.87551239,-87.7938354,205,,false
16171160060000,714 S RIDGELAND AVE,41.87575763,-87.7840458,203,,false
16182210050000,714 S SCOVILLE AVE,41.87564242,-87.78769574,205,,false
16181200250000,714 WENONAH AVE,41.87626643,-87.80066373,204,,false
16063110110000,714 WOODBINE AVE,41.89860848,-87.79890684,205,Frank Lloyd Wright,false
16181230150000,715 CARPENTER AVE,41.8762712,-87.79638239,205,,false
16064080150000,715 COLUMBIAN AVE,41.89867277,-87.79144255,206,Frank Lloyd Wright,false
16063090200000,715 FOREST AVE,41.89852884,-87.8011585,203,Frank Lloyd Wright,false
16181200170000,715 HOME AVE,41.87624418,-87.80004504,205,,false
16053080260000,715 N CUYLER AVE,41.89885007,-87.78372229,203,,false
16064090170000,715 N EAST AVE,41.89871094,-87.79021941,206,Frank Lloyd Wright,false
16064110190000,715 N ELMWOOD AVE,41.89876001,-87.78696919,206,Frank Lloyd Wright,false
16063120260000,715 N GROVE AVE,41.89865139,-87.7966226,205,Frank Lloyd Wright,false
16053110280000,715 N HAYES AVE,41.89889203,-87.77922776,203,,false
16053130250000,715 N HUMPHREY AVE,41.8989303,-87.77674661,202,,false
16064070230000,715 N LINDEN AVE,41.89868093,-87.79260257,206,Frank Lloyd Wright,false
16053100260000,715 N LOMBARD AVE,41.89884794,-87.78046958,205,,false
16063130300000,715 N OAK PARK AVE,41.89867593,-87.79514453,205,Frank Lloyd Wright,false
16064120220000,715 N RIDGELAND AVE,41.89876551,-87.78538053,205,Frank Lloyd Wright,false
16072180180000,715 ONTARIO ST,41.88995036,-87.79355476,204,Frank Lloyd Wright,false
16181210110000,715 S CLINTON AVE,41.87620983,-87.79901925,205,,false
16182220180000,715 S ELMWOOD AVE,41.87566148,-87.78582175,205,Gunderson ,false
16182160240000,715 S EUCLID AVE,41.87552341,-87.79317283,203,,false
16181240150000,715 S GROVE AVE,41.87631771,-87.79557045,205,,false
16182210210000,715 S GUNDERSON AVE,41.87564463,-87.7870212,203,,false
16171180260000,715 S HARVEY AVE,41.8758166,-87.78092543,205,,false
16171220230000,715 S HUMPHREY AVE,41.87575348,-87.77605052,206,,false
16181220160000,715 S KENILWORTH AVE,41.87624617,-87.79758512,205,,false
16171190230000,715 S LOMBARD AVE,41.87576217,-87.77972563,203,,false
16171210230000,715 S LYMAN AVE,41.8758449,-87.777272,205,,false
16181090190000,715 S MAPLE AVE,41.87617806,-87.80399475,205,,false
16182230190000,715 S RIDGELAND AVE,41.87568012,-87.78465609,205,Gunderson ,false
16182200200000,715 S SCOVILLE AVE,41.87566429,-87.78826544,203,,false
16171200220000,715 S TAYLOR AVE,41.87580758,-87.77844469,205,,false
16182170170000,715 S WESLEY AVE,41.87557963,-87.79196288,204,,false
16064070100000,715 THOMAS ST,41.89953906,-87.79337896,206,Frank Lloyd Wright,false
16181190160000,715 WENONAH AVE,41.87625886,-87.80130657,205,,false
16181180130000,715 WISCONSIN AVE,41.87623955,-87.80254824,205,,false
16063100240000,715 WOODBINE AVE,41.89860723,-87.79959745,206,Frank Lloyd Wright,false
16063090070000,716 BELLEFORTE AVE,41.89864821,-87.80208583,205,Frank Lloyd Wright,false
16181240060000,716 CARPENTER AVE,41.87615925,-87.79596058,205,,false
16182190070000,716 CLARENCE AVE,41.87551328,-87.79013176,203,,false
16064090060000,716 COLUMBIAN AVE,41.89882615,-87.79083173,205,Frank Lloyd Wright,false
16064100060000,716 N EAST AVE,41.89876322,-87.78955737,205,Frank Lloyd Wright,false
16063130120000,716 N GROVE AVE,41.89867607,-87.79601081,203,Frank Lloyd Wright,false
16053100110000,716 N HARVEY AVE,41.89889434,-87.78146497,205,,false
16053120120000,716 N HAYES AVE,41.89899048,-87.77863223,203,,false
16053140110000,716 N HUMPHREY AVE,41.89896999,-87.77618484,203,,false
16063120110000,716 N KENILWORTH AVE,41.89873174,-87.79744145,206,Frank Lloyd Wright,false
16053080100000,716 N RIDGELAND AVE,41.89888735,-87.7846847,203,Frank Lloyd Wright,false
16053130110000,716 N TAYLOR AVE,41.89889572,-87.77742064,203,,false
16181220060000,716 S CLINTON AVE,41.87616827,-87.79841961,205,,false
16182200060000,716 S EAST AVE,41.87547943,-87.78891132,205,,false
16181230050000,716 S KENILWORTH AVE,41.87618752,-87.79697731,206,,false
16171200070000,716 S LOMBARD AVE,41.87566177,-87.77911631,203,,false
16181180050000,716 S MAPLE AVE,41.87608024,-87.80338989,203,,false
16171160070000,716 S RIDGELAND AVE,41.87567363,-87.78404652,203,,false
16182210060000,716 S SCOVILLE AVE,41.87553732,-87.78769664,206,,false
16182180050000,716 S WESLEY AVE,41.87555993,-87.79134555,205,,false
16181200070000,716 WENONAH AVE,41.87613052,-87.80068306,206,,false
16063110100000,716 WOODBINE AVE,41.89872452,-87.79892379,206,Frank Lloyd Wright,false
16182180230000,717 CLARENCE AVE,41.87554844,-87.79069846,205,,false
16064080140000,717 COLUMBIAN AVE,41.89879383,-87.79146467,206,Frank Lloyd Wright,false
16181200180000,717 HOME AVE,41.87615914,-87.80003664,202,,false
16053080250000,717 N CUYLER AVE,41.89895386,-87.78373528,205,,false
16064090160000,717 N EAST AVE,41.89882743,-87.79018949,205,Frank Lloyd Wright,false
16063120250000,717 N GROVE AVE,41.89876894,-87.79662162,205,Frank Lloyd Wright,false
16053110270000,717 N HAYES AVE,41.89898193,-87.77922698,203,,false
16063070190000,717 N MARION ST,41.89857334,-87.80414484,205,Frank Lloyd Wright,false
16064120210000,717 N RIDGELAND AVE,41.89887621,-87.78539347,205,Frank Lloyd Wright,false
16182190230000,717 S EAST AVE,41.87550688,-87.78949623,203,,false
16182160250000,717 S EUCLID AVE,41.87542674,-87.79317364,203,,false
16181240160000,717 S GROVE AVE,41.87623289,-87.79557116,203,,false
16182210220000,717 S GUNDERSON AVE,41.87554783,-87.78699385,205,,false
16171190240000,717 S LOMBARD AVE,41.87566753,-87.77971494,205,,false
16171210240000,717 S LYMAN AVE,41.87574159,-87.77724603,205,,false
16181250180000,717 S OAK PARK AVE,41.87542671,-87.79438597,204,,false
16182200210000,717 S SCOVILLE AVE,41.87552552,-87.78826662,206,,false
16171200230000,717 S TAYLOR AVE,41.87571586,-87.77844549,205,,false
16064070350000,717 THOMAS ST,41.8995376,-87.79361856,206,Frank Lloyd Wright,false
16181190170000,717 WENONAH AVE,41.87611095,-87.80124241,206,,false
16182190080000,718 CLARENCE AVE,41.87542087,-87.79013824,203,,false
16064090050000,718 COLUMBIAN AVE,41.89895571,-87.79082485,206,Frank Lloyd Wright,false
16064110060000,718 FAIR OAKS AVE,41.89887501,-87.78790524,206,Frank Lloyd Wright,false
16063100300000,718 FOREST AVE,41.89869473,-87.80057403,206,Frank Lloyd Wright,false
16064120070000,718 N ELMWOOD AVE,41.89890759,-87.78626133,206,Frank Lloyd Wright,false
16063130110000,718 N GROVE AVE,41.89877285,-87.79600537,206,Frank Lloyd Wright,false
16053100100000,718 N HARVEY AVE,41.89898237,-87.78147314,202,,false
16053120110000,718 N HAYES AVE,41.89907655,-87.77862722,202,,false
16053140100000,718 N HUMPHREY AVE,41.89906459,-87.77617965,203,,false
16064080050000,718 N LINDEN AVE,41.89882812,-87.79200625,206,Frank Lloyd Wright,false
16053110090000,718 N LOMBARD AVE,41.89902193,-87.7798647,206,,false
16063080080000,718 N MARION ST,41.89863429,-87.80355946,204,Frank Lloyd Wright,false
16064070420000,718 N OAK PARK AVE,41.89875435,-87.79431881,204,Frank Lloyd Wright,false
16053080090000,718 N RIDGELAND AVE,41.89898418,-87.7846885,203,Frank Lloyd Wright,false
16053130100000,718 N TAYLOR AVE,41.89906155,-87.77742347,206,,false
16182230060000,718 S ELMWOOD AVE,41.87554925,-87.78528334,206,Gunderson ,false
16181250050000,718 S GROVE AVE,41.87541867,-87.79504312,205,,false
16182220060000,718 S GUNDERSON AVE,41.87550993,-87.78648905,206,Gunderson ,false
16171190360000,718 S HARVEY AVE,41.8756511,-87.78036504,203,,false
16171180090000,718 S HIGHLAND AVE,41.87559847,-87.78159996,203,,false
16171230070000,718 S HUMPHREY AVE,41.87570086,-87.77544137,204,,false
16171220070000,718 S LYMAN AVE,41.87567606,-87.77663706,206,,false
16182160080000,718 S OAK PARK AVE,41.8753833,-87.79383649,205,,false
16171160080000,718 S RIDGELAND AVE,41.87555587,-87.78404753,205,,false
16182210070000,718 S SCOVILLE AVE,41.87544771,-87.78767827,206,,false
16182180060000,718 S WESLEY AVE,41.87546327,-87.79134637,205,,false
16181190080000,718 WISCONSIN AVE,41.87604777,-87.80190306,205,,false
16063080210000,719 BELLEFORTE AVE,41.89864122,-87.80269524,205,Frank Lloyd Wright,false
16181230160000,719 CARPENTER AVE,41.87614092,-87.79637209,205,,false
16182180240000,719 CLARENCE AVE,41.87545602,-87.79070494,205,,false
16064100130000,719 FAIR OAKS AVE,41.89884522,-87.78863094,204,Frank Lloyd Wright,false
16063090190000,719 FOREST AVE,41.89865818,-87.80115742,205,Frank Lloyd Wright,false
16181200190000,719 HOME AVE,41.87607754,-87.80003732,205,,false
16064190310000,719 IOWA ST,41.89612199,-87.79394867,204,Frank Lloyd Wright,false
16053130240000,719 N HUMPHREY AVE,41.899051,-87.77674119,205,,false
16063110220000,719 N KENILWORTH AVE,41.89877978,-87.79814314,205,Frank Lloyd Wright,false
16064070220000,719 N LINDEN AVE,41.89883004,-87.7926878,206,Frank Lloyd Wright,false
16053100250000,719 N LOMBARD AVE,41.89897398,-87.78047277,203,,false
16063070180000,719 N MARION ST,41.89869578,-87.80413637,205,Frank Lloyd Wright,false
16063130290000,719 N OAK PARK AVE,41.8988246,-87.79514328,206,Frank Lloyd Wright,false
16053120270000,719 N TAYLOR AVE,41.89905154,-87.7779921,205,,false
16182220190000,719 S ELMWOOD AVE,41.87553547,-87.78582282,206,Gunderson ,false
16181240170000,719 S GROVE AVE,41.87614425,-87.7955719,202,,false
16171220240000,719 S HUMPHREY AVE,41.87563874,-87.77603233,205,,false
16171210250000,719 S LYMAN AVE,41.87563842,-87.77725076,205,,false
16182230200000,719 S RIDGELAND AVE,41.8755635,-87.78465344,205,Gunderson ,false
16181180140000,719 WISCONSIN AVE,41.87608994,-87.80254492,205,,false
16063100230000,719 WOODBINE AVE,41.89871884,-87.79962042,205,Frank Lloyd Wright,false
16063090060000,720 BELLEFORTE AVE,41.89879996,-87.80210847,203,Frank Lloyd Wright,false
16181240070000,720 CARPENTER AVE,41.87605414,-87.79596146,205,,false
16063100290000,720 FOREST AVE,41.89882867,-87.80060278,205,Frank Lloyd Wright,false
16181210040000,720 HOME AVE,41.87601439,-87.79955211,202,,false
16064120060000,720 N ELMWOOD AVE,41.89902621,-87.78627232,205,Frank Lloyd Wright,false
16063130100000,720 N GROVE AVE,41.89888252,-87.79600125,205,Frank Lloyd Wright,false
16053140090000,720 N HUMPHREY AVE,41.89917225,-87.77617871,203,,false
16053080080000,720 N RIDGELAND AVE,41.89907755,-87.78469233,203,Frank Lloyd Wright,false
16053130090000,720 N TAYLOR AVE,41.89916677,-87.77742256,205,,false
16181220070000,720 S CLINTON AVE,41.87606959,-87.79840222,205,,false
16182200070000,720 S EAST AVE,41.87537029,-87.78892903,205,,false
16182230070000,720 S ELMWOOD AVE,41.87543134,-87.78525617,206,Gunderson ,false
16182170060000,720 S EUCLID AVE,41.87530928,-87.79257308,205,,false
16181250060000,720 S GROVE AVE,41.8752674,-87.7950345,205,,false
16182220070000,720 S GUNDERSON AVE,41.87539226,-87.78649006,205,Gunderson ,false
16171190090000,720 S HARVEY AVE,41.87557119,-87.78036004,205,,false
16171230080000,720 S HUMPHREY AVE,41.87560913,-87.77544731,205,,false
16181230060000,720 S KENILWORTH AVE,41.87605767,-87.79695224,205,,false
16171200080000,720 S LOMBARD AVE,41.87554716,-87.77912498,202,,false
16171220080000,720 S LYMAN AVE,41.87557861,-87.7766379,202,,false
16181180060000,720 S MAPLE AVE,41.87595947,-87.80339509,204,,false
16182160090000,720 S OAK PARK AVE,41.87531312,-87.79382239,205,,false
16171160090000,720 S RIDGELAND AVE,41.87548864,-87.7840481,205,,false
16171210070000,720 S TAYLOR AVE,41.87556218,-87.77787949,205,,false
16182180070000,720 S WESLEY AVE,41.87536239,-87.79134722,203,,false
16063110090000,720 WOODBINE AVE,41.89882699,-87.79889905,205,Frank Lloyd Wright,false
16063080200000,721 BELLEFORTE AVE,41.89879272,-87.80266411,205,Frank Lloyd Wright,false
16182180250000,721 CLARENCE AVE,41.8753593,-87.79069436,205,,false
16064080130000,721 COLUMBIAN AVE,41.89895789,-87.79144593,206,Frank Lloyd Wright,false
16064100120000,721 FAIR OAKS AVE,41.89900056,-87.7885949,205,Frank Lloyd Wright,false
16053080240000,721 N CUYLER AVE,41.89904533,-87.78373879,206,,false
16063120240000,721 N GROVE AVE,41.89886828,-87.79662552,205,Frank Lloyd Wright,false
16053110260000,721 N HAYES AVE,41.89907184,-87.77923084,203,,false
16063070170000,721 N MARION ST,41.89879056,-87.80416542,203,Frank Lloyd Wright,false
16064120190000,721 N RIDGELAND AVE,41.89901942,-87.78540615,205,Frank Lloyd Wright,false
16181210120000,721 S CLINTON AVE,41.87602623,-87.79902078,205,,false
16182220200000,721 S ELMWOOD AVE,41.87541431,-87.78583979,206,Gunderson ,false
16182160260000,721 S EUCLID AVE,41.87531314,-87.79316321,205,,false
16182210230000,721 S GUNDERSON AVE,41.87545119,-87.78700037,203,,false
16171220250000,721 S HUMPHREY AVE,41.87555284,-87.77605226,205,,false
16181220170000,721 S KENILWORTH AVE,41.87609865,-87.79758635,206,,false
16171190250000,721 S LOMBARD AVE,41.87556431,-87.77970815,205,,false
16182230210000,721 S RIDGELAND AVE,41.87543307,-87.78463207,205,Gunderson ,false
16182200220000,721 S SCOVILLE AVE,41.87540359,-87.78825657,205,,false
16171200240000,721 S TAYLOR AVE,41.87562414,-87.77844628,205,,false
16182170180000,721 S WESLEY AVE,41.87545352,-87.79196394,203,,false
16064070400000,721 THOMAS ST,41.89953654,-87.79394496,204,Frank Lloyd Wright,false
16181180150000,721 WISCONSIN AVE,41.87595555,-87.80254706,205,,false
16182190090000,722 CLARENCE AVE,41.87532832,-87.79013902,203,,false
16064110050000,722 FAIR OAKS AVE,41.89901864,-87.78792278,206,Frank Lloyd Wright,false
16064130320000,722 IOWA ST,41.89651406,-87.79409209,206,Frank Lloyd Wright,false
16064100050000,722 N EAST AVE,41.89898784,-87.78955547,205,Frank Lloyd Wright,false
16063130090000,722 N GROVE AVE,41.89898638,-87.7960351,206,Frank Lloyd Wright,false
16053100090000,722 N HARVEY AVE,41.89906883,-87.78147702,202,,false
16053120100000,722 N HAYES AVE,41.89916904,-87.77863069,205,,false
16053140080000,722 N HUMPHREY AVE,41.89926036,-87.77618232,203,,false
16063120100000,722 N KENILWORTH AVE,41.89883545,-87.79746419,206,Frank Lloyd Wright,false
16053110080000,722 N LOMBARD AVE,41.89916842,-87.77990088,205,,false
16181220080000,722 S CLINTON AVE,41.87596776,-87.79839937,205,,false
16171190100000,722 S HARVEY AVE,41.87546605,-87.78035525,205,,false
16171180110000,722 S HIGHLAND AVE,41.8754468,-87.78159475,203,,false
16171220090000,722 S LYMAN AVE,41.87548688,-87.77663486,205,,false
16182160100000,722 S OAK PARK AVE,41.87524302,-87.79382298,205,,false
16171160100000,722 S RIDGELAND AVE,41.8754172,-87.78404872,203,,false
16182210080000,722 S SCOVILLE AVE,41.87535049,-87.78769823,202,,false
16182180080000,722 S WESLEY AVE,41.87527828,-87.79134793,205,,false
16181190090000,722 WISCONSIN AVE,41.87590173,-87.80193728,205,,false
16063110080000,722 WOODBINE AVE,41.89895197,-87.7989219,205,Frank Lloyd Wright,false
16181230170000,723 CARPENTER AVE,41.8760316,-87.79637301,205,,false
16182180260000,723 CLARENCE AVE,41.87526264,-87.79069518,205,,false
16063090180000,723 FOREST AVE,41.89879655,-87.80118017,278,Frank Lloyd Wright,false
16181200200000,723 HOME AVE,41.87598575,-87.80003808,205,,false
16053080230000,723 N CUYLER AVE,41.8991387,-87.78374262,203,,false
16064090150000,723 N EAST AVE,41.89897867,-87.79019978,205,Frank Lloyd Wright,false
16064110160000,723 N ELMWOOD AVE,41.89904917,-87.78700538,203,Frank Lloyd Wright,false
16053110250000,723 N HAYES AVE,41.89916862,-87.77922537,204,,false
16053130230000,723 N HUMPHREY AVE,41.8991815,-87.77674006,205,,false
16063110210000,723 N KENILWORTH AVE,41.8989057,-87.79817557,206,Frank Lloyd Wright,false
16064070210000,723 N LINDEN AVE,41.89897217,-87.79265018,206,Frank Lloyd Wright,false
16053100240000,723 N LOMBARD AVE,41.89909142,-87.78044861,203,,false
16064120180000,723 N RIDGELAND AVE,41.89909409,-87.78540551,205,Frank Lloyd Wright,false
16053120260000,723 N TAYLOR AVE,41.89918863,-87.77798664,203,,false
16181240180000,723 S GROVE AVE,41.87604837,-87.79556281,203,,false
16182210240000,723 S GUNDERSON AVE,41.87532931,-87.7870014,205,,false
16171190260000,723 S LOMBARD AVE,41.87547546,-87.77970892,205,,false
16171210260000,723 S LYMAN AVE,41.87553807,-87.77724395,205,,false
16171200250000,723 S TAYLOR AVE,41.87551808,-87.77844336,205,,false
16182170190000,723 S WESLEY AVE,41.87532731,-87.79194252,205,,false
16181190180000,723 WENONAH AVE,41.87595269,-87.80126814,205,,false
16063100210000,723 WOODBINE AVE,41.89886153,-87.79961325,205,Frank Lloyd Wright,false
16181240080000,724 CARPENTER AVE,41.8759365,-87.79596784,205,,false
16182190100000,724 CLARENCE AVE,41.87523166,-87.79013984,205,,false
16053100080000,724 N HARVEY AVE,41.89916911,-87.78148079,203,,false
16053140070000,724 N HUMPHREY AVE,41.89935493,-87.77617276,206,,false
16063120090000,724 N KENILWORTH AVE,41.89894262,-87.79748169,206,Frank Lloyd Wright,false
16064080040000,724 N LINDEN AVE,41.89904855,-87.79203332,206,Frank Lloyd Wright,false
16064070360000,724 N OAK PARK AVE,41.89896317,-87.79440249,206,Frank Lloyd Wright,false
16053080070000,724 N RIDGELAND AVE,41.89917103,-87.78471931,203,Frank Lloyd Wright,false
16053130080000,724 N TAYLOR AVE,41.89927524,-87.77743443,205,,false
16181220090000,724 S CLINTON AVE,41.87586562,-87.79840848,206,,false
16182230080000,724 S ELMWOOD AVE,41.87530951,-87.7852686,205,Gunderson ,false
16182220080000,724 S GUNDERSON AVE,41.87528726,-87.78649095,203,Gunderson ,false
16171180120000,724 S HIGHLAND AVE,41.87537524,-87.78159351,205,,false
16181230070000,724 S KENILWORTH AVE,41.87595442,-87.7969531,205,,false
16171200100000,724 S LOMBARD AVE,41.87542684,-87.77913753,205,,false
16181180070000,724 S MAPLE AVE,41.87580982,-87.80338312,203,,false
16171160110000,724 S RIDGELAND AVE,41.87534154,-87.78404936,205,,false
16182210090000,724 S SCOVILLE AVE,41.87527368,-87.78768613,205,,false
16171210090000,724 S TAYLOR AVE,41.87542993,-87.77789729,205,,false
16182180090000,724 S WESLEY AVE,41.87522784,-87.79134836,203,,false
16181200080000,724 WENONAH AVE,41.87600139,-87.80069779,205,,false
16063080190000,725 BELLEFORTE AVE,41.89896698,-87.80272481,206,Frank Lloyd Wright,false
16181230180000,725 CARPENTER AVE,41.87590971,-87.79637403,205,,false
16181200210000,725 HOME AVE,41.87588715,-87.8000389,203,,false
16053080220000,725 N CUYLER AVE,41.89922168,-87.78374191,203,,false
16063120230000,725 N GROVE AVE,41.89901615,-87.79664858,206,Frank Lloyd Wright,false
16053110240000,725 N HAYES AVE,41.89926545,-87.77922916,203,,false
16053130220000,725 N HUMPHREY AVE,41.89933808,-87.77673433,205,,false
16063110200000,725 N KENILWORTH AVE,41.89901274,-87.79817468,205,Frank Lloyd Wright,false
16063070160000,725 N MARION ST,41.89891304,-87.80416441,206,Frank Lloyd Wright,false
16063130270000,725 N OAK PARK AVE,41.89901602,-87.7951681,206,Frank Lloyd Wright,false
16181210130000,725 S CLINTON AVE,41.87587324,-87.79902205,206,,false
16182190250000,725 S EAST AVE,41.87524614,-87.78945061,205,,false
16182220210000,725 S ELMWOOD AVE,41.87530848,-87.78582476,206,Gunderson ,false
16182160270000,725 S EUCLID AVE,41.8752207,-87.79316398,205,,false
16181240190000,725 S GROVE AVE,41.87595611,-87.79555879,205,,false
16171180290000,725 S HARVEY AVE,41.87540706,-87.78091905,205,,false
16171220260000,725 S HUMPHREY AVE,41.87545534,-87.7760416,205,,false
16181220180000,725 S KENILWORTH AVE,41.87594362,-87.79758764,205,,false
16182230220000,725 S RIDGELAND AVE,41.87532384,-87.78463301,205,Gunderson ,false
16182200230000,725 S SCOVILLE AVE,41.87523959,-87.78823548,205,,false
16171200260000,725 S TAYLOR AVE,41.87543218,-87.77846329,205,,false
16182170200000,725 S WESLEY AVE,41.87520107,-87.79191541,206,,false
16181190190000,725 WENONAH AVE,41.87585442,-87.80126463,206,,false
16181180160000,725 WISCONSIN AVE,41.8758195,-87.80253453,203,,false
16063100200000,725 WOODBINE AVE,41.89899979,-87.7996121,205,Frank Lloyd Wright,false
16064070090000,726 AUGUSTA ST,41.8983887,-87.79361518,206,Frank Lloyd Wright,false
16182190110000,726 CLARENCE AVE,41.87514478,-87.79012336,206,,false
16064110040000,726 FAIR OAKS AVE,41.8991499,-87.78789053,206,Frank Lloyd Wright,false
16063100060000,726 FOREST AVE,41.89896768,-87.80059891,204,Frank Lloyd Wright,false
16181210050000,726 HOME AVE,41.87582009,-87.79953834,202,,false
16064100040000,726 N EAST AVE,41.89916502,-87.78957132,206,Frank Lloyd Wright,false
16064120050000,726 N ELMWOOD AVE,41.8991719,-87.78628074,205,Frank Lloyd Wright,false
16063130080000,726 N GROVE AVE,41.89909778,-87.79602028,205,Frank Lloyd Wright,false
16053100070000,726 N HARVEY AVE,41.89926242,-87.78147073,202,,false
16053120090000,726 N HAYES AVE,41.89926471,-87.77863413,203,,false
16063120080000,726 N KENILWORTH AVE,41.89907751,-87.79750139,205,Frank Lloyd Wright,false
16053110070000,726 N LOMBARD AVE,41.8992895,-87.77991465,205,,false
16053080060000,726 N RIDGELAND AVE,41.89927129,-87.78471846,204,Frank Lloyd Wright,false
16053130070000,726 N TAYLOR AVE,41.89937408,-87.77743358,205,,false
16182170070000,726 S EUCLID AVE,41.87517051,-87.79255177,205,,false
16181250070000,726 S GROVE AVE,41.8751346,-87.79503561,205,,false
16171190110000,726 S HARVEY AVE,41.87536108,-87.78036185,205,,false
16171180130000,726 S HIGHLAND AVE,41.87529535,-87.7815942,205,,false
16171230100000,726 S HUMPHREY AVE,41.87540833,-87.77541452,205,,false
16181230080000,726 S KENILWORTH AVE,41.87585477,-87.79695394,206,,false
16171200110000,726 S LOMBARD AVE,41.87534934,-87.77911517,205,,false
16171220100000,726 S LYMAN AVE,41.87539237,-87.77665103,205,,false
16182160110000,726 S OAK PARK AVE,41.87510274,-87.79380917,204,,false
16171160120000,726 S RIDGELAND AVE,41.87527848,-87.78403851,203,,false
16171210100000,726 S TAYLOR AVE,41.87536062,-87.77788963,205,,false
16182180100000,726 S WESLEY AVE,41.87513954,-87.79133232,205,,false
16063110070000,726 WOODBINE AVE,41.89907251,-87.79894479,205,Frank Lloyd Wright,false
16182180270000,727 CLARENCE AVE,41.87518275,-87.79069586,205,,false
16064080120000,727 COLUMBIAN AVE,41.89911337,-87.79143883,205,Frank Lloyd Wright,false
16064100110000,727 FAIR OAKS AVE,41.89913461,-87.78862269,205,Frank Lloyd Wright,false
16063090170000,727 FOREST AVE,41.8989485,-87.80116395,205,Frank Lloyd Wright,false
16181200220000,727 HOME AVE,41.87579542,-87.80005332,202,,false
16064090140000,727 N EAST AVE,41.89910826,-87.79019868,205,Frank Lloyd Wright,false
16064110150000,727 N ELMWOOD AVE,41.8991743,-87.78697538,206,Frank Lloyd Wright,false
16053100230000,727 N LOMBARD AVE,41.8992228,-87.78044748,203,,false
16064120170000,727 N RIDGELAND AVE,41.89921245,-87.7854045,205,Frank Lloyd Wright,false
16053120250000,727 N TAYLOR AVE,41.89931934,-87.77798124,205,,false
16171160410000,727 S CUYLER AVE,41.87530238,-87.78339885,204,,false
16182190260000,727 S EAST AVE,41.87515295,-87.78944502,205,,false
16182160280000,727 S EUCLID AVE,41.8751114,-87.79314812,205,,false
16181240200000,727 S GROVE AVE,41.87587122,-87.79556939,205,,false
16182210250000,727 S GUNDERSON AVE,41.87523265,-87.78700223,205,,false
16171210270000,727 S LYMAN AVE,41.87542916,-87.7772449,205,,false
16171200270000,727 S TAYLOR AVE,41.87535768,-87.77846778,205,,false
16181190200000,727 WENONAH AVE,41.87577278,-87.80125574,205,,false
16181240090000,728 CARPENTER AVE,41.8758314,-87.79594624,205,,false
16182190120000,728 CLARENCE AVE,41.87506056,-87.79012786,205,,false
16064090040000,728 COLUMBIAN AVE,41.89921926,-87.79083419,206,Frank Lloyd Wright,false
16064120040000,728 N ELMWOOD AVE,41.89930667,-87.78627236,206,Frank Lloyd Wright,false
16063130070000,728 N GROVE AVE,41.89920142,-87.79600899,206,Frank Lloyd Wright,false
16053100060000,728 N HARVEY AVE,41.8993488,-87.78146072,203,,false
16053120080000,728 N HAYES AVE,41.89935718,-87.77863333,203,,false
16053110060000,728 N LOMBARD AVE,41.89939993,-87.7798711,205,,false
16053080050000,728 N RIDGELAND AVE,41.89938539,-87.78471748,203,Frank Lloyd Wright,false
16181220100000,728 S CLINTON AVE,41.87574323,-87.7984095,206,,false
16171170050000,728 S CUYLER AVE,41.87520467,-87.78278609,205,,false
16182200090000,728 S EAST AVE,41.87511251,-87.78889477,205,,false
16182230090000,728 S ELMWOOD AVE,41.87518834,-87.78526813,205,Gunderson ,false
16182170080000,728 S EUCLID AVE,41.8750444,-87.79255283,206,,false
16182220090000,728 S GUNDERSON AVE,41.87517426,-87.78645654,205,Gunderson ,false
16171190120000,728 S HARVEY AVE,41.87526853,-87.78036265,205,,false
16171230110000,728 S HUMPHREY AVE,41.87531088,-87.77541537,205,,false
16171200120000,728 S LOMBARD AVE,41.8752749,-87.77913117,205,,false
16171220110000,728 S LYMAN AVE,41.87529492,-87.77665188,205,,false
16181180080000,728 S MAPLE AVE,41.87567378,-87.80337514,203,,false
16171160130000,728 S RIDGELAND AVE,41.87518229,-87.78400966,204,,false
16182210100000,728 S SCOVILLE AVE,41.87512716,-87.78767093,206,,false
16171210110000,728 S TAYLOR AVE,41.87528787,-87.77785572,206,,false
16181200090000,728 WENONAH AVE,41.87586559,-87.80070416,205,,false
16181190270000,728 WISCONSIN AVE,41.87579277,-87.80190176,207,,false
16181230190000,729 CARPENTER AVE,41.87577522,-87.79638654,205,,false
16182180280000,729 CLARENCE AVE,41.87508609,-87.79069667,205,,false
16053080210000,729 N CUYLER AVE,41.89931157,-87.78374114,202,,false
16064110140000,729 N ELMWOOD AVE,41.89930386,-87.78696849,206,Frank Lloyd Wright,false
16063120220000,729 N GROVE AVE,41.89915095,-87.79664745,205,Frank Lloyd Wright,false
16053110230000,729 N HAYES AVE,41.89935882,-87.77923299,203,,false
16053130210000,729 N HUMPHREY AVE,41.89943274,-87.77674225,203,,false
16063110190000,729 N KENILWORTH AVE,41.89910981,-87.79814039,205,Frank Lloyd Wright,false
16053100220000,729 N LOMBARD AVE,41.89935418,-87.78044634,204,,false
16063130250000,729 N OAK PARK AVE,41.89918975,-87.79517706,206,Frank Lloyd Wright,false
16064120160000,729 N RIDGELAND AVE,41.89932306,-87.78539892,205,Frank Lloyd Wright,false
16171160310000,729 S CUYLER AVE,41.87522307,-87.78337015,205,,false
16182220220000,729 S ELMWOOD AVE,41.87518309,-87.78582463,206,Gunderson ,false
16182210260000,729 S GUNDERSON AVE,41.87514495,-87.78698469,205,,false
16171180300000,729 S HARVEY AVE,41.87530228,-87.78087533,205,,false
16171220270000,729 S HUMPHREY AVE,41.87535493,-87.77602328,205,,false
16181220190000,729 S KENILWORTH AVE,41.87578505,-87.79760396,206,,false
16171190270000,729 S LOMBARD AVE,41.87538089,-87.77971357,205,,false
16171210280000,729 S LYMAN AVE,41.87532601,-87.77725347,205,,false
16181250210000,729 S OAK PARK AVE,41.87500973,-87.79437958,205,,false
16182230230000,729 S RIDGELAND AVE,41.87521454,-87.78463934,205,Gunderson ,false
16171200280000,729 S TAYLOR AVE,41.8752886,-87.77840697,205,,false
16182170210000,729 S WESLEY AVE,41.87509185,-87.79191633,205,,false
16181190210000,729 WENONAH AVE,41.87569118,-87.80125642,204,,false
16181180170000,729 WISCONSIN AVE,41.87570396,-87.80254914,205,,false
16064070330000,730 AUGUSTA ST,41.89836887,-87.79380984,203,Frank Lloyd Wright,false
16063090040000,730 BELLEFORTE AVE,41.89905047,-87.80216853,205,Frank Lloyd Wright,false
16064110030000,730 FAIR OAKS AVE,41.8992796,-87.78791257,206,Frank Lloyd Wright,false
16063100050000,730 FOREST AVE,41.89913392,-87.80067887,204,Frank Lloyd Wright,false
16053090210000,730 N CUYLER AVE,41.89935328,-87.78311439,203,,false
16064100030000,730 N EAST AVE,41.89932482,-87.78956418,206,Frank Lloyd Wright,false
16063130050000,730 N GROVE AVE,41.89930766,-87.79599768,206,Frank Lloyd Wright,false
16053100050000,730 N HARVEY AVE,41.89943191,-87.78148778,203,,false
16053120070000,730 N HAYES AVE,41.89944975,-87.77865388,203,,false
16053140060000,730 N HUMPHREY AVE,41.89947906,-87.77620227,202,,false
16063120070000,730 N KENILWORTH AVE,41.89922528,-87.79750016,206,Frank Lloyd Wright,false
16064080030000,730 N LINDEN AVE,41.89924294,-87.79203168,206,Frank Lloyd Wright,false
16063080040000,730 N MARION ST,41.8990686,-87.80357078,203,Frank Lloyd Wright,false
16064070040000,730 N OAK PARK AVE,41.89914478,-87.79443221,206,Frank Lloyd Wright,false
16053130060000,730 N TAYLOR AVE,41.89946655,-87.77743277,203,,false
16171170060000,730 S CUYLER AVE,41.87511212,-87.78278689,203,,false
16181250080000,730 S GROVE AVE,41.87500904,-87.79502168,203,,false
16171190130000,730 S HARVEY AVE,41.87518082,-87.78035669,205,,false
16171180140000,730 S HIGHLAND AVE,41.87521373,-87.78159511,205,,false
16181230090000,730 S KENILWORTH AVE,41.87575142,-87.7969548,205,,false
16171200130000,730 S LOMBARD AVE,41.87520313,-87.77910876,205,,false
16182160120000,730 S OAK PARK AVE,41.8750105,-87.79380995,205,,false
16171210120000,730 S TAYLOR AVE,41.87520913,-87.77787618,205,,false
16182180110000,730 S WESLEY AVE,41.87505543,-87.79133303,205,,false
16072000380000,730 SUPERIOR ST,41.89310908,-87.79417669,207,Frank Lloyd Wright,false
16181200100000,730 WENONAH AVE,41.87573302,-87.80070981,205,,false
16181190280000,730 WISCONSIN AVE,41.87569078,-87.80190261,206,,false
16063110060000,730 WOODBINE AVE,41.89919738,-87.79894375,205,Frank Lloyd Wright,false
16063080180000,731 BELLEFORTE AVE,41.89908296,-87.80272982,205,Frank Lloyd Wright,false
16182180290000,731 CLARENCE AVE,41.87502734,-87.79072535,206,,false
16064080110000,731 COLUMBIAN AVE,41.89925589,-87.79143184,206,Frank Lloyd Wright,false
16064100100000,731 FAIR OAKS AVE,41.89933768,-87.78863254,206,Frank Lloyd Wright,false
16063090160000,731 FOREST AVE,41.89909176,-87.80117149,206,Frank Lloyd Wright,false
16181200230000,731 HOME AVE,41.87567303,-87.80005434,205,,false
16053080200000,731 N CUYLER AVE,41.89940837,-87.78374031,206,,false
16064090130000,731 N EAST AVE,41.89924217,-87.79019755,206,Frank Lloyd Wright,false
16063120210000,731 N GROVE AVE,41.89926746,-87.79661523,205,Frank Lloyd Wright,false
16053110220000,731 N HAYES AVE,41.89944867,-87.77922295,205,,false
16053130200000,731 N HUMPHREY AVE,41.89952409,-87.77674146,202,,false
16064070430000,731 N LINDEN AVE,41.89922464,-87.7926698,209,Frank Lloyd Wright,false
16063070520000,731 N MARION ST,41.89904906,-87.80434225,278,Frank Lloyd Wright,false
16053120240000,731 N TAYLOR AVE,41.89945326,-87.77798008,203,,false
16171160320000,731 S CUYLER AVE,41.87515163,-87.78337076,205,,false
16182190270000,731 S EAST AVE,41.87506363,-87.78945948,205,,false
16182160290000,731 S EUCLID AVE,41.8750189,-87.79315999,203,,false
16181240210000,731 S GROVE AVE,41.87578262,-87.79555515,205,,false
16182210270000,731 S GUNDERSON AVE,41.87508612,-87.78699628,205,,false
16171180380000,731 S HARVEY AVE,41.8752016,-87.78091764,205,,false
16171220280000,731 S HUMPHREY AVE,41.8752489,-87.77602804,205,,false
16181260040000,731 S MAPLE AVE,41.87559616,-87.80400851,205,,false
16182200240000,731 S SCOVILLE AVE,41.87513236,-87.78826576,205,,false
16171200290000,731 S TAYLOR AVE,41.87520564,-87.77844223,206,,false
16182170220000,731 S WESLEY AVE,41.87499101,-87.79192858,205,,false
16063100180000,731 WOODBINE AVE,41.89918188,-87.79963688,206,Frank Lloyd Wright,false
16064070320000,732 AUGUSTA ST,41.89836628,-87.7939951,203,Frank Lloyd Wright,false
16182190130000,732 CLARENCE AVE,41.87497646,-87.79012857,205,,false
16064090030000,732 COLUMBIAN AVE,41.89936183,-87.79083877,206,Frank Lloyd Wright,false
16053090200000,732 N CUYLER AVE,41.89946387,-87.78310418,203,,false
16053120060000,732 N HAYES AVE,41.89952946,-87.77865319,203,,false
16063120060000,732 N KENILWORTH AVE,41.89931601,-87.7974994,206,Frank Lloyd Wright,false
16053110050000,732 N LOMBARD AVE,41.89950365,-87.7798702,205,,false
16053080040000,732 N RIDGELAND AVE,41.89946145,-87.78471683,204,Frank Lloyd Wright,false
16171170070000,732 S CUYLER AVE,41.87504912,-87.78278743,205,,false
16182200100000,732 S EAST AVE,41.87496543,-87.78890164,203,,false
16182230100000,732 S ELMWOOD AVE,41.87505799,-87.78526385,206,Gunderson ,false
16182170090000,732 S EUCLID AVE,41.87490584,-87.79257648,206,,false
16182220100000,732 S GUNDERSON AVE,41.87504951,-87.78639956,206,Gunderson ,false
16171180150000,732 S HIGHLAND AVE,41.87511779,-87.78159863,205,,false
16171230120000,732 S HUMPHREY AVE,41.87521918,-87.77542,205,,false
16181230100000,732 S KENILWORTH AVE,41.87563344,-87.79695579,205,,false
16171220120000,732 S LYMAN AVE,41.87520019,-87.776622,205,,false
16181180090000,732 S MAPLE AVE,41.87552077,-87.80337186,203,,false
16182160130000,732 S OAK PARK AVE,41.8749219,-87.793796,204,,false
16171160140000,732 S RIDGELAND AVE,41.87508141,-87.78401052,203,,false
16171210130000,732 S TAYLOR AVE,41.87511451,-87.77786932,204,,false
16182180120000,732 S WESLEY AVE,41.87495877,-87.79133385,205,,false
16181200110000,732 WENONAH AVE,41.87564463,-87.80071055,205,,false
16181230200000,733 CARPENTER AVE,41.875625,-87.79637344,204,,false
16064110130000,733 N ELMWOOD AVE,41.89944649,-87.78698463,205,Frank Lloyd Wright,false
16053110210000,733 N HAYES AVE,41.89953165,-87.77922223,204,,false
16053100210000,733 N LOMBARD AVE,41.89945101,-87.78045013,203,,false
16064120150000,733 N RIDGELAND AVE,41.8994156,-87.78539813,205,Frank Lloyd Wright,false
16181210140000,733 S CLINTON AVE,41.87558768,-87.79902898,205,,false
16171160330000,733 S CUYLER AVE,41.87507602,-87.78338251,205,,false
16182220230000,733 S ELMWOOD AVE,41.87505271,-87.78581435,205,Gunderson ,false
16182160300000,733 S EUCLID AVE,41.87490538,-87.79314416,205,,false
16181240220000,733 S GROVE AVE,41.87567571,-87.79556594,205,,false
16171180390000,733 S HARVEY AVE,41.87510054,-87.78088277,205,,false
16171170200000,733 S HIGHLAND AVE,41.87508206,-87.78211557,205,,false
16171190280000,733 S LOMBARD AVE,41.87526625,-87.77971456,203,,false
16171210290000,733 S LYMAN AVE,41.87523424,-87.77724275,205,,false
16181260050000,733 S MAPLE AVE,41.87549663,-87.80397021,203,,false
16181250220000,733 S OAK PARK AVE,41.87487413,-87.79438167,206,,false
16182230240000,733 S RIDGELAND AVE,41.87506385,-87.78462234,205,Gunderson ,false
16182200250000,733 S SCOVILLE AVE,41.87504822,-87.78824959,205,,false
16171200300000,733 S TAYLOR AVE,41.87510818,-87.77843923,205,,false
16181190220000,733 WENONAH AVE,41.87562319,-87.80125699,205,,false
16063100170000,733 WOODBINE AVE,41.89927653,-87.79965759,205,Frank Lloyd Wright,false
16063090030000,734 BELLEFORTE AVE,41.89924155,-87.80211675,205,Frank Lloyd Wright,false
16182190140000,734 CLARENCE AVE,41.87489232,-87.79010111,205,,false
16064110020000,734 FAIR OAKS AVE,41.89941783,-87.78791139,206,Frank Lloyd Wright,false
16063100040000,734 FOREST AVE,41.89925027,-87.80059481,205,Frank Lloyd Wright,false
16181210060000,734 HOME AVE,41.87560518,-87.79953859,205,,false
16053090190000,734 N CUYLER AVE,41.89956075,-87.78311723,205,,false
16064120030000,734 N ELMWOOD AVE,41.89943604,-87.78626404,205,Frank Lloyd Wright,false
16053100040000,734 N HARVEY AVE,41.89952187,-87.78150091,204,,false
16053140050000,734 N HUMPHREY AVE,41.89962596,-87.77621847,202,,false
16064080020000,734 N LINDEN AVE,41.89942004,-87.79203018,206,Frank Lloyd Wright,false
16053110040000,734 N LOMBARD AVE,41.89960737,-87.77986931,205,,false
16064070020000,734 N OAK PARK AVE,41.89925889,-87.79444167,206,Frank Lloyd Wright,false
16053130050000,734 N TAYLOR AVE,41.89961018,-87.77746143,205,,false
16181220110000,734 S CLINTON AVE,41.87560384,-87.79841066,205,,false
16171170080000,734 S CUYLER AVE,41.87495659,-87.78277113,205,,false
16182230110000,734 S ELMWOOD AVE,41.87494871,-87.78525339,205,Gunderson ,false
16181250090000,734 S GROVE AVE,41.87485784,-87.79502804,204,,false
16182220110000,734 S GUNDERSON AVE,41.87493615,-87.78641731,206,Gunderson ,false
16171190140000,734 S HARVEY AVE,41.8750773,-87.78038042,205,,false
16171180160000,734 S HIGHLAND AVE,41.87503866,-87.78161379,205,,false
16171230130000,734 S HUMPHREY AVE,41.87512746,-87.7754208,205,,false
16171220130000,734 S LYMAN AVE,41.87510274,-87.77662284,205,,false
16171160150000,734 S RIDGELAND AVE,41.87498474,-87.78401135,203,,false
16182210110000,734 S SCOVILLE AVE,41.87499691,-87.7876816,205,,false
16182180130000,734 S WESLEY AVE,41.87486627,-87.79132324,205,,false
16181200120000,734 WENONAH AVE,41.87555283,-87.80071131,205,,false
16063110050000,734 WOODBINE AVE,41.89932675,-87.79894864,205,Frank Lloyd Wright,false
16064130040000,735 AUGUSTA ST,41.89780204,-87.79397639,204,Frank Lloyd Wright,false
16063080170000,735 BELLEFORTE AVE,41.89923437,-87.80267834,205,Frank Lloyd Wright,false
16064080100000,735 COLUMBIAN AVE,41.89937252,-87.79143085,206,Frank Lloyd Wright,false
16063090150000,735 FOREST AVE,41.89923566,-87.80117412,206,Frank Lloyd Wright,false
16181200240000,735 HOME AVE,41.87557097,-87.80004153,205,,false
16053080190000,735 N CUYLER AVE,41.8995087,-87.78375333,205,,false
16064090120000,735 N EAST AVE,41.89938042,-87.79020217,206,Frank Lloyd Wright,false
16063120200000,735 N GROVE AVE,41.89937376,-87.79661781,205,Frank Lloyd Wright,false
16053130190000,735 N HUMPHREY AVE,41.89961224,-87.7767538,203,,false
16064070170000,735 N LINDEN AVE,41.89939806,-87.79266844,205,Frank Lloyd Wright,false
16053100200000,735 N LOMBARD AVE,41.89954097,-87.78046325,203,,false
16063070530000,735 N MARION ST,41.89918758,-87.80419942,206,Frank Lloyd Wright,false
16064120140000,735 N RIDGELAND AVE,41.8995195,-87.78543428,205,Frank Lloyd Wright,false
16053120230000,735 N TAYLOR AVE,41.89959043,-87.7779917,203,,false
16182190280000,735 S EAST AVE,41.87498063,-87.78944818,203,,false
16182220240000,735 S ELMWOOD AVE,41.87494479,-87.7858531,205,Gunderson ,false
16182210280000,735 S GUNDERSON AVE,41.87499895,-87.78698997,202,,false
16171180320000,735 S HARVEY AVE,41.87504065,-87.78088432,205,,false
16171220290000,735 S HUMPHREY AVE,41.87513706,-87.7760175,205,,false
16181220200000,735 S KENILWORTH AVE,41.87563739,-87.79757551,206,,false
16171190290000,735 S LOMBARD AVE,41.87515733,-87.7797155,203,,false
16171210300000,735 S LYMAN AVE,41.87512819,-87.77724367,205,,false
16182230250000,735 S RIDGELAND AVE,41.87494618,-87.78462335,205,Gunderson ,false
16182200260000,735 S SCOVILLE AVE,41.87495996,-87.78825034,203,,false
16182170230000,735 S WESLEY AVE,41.87487757,-87.79192953,205,,false
16181190230000,735 WENONAH AVE,41.87553135,-87.80124865,203,,false
16181180180000,735 WISCONSIN AVE,41.87555097,-87.8025504,206,,false
16182190150000,736 CLARENCE AVE,41.87481371,-87.79009841,202,,false
16064100020000,736 N EAST AVE,41.89946742,-87.78957454,206,Frank Lloyd Wright,false
16064120020000,736 N ELMWOOD AVE,41.89955463,-87.7862558,205,Frank Lloyd Wright,false
16053100030000,736 N HARVEY AVE,41.89962196,-87.781463,203,,false
16053120050000,736 N HAYES AVE,41.89961876,-87.77865669,203,,false
16053140040000,736 N HUMPHREY AVE,41.89970095,-87.77620908,203,,false
16063120050000,736 N KENILWORTH AVE,41.89944014,-87.79749358,205,Frank Lloyd Wright,false
16053080030000,736 N RIDGELAND AVE,41.89956517,-87.78471594,204,Frank Lloyd Wright,false
16053130040000,736 N TAYLOR AVE,41.8996965,-87.77742669,203,,false
16182200110000,736 S EAST AVE,41.87487368,-87.78891303,205,,false
16171190150000,736 S HARVEY AVE,41.87497395,-87.78036538,205,,false
16171230140000,736 S HUMPHREY AVE,41.87503859,-87.77541774,205,,false
16171200140000,736 S LOMBARD AVE,41.87509708,-87.77910968,205,,false
16171220140000,736 S LYMAN AVE,41.87501962,-87.77662356,205,,false
16182210120000,736 S SCOVILLE AVE,41.87490199,-87.78767483,205,,false
16171210140000,736 S TAYLOR AVE,41.87501992,-87.77787014,205,,false
16053110200000,737 N HAYES AVE,41.8996216,-87.77923535,203,,false
16053130180000,737 N HUMPHREY AVE,41.89971185,-87.77676445,203,,false
16063110170000,737 N KENILWORTH AVE,41.89941306,-87.79813188,205,Frank Lloyd Wright,false
16053100190000,737 N LOMBARD AVE,41.89963436,-87.78047171,203,,false
16063130220000,737 N OAK PARK AVE,41.89944106,-87.79514501,206,Frank Lloyd Wright,false
16053120220000,737 N TAYLOR AVE,41.89970481,-87.77800196,205,,false
16171160340000,737 S CUYLER AVE,41.87499191,-87.78336074,202,,false
16182190300000,737 S EAST AVE,41.8748282,-87.78945783,203,,false
16182160310000,737 S EUCLID AVE,41.87479191,-87.79313942,205,,false
16182210290000,737 S GUNDERSON AVE,41.8749179,-87.78699636,202,,false
16171180330000,737 S HARVEY AVE,41.8749692,-87.78088494,205,,false
16171170210000,737 S HIGHLAND AVE,41.87496018,-87.78211662,205,,false
16171220300000,737 S HUMPHREY AVE,41.8750395,-87.77599532,205,,false
16171210310000,737 S LYMAN AVE,41.87500365,-87.77726134,205,,false
16181260060000,737 S MAPLE AVE,41.87539434,-87.80396323,203,,false
16182200270000,737 S SCOVILLE AVE,41.87488178,-87.78822953,202,,false
16171200310000,737 S TAYLOR AVE,41.87501071,-87.77843624,205,,false
16182170240000,737 S WESLEY AVE,41.87476397,-87.7919191,205,,false
16063100150000,737 WOODBINE AVE,41.89945052,-87.79966809,205,Frank Lloyd Wright,false
16063090020000,738 BELLEFORTE AVE,41.89935308,-87.80212181,206,Frank Lloyd Wright,false
16182190160000,738 CLARENCE AVE,41.87472539,-87.79009916,202,,false
16064090020000,738 COLUMBIAN AVE,41.89950438,-87.79083757,205,Frank Lloyd Wright,false
16063100030000,738 FOREST AVE,41.89939602,-87.80059011,205,Frank Lloyd Wright,false
16053100020000,738 N HARVEY AVE,41.89971187,-87.78146686,204,,false
16053120040000,738 N HAYES AVE,41.89970449,-87.7786741,202,,false
16053110350000,738 N LOMBARD AVE,41.89969925,-87.77988242,205,,false
16063080020000,738 N MARION ST,41.89937072,-87.80354916,206,Frank Lloyd Wright,false
16064070390000,738 N OAK PARK AVE,41.89938593,-87.79444407,278,Frank Lloyd Wright,false
16053080020000,738 N RIDGELAND AVE,41.89965852,-87.78471514,203,Frank Lloyd Wright,false
16171170090000,738 S CUYLER AVE,41.87487668,-87.78276612,203,,false
16182200120000,738 S EAST AVE,41.8747769,-87.78889134,202,,false
16182230120000,738 S ELMWOOD AVE,41.87483094,-87.7852544,206,Gunderson ,false
16182220120000,738 S GUNDERSON AVE,41.87483153,-87.78652019,205,Gunderson ,false
16171180180000,738 S HIGHLAND AVE,41.87489753,-87.78159264,205,,false
16171200150000,738 S LOMBARD AVE,41.8749968,-87.77911822,205,,false
16182160150000,738 S OAK PARK AVE,41.87468938,-87.79380455,205,,false
16171160160000,738 S RIDGELAND AVE,41.87490074,-87.78401207,203,,false
16182210130000,738 S SCOVILLE AVE,41.87480118,-87.78768993,203,,false
16171210150000,738 S TAYLOR AVE,41.8749081,-87.77786343,202,,false
16182180140000,738 S WESLEY AVE,41.87476538,-87.79132409,205,,false
16063110040000,738 WOODBINE AVE,41.89945163,-87.7989476,205,Frank Lloyd Wright,false
16063080160000,739 BELLEFORTE AVE,41.89939307,-87.80266506,204,Frank Lloyd Wright,false
16064080090000,739 COLUMBIAN AVE,41.8995324,-87.79144107,205,Frank Lloyd Wright,false
16063090140000,739 FOREST AVE,41.89938459,-87.80114289,205,Frank Lloyd Wright,false
16053080180000,739 N CUYLER AVE,41.89960555,-87.78376177,205,,false
16064090110000,739 N EAST AVE,41.89951862,-87.7901952,205,Frank Lloyd Wright,false
16064110120000,739 N ELMWOOD AVE,41.89958043,-87.78698927,205,Frank Lloyd Wright,false
16063120190000,739 N GROVE AVE,41.89951619,-87.79658537,206,Frank Lloyd Wright,false
16053090170000,739 N HARVEY AVE,41.89970814,-87.78212866,203,,false
16053110190000,739 N HAYES AVE,41.89972189,-87.77923911,203,,false
16064120130000,739 N RIDGELAND AVE,41.89962322,-87.7854334,205,Frank Lloyd Wright,false
16171160350000,739 S CUYLER AVE,41.87490358,-87.7833615,202,,false
16182220250000,739 S ELMWOOD AVE,41.87483431,-87.78584792,206,Gunderson ,false
16182160320000,739 S EUCLID AVE,41.87468693,-87.79316848,206,,false
16182210300000,739 S GUNDERSON AVE,41.87480146,-87.78700304,205,,false
16171180340000,739 S HARVEY AVE,41.87489776,-87.78088555,205,,false
16171170220000,739 S HIGHLAND AVE,41.87487183,-87.78211168,203,,false
16171190340000,739 S LOMBARD AVE,41.87502828,-87.77970126,206,,false
16182230260000,739 S RIDGELAND AVE,41.87485408,-87.78461231,205,Gunderson ,false
16182200280000,739 S SCOVILLE AVE,41.87479352,-87.78823028,205,,false
16171200320000,739 S TAYLOR AVE,41.87491315,-87.77841406,202,,false
16063100320000,740 FOREST AVE,41.89951194,-87.80059787,203,Frank Lloyd Wright,false
16064100010000,740 N EAST AVE,41.89964447,-87.78956147,206,Frank Lloyd Wright,false
16063130030000,740 N GROVE AVE,41.89954364,-87.79601307,205,Frank Lloyd Wright,false
16053120030000,740 N HAYES AVE,41.89980959,-87.77867319,204,,false
16053140030000,740 N HUMPHREY AVE,41.89981201,-87.77623433,205,,false
16063120300000,740 N KENILWORTH AVE,41.89957494,-87.79749245,206,Frank Lloyd Wright,false
16053130030000,740 N TAYLOR AVE,41.89979607,-87.77742583,203,,false
16171170100000,740 S CUYLER AVE,41.87479677,-87.78276141,205,,false
16182200130000,740 S EAST AVE,41.8747017,-87.78886966,204,,false
16181250110000,740 S GROVE AVE,41.87459599,-87.79501039,202,,false
16171190160000,740 S HARVEY AVE,41.87486999,-87.78035671,205,,false
16171180190000,740 S HIGHLAND AVE,41.87483028,-87.78158752,203,,false
16171230150000,740 S HUMPHREY AVE,41.87493303,-87.77541794,205,,false
16171200160000,740 S LOMBARD AVE,41.8748734,-87.77908598,206,,false
16171220150000,740 S LYMAN AVE,41.87492219,-87.77662825,205,,false
16182160160000,740 S OAK PARK AVE,41.87463115,-87.79381623,205,,false
16171160170000,740 S RIDGELAND AVE,41.87480408,-87.7840129,204,,false
16182180150000,740 S WESLEY AVE,41.87466035,-87.79134024,205,,false
16063110020000,740 WOODBINE AVE,41.89956319,-87.79895862,205,Frank Lloyd Wright,false
16064100090000,741 FAIR OAKS AVE,41.8996583,-87.78867533,206,Frank Lloyd Wright,false
16063090130000,741 FOREST AVE,41.89948619,-87.80115077,203,Frank Lloyd Wright,false
16053080170000,741 N CUYLER AVE,41.89969542,-87.78375637,205,,false
16053110180000,741 N HAYES AVE,41.89980495,-87.77925692,203,,false
16053130170000,741 N HUMPHREY AVE,41.89980036,-87.77676368,203,,false
16063110160000,741 N KENILWORTH AVE,41.89955592,-87.79816056,205,Frank Lloyd Wright,false
16064070160000,741 N LINDEN AVE,41.89956191,-87.79272599,206,Frank Lloyd Wright,false
16053100180000,741 N LOMBARD AVE,41.89974285,-87.78048655,205,,false
16063070490000,741 N MARION ST,41.89943926,-87.80417821,295,Frank Lloyd Wright,false
16063130210000,741 N OAK PARK AVE,41.89958649,-87.79519934,205,Frank Lloyd Wright,false
16053120210000,741 N TAYLOR AVE,41.89980439,-87.77800109,205,,false
16171160360000,741 S CUYLER AVE,41.87481114,-87.78336229,202,,false
16182160330000,741 S EUCLID AVE,41.87465492,-87.79307575,206,,false
16171180350000,741 S HARVEY AVE,41.8748221,-87.78088769,205,,false
16171220310000,741 S HUMPHREY AVE,41.87493062,-87.77600394,206,,false
16171190350000,741 S LOMBARD AVE,41.87494229,-87.77970201,207,,false
16171210320000,741 S LYMAN AVE,41.87487885,-87.77724967,205,,false
16181260070000,741 S MAPLE AVE,41.87530955,-87.80395219,206,,false
16182200290000,741 S SCOVILLE AVE,41.8746927,-87.78824239,205,,false
16182170250000,741 S WESLEY AVE,41.87465901,-87.79190085,205,,false
16063100140000,741 WOODBINE AVE,41.89955759,-87.79967317,205,Frank Lloyd Wright,false
16182190170000,742 CLARENCE AVE,41.87464046,-87.79010325,203,,false
16064090010000,742 COLUMBIAN AVE,41.89965981,-87.79081889,206,Frank Lloyd Wright,false
16063130020000,742 N GROVE AVE,41.89963695,-87.79600881,205,Frank Lloyd Wright,false
16053100010000,742 N HARVEY AVE,41.89980079,-87.78143929,203,,false
16053140020000,742 N HUMPHREY AVE,41.89990988,-87.77623348,202,,false
16063120020000,742 N KENILWORTH AVE,41.89966915,-87.79748734,203,Frank Lloyd Wright,false
16064080010000,742 N LINDEN AVE,41.89962736,-87.79202264,206,Frank Lloyd Wright,false
16053110340000,742 N LOMBARD AVE,41.89984315,-87.77989599,205,,false
16064070410000,742 N OAK PARK AVE,41.89960109,-87.79444226,206,Frank Lloyd Wright,false
16053080010000,742 N RIDGELAND AVE,41.89975878,-87.78471428,203,Frank Lloyd Wright,false
16053130020000,742 N TAYLOR AVE,41.89990125,-87.77743973,203,,false
16171170250000,742 S CUYLER AVE,41.87470011,-87.78276224,203,,false
16182230130000,742 S ELMWOOD AVE,41.87469228,-87.78525559,205,Gunderson ,false
16182170110000,742 S EUCLID AVE,41.87464107,-87.79255385,205,,false
16181250120000,742 S GROVE AVE,41.87450772,-87.79501114,205,,false
16182220130000,742 S GUNDERSON AVE,41.87471519,-87.78652756,205,Gunderson ,false
16171190170000,742 S HARVEY AVE,41.87477758,-87.7803632,205,,false
16171180200000,742 S HIGHLAND AVE,41.87472649,-87.78157931,203,,false
16171230160000,742 S HUMPHREY AVE,41.87483604,-87.77541494,203,,false
16171200170000,742 S LOMBARD AVE,41.87478739,-87.77908289,203,,false
16171220160000,742 S LYMAN AVE,41.87481606,-87.77661382,205,,false
16182160170000,742 S OAK PARK AVE,41.87454699,-87.79379442,205,,false
16171160180000,742 S RIDGELAND AVE,41.87470311,-87.78399698,203,,false
16182210140000,742 S SCOVILLE AVE,41.87472971,-87.78768491,202,,false
16171210170000,742 S TAYLOR AVE,41.87480213,-87.7778797,205,,false
16182180160000,742 S WESLEY AVE,41.87459743,-87.7913217,205,,false
16063110010000,742 WOODBINE AVE,41.8996792,-87.7989696,205,Frank Lloyd Wright,false
16063080150000,743 BELLEFORTE AVE,41.8994956,-87.80265226,203,Frank Lloyd Wright,false
16064080080000,743 COLUMBIAN AVE,41.89962306,-87.79142873,205,Frank Lloyd Wright,false
16064090100000,743 N EAST AVE,41.89966984,-87.79019971,206,Frank Lloyd Wright,false
16064110110000,743 N ELMWOOD AVE,41.89971004,-87.78699395,205,Frank Lloyd Wright,false
16053090090000,743 N HARVEY AVE,41.89978751,-87.78212899,203,,false
16053130160000,743 N HUMPHREY AVE,41.89988894,-87.77677774,202,,false
16063070500000,743 N MARION ST,41.89950109,-87.80414838,295,Frank Lloyd Wright,false
16053120200000,743 N TAYLOR AVE,41.89991513,-87.77802236,205,,false
16171160370000,743 S CUYLER AVE,41.87473126,-87.78336298,205,,false
16182190320000,743 S EAST AVE,41.87463094,-87.78940004,205,,false
16182220260000,743 S ELMWOOD AVE,41.87469557,-87.7858548,205,Gunderson ,false
16182160340000,743 S EUCLID AVE,41.87457355,-87.79315024,204,,false
16171180360000,743 S HARVEY AVE,41.87473141,-87.7808702,205,,false
16171170230000,743 S HIGHLAND AVE,41.87477094,-87.78211255,278,,false
16171190310000,743 S LOMBARD AVE,41.87485618,-87.77967589,205,,false
16182230270000,743 S RIDGELAND AVE,41.87471953,-87.78459097,205,Gunderson ,false
16171200330000,743 S TAYLOR AVE,41.87480137,-87.77841502,205,,false
16182170260000,743 S WESLEY AVE,41.87456662,-87.79191852,205,,false
16182190180000,744 CLARENCE AVE,41.87453645,-87.79009851,203,,false
16053090020000,744 N CUYLER AVE,41.8996472,-87.78312112,205,,false
16063130010000,744 N GROVE AVE,41.8997251,-87.79601154,205,Frank Lloyd Wright,false
16053120020000,744 N HAYES AVE,41.89990349,-87.77864274,206,,false
16063120010000,744 N KENILWORTH AVE,41.89970833,-87.79748302,203,Frank Lloyd Wright,false
16182200140000,744 S EAST AVE,41.87460924,-87.78887045,204,,false
16182170120000,744 S EUCLID AVE,41.87454022,-87.79256033,205,,false
16171200180000,744 S LOMBARD AVE,41.87466981,-87.77906855,203,,false
16182210150000,744 S SCOVILLE AVE,41.8746204,-87.78768021,205,,false
16171210180000,744 S TAYLOR AVE,41.87469889,-87.77786908,205,,false
16063090110000,745 FOREST AVE,41.89963326,-87.80113734,203,Frank Lloyd Wright,false
16053080160000,745 N CUYLER AVE,41.89977844,-87.78376492,203,,false
16063120170000,745 N GROVE AVE,41.89972879,-87.79659053,202,Frank Lloyd Wright,false
16053110170000,745 N HAYES AVE,41.89990176,-87.77925609,205,,false
16063110150000,745 N KENILWORTH AVE,41.8996808,-87.79815952,206,Frank Lloyd Wright,false
16063070510000,745 N MARION ST,41.89958515,-87.80417109,205,Frank Lloyd Wright,false
16063130190000,745 N OAK PARK AVE,41.89973165,-87.79519465,205,Frank Lloyd Wright,false
16064120120000,745 N RIDGELAND AVE,41.89973731,-87.78543242,205,Frank Lloyd Wright,false
16182190330000,745 S EAST AVE,41.87453876,-87.78946198,204,,false
16171220330000,745 S HUMPHREY AVE,41.87481305,-87.77599345,205,,false
16171190320000,745 S LOMBARD AVE,41.87476727,-87.77966514,205,,false
16171210330000,745 S LYMAN AVE,41.8747977,-87.77725681,205,,false
16171200340000,745 S TAYLOR AVE,41.87468959,-87.77841599,205,,false
16063100130000,745 WOODBINE AVE,41.899669,-87.79965432,205,Frank Lloyd Wright,false
16063100310000,746 FOREST AVE,41.8996435,-87.80060898,205,Frank Lloyd Wright,false
16053090010000,746 N CUYLER AVE,41.8997267,-87.78311581,205,,false
16053120010000,746 N HAYES AVE,41.90000311,-87.77864928,203,,false
16053140010000,746 N HUMPHREY AVE,41.90002738,-87.7762412,203,,false
16053110010000,746 N LOMBARD AVE,41.89997039,-87.77989489,205,,false
16063080260000,746 N MARION ST,41.89959211,-87.80340385,203,Frank Lloyd Wright,false
16053130010000,746 N TAYLOR AVE,41.90001189,-87.77743877,203,,false
16182200150000,746 S EAST AVE,41.87451677,-87.78887123,204,,false
16182230140000,746 S ELMWOOD AVE,41.87459139,-87.78525645,205,Gunderson ,false
16182170130000,746 S EUCLID AVE,41.87446037,-87.792561,205,,false
16182220140000,746 S GUNDERSON AVE,41.87460161,-87.78652313,205,Gunderson ,false
16171190180000,746 S HARVEY AVE,41.87466354,-87.78026287,205,,false
16171180210000,746 S HIGHLAND AVE,41.87463817,-87.78158007,206,,false
16171230170000,746 S HUMPHREY AVE,41.87473559,-87.7753883,204,,false
16171220170000,746 S LYMAN AVE,41.87472146,-87.7766108,204,,false
16171160190000,746 S RIDGELAND AVE,41.87460647,-87.7840035,204,,false
16182210160000,746 S SCOVILLE AVE,41.87454054,-87.78768089,205,,false
16063080140000,747 BELLEFORTE AVE,41.89960264,-87.80265138,205,Frank Lloyd Wright,false
16053110160000,747 N HAYES AVE,41.89998811,-87.77923681,203,,false
16053130150000,747 N HUMPHREY AVE,41.89999405,-87.77677683,203,,false
16053120190000,747 N TAYLOR AVE,41.90001457,-87.77799186,203,,false
16171160380000,747 S CUYLER AVE,41.87465164,-87.78339753,205,,false
16182220270000,747 S ELMWOOD AVE,41.87458632,-87.78585003,205,Gunderson ,false
16171180370000,747 S HARVEY AVE,41.87466002,-87.7808819,205,,false
16171170240000,747 S HIGHLAND AVE,41.87463663,-87.78214188,203,,false
16171220340000,747 S HUMPHREY AVE,41.87470429,-87.7760251,203,,false
16171190330000,747 S LOMBARD AVE,41.874659,-87.77969873,203,,false
16171210340000,747 S LYMAN AVE,41.87470402,-87.77725118,205,,false
16182230280000,747 S RIDGELAND AVE,41.87461047,-87.78464826,205,Gunderson ,false
16182200300000,747 S SCOVILLE AVE,41.87456134,-87.78825457,204,,false
16181250130000,748 S GROVE AVE,41.87440682,-87.79500636,203,,false
16051270450000,8 DIVISION ST,41.90218406,-87.77553212,295,,false
16071150210000,8 ELIZABETH CT,41.89164214,-87.79875172,206,Frank Lloyd Wright,false
16051060300000,8 LE MOYNE PKWY,41.9077463,-87.77602909,206,,false
16063020140000,800 BELLEFORTE AVE,41.89990257,-87.80212801,206,Frank Lloyd Wright,false
16181330010000,800 CARPENTER AVE,41.87534608,-87.79590602,205,,false
16064030130000,800 COLUMBIAN AVE,41.89997268,-87.79083317,206,Frank Lloyd Wright,false
16064050130000,800 FAIR OAKS AVE,41.90002525,-87.78791587,205,Frank Lloyd Wright,false
16063030130000,800 FOREST AVE,41.89990127,-87.80062844,205,Frank Lloyd Wright,false
16053030180000,800 MAPLETON AVE,41.90007615,-87.78109687,205,,false
16053010140000,800 N CUYLER AVE,41.90008546,-87.78352455,205,,false
16064040130000,800 N EAST AVE,41.8999945,-87.7895977,205,Frank Lloyd Wright,false
16064060130000,800 N ELMWOOD AVE,41.90005078,-87.78628103,205,Frank Lloyd Wright,false
16064010130000,800 N EUCLID AVE,41.89991777,-87.79326622,206,Frank Lloyd Wright,false
16063060130000,800 N GROVE AVE,41.90002481,-87.79603661,206,Frank Lloyd Wright,false
16053050060000,800 N HAYES AVE,41.90025571,-87.77872843,205,,false
16053070170000,800 N HUMPHREY AVE,41.90030922,-87.77626819,203,,false
16063050130000,800 N KENILWORTH AVE,41.9000039,-87.79748218,206,Frank Lloyd Wright,false
16064020130000,800 N LINDEN AVE,41.89992874,-87.79207099,205,Frank Lloyd Wright,false
16053040150000,800 N LOMBARD AVE,41.90025865,-87.77985387,204,,false
16064000140000,800 N OAK PARK AVE,41.89991255,-87.79451112,205,Frank Lloyd Wright,false
16053000200000,800 N RIDGELAND AVE,41.90002877,-87.78478364,203,Frank Lloyd Wright,false
16053060180000,800 N TAYLOR AVE,41.90027955,-87.77747061,202,,false
16181310010000,800 S CLINTON AVE,41.87530023,-87.79839135,205,,false
16171250010000,800 S CUYLER AVE,41.87433567,-87.78276849,203,,false
16182310010000,800 S ELMWOOD AVE,41.87431461,-87.78526747,206,Gunderson ,false
16181350010000,800 S GROVE AVE,41.87411315,-87.79500394,206,,false
16182300010000,800 S GUNDERSON AVE,41.87428578,-87.78639616,206,Gunderson ,false
16171270010000,800 S HARVEY AVE,41.87436459,-87.78029179,206,,false
16171260010000,800 S HIGHLAND AVE,41.87437458,-87.78160617,205,,false
16171310010000,800 S HUMPHREY AVE,41.87444359,-87.77537923,205,,false
16181320010000,800 S KENILWORTH AVE,41.87532179,-87.79691627,205,,false
16171280010000,800 S LOMBARD AVE,41.87441467,-87.77907827,205,,false
16171300010000,800 S LYMAN AVE,41.87441876,-87.77666179,205,,false
16171240010000,800 S RIDGELAND AVE,41.87433555,-87.78398584,204,,false
16182290010000,800 S SCOVILLE AVE,41.87426952,-87.78763837,205,,false
16171290010000,800 S TAYLOR AVE,41.87442082,-87.77787003,205,,false
16182260010000,800 S WESLEY AVE,41.87420658,-87.79133137,205,,false
16181290010000,800 WENONAH AVE,41.87524476,-87.80068264,204,,false
16182260170000,801 CLARENCE AVE,41.8741975,-87.79068424,203,,false
16064020260000,801 COLUMBIAN AVE,41.8999536,-87.79147799,205,Frank Lloyd Wright,false
16064040260000,801 FAIR OAKS AVE,41.90000671,-87.78867136,206,Frank Lloyd Wright,false
16063020330000,801 FOREST AVE,41.89989838,-87.80119587,205,Frank Lloyd Wright,false
16053020350000,801 MAPLETON AVE,41.90008772,-87.78169091,202,,false
16053000370000,801 N CUYLER AVE,41.9000732,-87.78414035,205,,false
16064030260000,801 N EAST AVE,41.89996992,-87.79024782,203,Frank Lloyd Wright,false
16064000270000,801 N EUCLID AVE,41.89992272,-87.79390221,205,Frank Lloyd Wright,false
16063050270000,801 N GROVE AVE,41.89999437,-87.79662487,205,Frank Lloyd Wright,false
16053010310000,801 N HARVEY AVE,41.90007702,-87.78295367,206,,false
16053040330000,801 N HAYES AVE,41.90026078,-87.77926273,203,,false
16053060360000,801 N HUMPHREY AVE,41.90028731,-87.77678863,202,,false
16064010260000,801 N LINDEN AVE,41.89994827,-87.79269541,206,Frank Lloyd Wright,false
16053030380000,801 N LOMBARD AVE,41.90009947,-87.78045839,278,,false
16063000330000,801 N MARION ST,41.89986755,-87.804181,205,Frank Lloyd Wright,false
16053050250000,801 N TAYLOR AVE,41.9002819,-87.77802597,205,,false
16181300110000,801 S CLINTON AVE,41.87529616,-87.79900341,205,,false
16171240140000,801 S CUYLER AVE,41.87435348,-87.7833439,205,,false
16182300150000,801 S ELMWOOD AVE,41.87429755,-87.78570745,205,Gunderson ,false
16181330130000,801 S GROVE AVE,41.87535457,-87.79553577,205,,false
16182290170000,801 S GUNDERSON AVE,41.87422328,-87.78700142,203,,false
16171260200000,801 S HARVEY AVE,41.87436026,-87.78087726,205,,false
16171300170000,801 S HUMPHREY AVE,41.8744244,-87.77595888,203,,false
16181310190000,801 S KENILWORTH AVE,41.87529686,-87.79752889,205,,false
16171270190000,801 S LOMBARD AVE,41.87440384,-87.77969563,205,,false
16171290220000,801 S LYMAN AVE,41.87440023,-87.77716988,204,,false
16181260080000,801 S MAPLE AVE,41.8752161,-87.8039647,205,,false
16182310150000,801 S RIDGELAND AVE,41.87431921,-87.78459862,205,Gunderson ,false
16182280150000,801 S SCOVILLE AVE,41.87422352,-87.78818935,205,,false
16171280180000,801 S TAYLOR AVE,41.87440942,-87.77838371,205,,false
16181280160000,801 WENONAH AVE,41.87526179,-87.80120411,205,,false
16181270120000,801 WISCONSIN AVE,41.87520636,-87.80248644,203,,false
16063030310000,801 WOODBINE AVE,41.89992476,-87.79969911,204,Frank Lloyd Wright,false
16063030120000,802 FOREST AVE,41.89998969,-87.80065481,205,Frank Lloyd Wright,false
16183150500000,802 HARVARD ST,41.86896712,-87.79410733,295,,false
16181300010000,802 HOME AVE,41.87525471,-87.79951624,205,,false
16053050050000,802 N HAYES AVE,41.90034542,-87.77871862,206,,false
16053060170000,802 N TAYLOR AVE,41.90036433,-87.77747321,205,,false
16171260020000,802 S HIGHLAND AVE,41.87429892,-87.78160682,205,,false
16182290020000,802 S SCOVILLE AVE,41.87419386,-87.78763902,205,,false
16171290020000,802 S TAYLOR AVE,41.87434178,-87.77782922,205,,false
16182260020000,802 S WESLEY AVE,41.87413503,-87.79130947,203,,false
16063040190000,802 WOODBINE AVE,41.89995716,-87.79900775,206,Frank Lloyd Wright,false
16063010270000,803 BELLEFORTE AVE,41.89994549,-87.80272382,206,Frank Lloyd Wright,false
16182260180000,803 CLARENCE AVE,41.87410083,-87.79068506,203,,false
16063020320000,803 FOREST AVE,41.89998486,-87.80120008,205,Frank Lloyd Wright,false
16064050260000,803 N ELMWOOD AVE,41.90003756,-87.78699034,205,Frank Lloyd Wright,false
16053060350000,803 N HUMPHREY AVE,41.90037582,-87.77678786,202,,false
16063040370000,803 N KENILWORTH AVE,41.89998924,-87.79818479,205,Frank Lloyd Wright,false
16063060260000,803 N OAK PARK AVE,41.9000413,-87.79517692,206,Frank Lloyd Wright,false
16064060320000,803 N RIDGELAND AVE,41.90005579,-87.78542266,205,Frank Lloyd Wright,false
16053050240000,803 N TAYLOR AVE,41.90035674,-87.77803344,202,,false
16171240150000,803 S CUYLER AVE,41.87426103,-87.7833447,203,,false
16181330140000,803 S GROVE AVE,41.87527716,-87.79553641,205,,false
16171250190000,803 S HIGHLAND AVE,41.87429062,-87.78213278,203,,false
16171270200000,803 S LOMBARD AVE,41.87433483,-87.77965018,203,,false
16171290230000,803 S LYMAN AVE,41.87431713,-87.77717444,205,,false
16181260090000,803 S MAPLE AVE,41.87512261,-87.80396548,204,,false
16171280190000,803 S TAYLOR AVE,41.8743263,-87.77838443,205,,false
16181280170000,803 WENONAH AVE,41.87517415,-87.80120875,202,,false
16063020130000,804 BELLEFORTE AVE,41.90000193,-87.80219889,204,Frank Lloyd Wright,false
16181330020000,804 CARPENTER AVE,41.87524039,-87.79589448,205,,false
16063030330000,804 FOREST AVE,41.90006562,-87.80065128,205,Frank Lloyd Wright,false
16183150510000,804 HARVARD ST,41.8689675,-87.7941882,295,,false
16053030170000,804 MAPLETON AVE,41.90019787,-87.78110172,204,,false
16053020360000,804 N HARVEY AVE,41.90017932,-87.78233478,205,,false
16053050040000,804 N HAYES AVE,41.9004228,-87.77873465,203,,false
16053070160000,804 N HUMPHREY AVE,41.90040883,-87.77627473,205,,false
16064000130000,804 N OAK PARK AVE,41.90005268,-87.79447829,206,Frank Lloyd Wright,false
16053000190000,804 N RIDGELAND AVE,41.90012379,-87.78478538,203,Frank Lloyd Wright,false
16053060160000,804 N TAYLOR AVE,41.90044663,-87.77747584,202,,false
16181310020000,804 S CLINTON AVE,41.87518621,-87.79837665,206,,false
16171250020000,804 S CUYLER AVE,41.87421387,-87.78278632,203,,false
16182310020000,804 S ELMWOOD AVE,41.87420937,-87.78524019,205,Gunderson ,false
16181350030000,804 S GROVE AVE,41.87399964,-87.79499927,205,,false
16182300020000,804 S GUNDERSON AVE,41.87418071,-87.78640292,205,Gunderson ,false
16171260030000,804 S HIGHLAND AVE,41.8742106,-87.78160758,205,,false
16171310020000,804 S HUMPHREY AVE,41.87430609,-87.77539578,205,,false
16181320030000,804 S KENILWORTH AVE,41.87517599,-87.79693159,206,,false
16171300020000,804 S LYMAN AVE,41.87430414,-87.77666662,205,,false
16181270020000,804 S MAPLE AVE,41.87511905,-87.80333566,203,,false
16171240020000,804 S RIDGELAND AVE,41.87423044,-87.78398674,205,,false
16182290030000,804 S SCOVILLE AVE,41.87411815,-87.78762841,205,,false
16171290030000,804 S TAYLOR AVE,41.87426326,-87.77788863,203,,false
16182260030000,804 S WESLEY AVE,41.87403415,-87.79131032,204,,false
16181280020000,804 WISCONSIN AVE,41.87510122,-87.80186528,203,,false
16063040360000,804 WOODBINE AVE,41.90012226,-87.79903195,205,Frank Lloyd Wright,false
16181320240000,805 CARPENTER AVE,41.87520097,-87.79632914,202,,false
16063020460000,805 FOREST AVE,41.90006212,-87.8012019,205,Frank Lloyd Wright,false
16181290200000,805 HOME AVE,41.87515044,-87.79999409,203,,false
16053020340000,805 MAPLETON AVE,41.90019282,-87.78169,203,,false
16053000360000,805 N CUYLER AVE,41.90022145,-87.78414672,205,,false
16063050260000,805 N GROVE AVE,41.90009948,-87.79662399,205,Frank Lloyd Wright,false
16053010300000,805 N HARVEY AVE,41.90018892,-87.78290944,204,,false
16053040320000,805 N HAYES AVE,41.90035323,-87.77930255,203,,false
16053060340000,805 N HUMPHREY AVE,41.90044774,-87.77678723,203,,false
16064010250000,805 N LINDEN AVE,41.90005877,-87.79266484,206,Frank Lloyd Wright,false
16053030370000,805 N LOMBARD AVE,41.90019921,-87.78046538,203,,false
16063000320000,805 N MARION ST,41.90000112,-87.80417244,203,Frank Lloyd Wright,false
16053050230000,805 N TAYLOR AVE,41.90044149,-87.77802937,205,,false
16181300120000,805 S CLINTON AVE,41.87517627,-87.79898484,205,,false
16171240160000,805 S CUYLER AVE,41.8741769,-87.78333972,205,,false
16182300160000,805 S ELMWOOD AVE,41.87418822,-87.78570838,205,Gunderson ,false
16182290330000,805 S GUNDERSON AVE,41.87410126,-87.78697428,204,,false
16171250200000,805 S HIGHLAND AVE,41.8742024,-87.78213354,204,,false
16171300180000,805 S HUMPHREY AVE,41.87430962,-87.77593301,205,,false
16181310200000,805 S KENILWORTH AVE,41.87516786,-87.79754976,205,,false
16182310160000,805 S RIDGELAND AVE,41.87421007,-87.78461667,205,Gunderson ,false
16182280160000,805 S SCOVILLE AVE,41.87408902,-87.7881905,205,,false
16171280200000,805 S TAYLOR AVE,41.87426036,-87.77838116,278,,false
16182250180000,805 S WESLEY AVE,41.87406453,-87.79189929,203,,false
16063030300000,805 WOODBINE AVE,41.90001848,-87.79967862,205,Frank Lloyd Wright,false
16064030120000,806 COLUMBIAN AVE,41.90010545,-87.79083204,206,Frank Lloyd Wright,false
16064050120000,806 FAIR OAKS AVE,41.90014696,-87.78791483,206,Frank Lloyd Wright,false
16183150520000,806 HARVARD ST,41.86896788,-87.79426906,295,,false
16053030160000,806 MAPLETON AVE,41.90030783,-87.7810988,203,,false
16053010130000,806 N CUYLER AVE,41.90022792,-87.78356189,205,,false
16064040120000,806 N EAST AVE,41.90012723,-87.78958916,206,Frank Lloyd Wright,false
16064010120000,806 N EUCLID AVE,41.90006861,-87.79329193,205,Frank Lloyd Wright,false
16063060120000,806 N GROVE AVE,41.90016857,-87.79602058,206,Frank Lloyd Wright,false
16053020160000,806 N HARVEY AVE,41.90028457,-87.78236351,206,,false
16053050030000,806 N HAYES AVE,41.90051006,-87.7787339,203,,false
16053070150000,806 N HUMPHREY AVE,41.90049188,-87.77628883,205,,false
16063050120000,806 N KENILWORTH AVE,41.90013667,-87.79748107,206,Frank Lloyd Wright,false
16064020120000,806 N LINDEN AVE,41.90008377,-87.79209932,205,Frank Lloyd Wright,false
16053040140000,806 N LOMBARD AVE,41.90042618,-87.77995315,203,,false
16053000180000,806 N RIDGELAND AVE,41.90021122,-87.78478972,202,Frank Lloyd Wright,false
16171250030000,806 S CUYLER AVE,41.87414235,-87.78277015,205,,false
16171260040000,806 S HIGHLAND AVE,41.87413485,-87.78159145,205,,false
16171280020000,806 S LOMBARD AVE,41.87431433,-87.7790753,205,,false
16181270030000,806 S MAPLE AVE,41.87499926,-87.80333665,203,,false
16182290040000,806 S SCOVILLE AVE,41.87404247,-87.78762342,205,,false
16171290050000,806 S TAYLOR AVE,41.87416386,-87.77788695,205,,false
16181290020000,806 WENONAH AVE,41.87511324,-87.80067591,205,,false
16063010250000,807 BELLEFORTE AVE,41.90004807,-87.80272297,204,Frank Lloyd Wright,false
16182260190000,807 CLARENCE AVE,41.87401244,-87.79065766,203,,false
16064020250000,807 COLUMBIAN AVE,41.90008083,-87.79147691,205,Frank Lloyd Wright,false
16064040250000,807 FAIR OAKS AVE,41.90014494,-87.78865536,205,Frank Lloyd Wright,false
16181290210000,807 HOME AVE,41.87508901,-87.79997896,205,,false
16053020330000,807 MAPLETON AVE,41.90029243,-87.78169656,204,,false
16064030250000,807 N EAST AVE,41.90012467,-87.79021687,206,Frank Lloyd Wright,false
16064050250000,807 N ELMWOOD AVE,41.900176,-87.78701879,206,Frank Lloyd Wright,false
16064000260000,807 N EUCLID AVE,41.90005709,-87.79388121,205,Frank Lloyd Wright,false
16063050250000,807 N GROVE AVE,41.90019362,-87.79664543,206,Frank Lloyd Wright,false
16053010290000,807 N HARVEY AVE,41.90027071,-87.78292656,205,,false
16053040310000,807 N HAYES AVE,41.90044299,-87.77930177,206,,false
16063040340000,807 N KENILWORTH AVE,41.9001292,-87.7982413,206,Frank Lloyd Wright,false
16053030360000,807 N LOMBARD AVE,41.90030614,-87.78044226,202,,false
16063060250000,807 N OAK PARK AVE,41.9001685,-87.79516845,205,Frank Lloyd Wright,false
16064060300000,807 N RIDGELAND AVE,41.90020632,-87.78540406,205,Frank Lloyd Wright,false
16171240170000,807 S CUYLER AVE,41.87409702,-87.78334041,203,,false
16181330150000,807 S GROVE AVE,41.87518122,-87.79553722,205,,false
16171270220000,807 S LOMBARD AVE,41.8742145,-87.77966273,203,,false
16171290240000,807 S LYMAN AVE,41.87421424,-87.77714274,205,,false
16171280210000,807 S TAYLOR AVE,41.87416574,-87.77837431,205,,false
16181280180000,807 WENONAH AVE,41.87507181,-87.80119395,205,,false
16063030290000,807 WOODBINE AVE,41.9001123,-87.7996803,203,Frank Lloyd Wright,false
16063030320000,808 FOREST AVE,41.90021768,-87.8006332,203,Frank Lloyd Wright,false
16183150570000,808 HARVARD ST,41.86896488,-87.79434546,295,,false
16181300020000,808 HOME AVE,41.87506775,-87.79952562,203,,false
16064060120000,808 N ELMWOOD AVE,41.90017809,-87.78629476,205,Frank Lloyd Wright,false
16053050020000,808 N HAYES AVE,41.90059483,-87.77873316,202,,false
16053070140000,808 N HUMPHREY AVE,41.90058592,-87.77628801,203,,false
16053040130000,808 N LOMBARD AVE,41.90051835,-87.77993566,203,,false
16053000170000,808 N RIDGELAND AVE,41.90030241,-87.78478639,203,Frank Lloyd Wright,false
16053060150000,808 N TAYLOR AVE,41.900529,-87.77749516,203,,false
16173150190000,808 S AUSTIN BLVD,41.87016434,-87.77466173,204,,false
16181310030000,808 S CLINTON AVE,41.87507812,-87.79838146,205,,false
16171250040000,808 S CUYLER AVE,41.8740919,-87.78277058,205,,false
16182310030000,808 S ELMWOOD AVE,41.87409592,-87.78524116,205,Gunderson ,false
16182250030000,808 S EUCLID AVE,41.87396647,-87.79252522,205,,false
16181350040000,808 S GROVE AVE,41.87385489,-87.79499411,206,,false
16182300030000,808 S GUNDERSON AVE,41.87406299,-87.78639254,206,Gunderson ,false
16171270030000,808 S HARVEY AVE,41.87411657,-87.78028853,203,,false
16171310030000,808 S HUMPHREY AVE,41.87419402,-87.77533919,205,,false
16181320040000,808 S KENILWORTH AVE,41.87505249,-87.79691852,206,,false
16171280030000,808 S LOMBARD AVE,41.87421396,-87.77906466,205,,false
16171300030000,808 S LYMAN AVE,41.87420665,-87.77665979,206,,false
16182290350000,808 S SCOVILLE AVE,41.87397102,-87.78762403,205,,false
16182260040000,808 S WESLEY AVE,41.87393743,-87.79129988,203,,false
16181290030000,808 WENONAH AVE,41.87501974,-87.80067669,204,,false
16181280030000,808 WISCONSIN AVE,41.87495816,-87.80188994,204,,false
16063020290000,809 FOREST AVE,41.90014305,-87.80119876,205,Frank Lloyd Wright,false
16181290220000,809 HOME AVE,41.87499553,-87.79998364,208,,false
16053000350000,809 N CUYLER AVE,41.90036711,-87.78415218,205,,false
16053040300000,809 N HAYES AVE,41.90053773,-87.77930095,204,,false
16053060330000,809 N HUMPHREY AVE,41.90053632,-87.77680129,202,,false
16063040290000,809 N KENILWORTH AVE,41.90027631,-87.79823269,205,Frank Lloyd Wright,false
16064010240000,809 N LINDEN AVE,41.90020814,-87.79266358,203,Frank Lloyd Wright,false
16063000210000,809 N MARION ST,41.9001403,-87.80417129,205,Frank Lloyd Wright,false
16064060290000,809 N RIDGELAND AVE,41.9003033,-87.7854185,205,Frank Lloyd Wright,false
16053050220000,809 N TAYLOR AVE,41.90052374,-87.77802197,203,,false
16181300130000,809 S CLINTON AVE,41.87505354,-87.79898195,206,,false
16171240180000,809 S CUYLER AVE,41.87401296,-87.78333004,203,,false
16182300170000,809 S ELMWOOD AVE,41.87408734,-87.78570924,206,Gunderson ,false
16181330160000,809 S GROVE AVE,41.87509269,-87.79553796,203,,false
16182290340000,809 S GUNDERSON AVE,41.87399607,-87.78695809,278,,false
16171250210000,809 S HIGHLAND AVE,41.87410149,-87.78212871,205,,false
16171290250000,809 S LYMAN AVE,41.87409969,-87.77716292,203,,false
16181260100000,809 S MAPLE AVE,41.87494641,-87.80398431,204,,false
16182310170000,809 S RIDGELAND AVE,41.87410475,-87.78457227,206,Gunderson ,false
16182280170000,809 S SCOVILLE AVE,41.87394612,-87.78819171,205,,false
16182250190000,809 S WESLEY AVE,41.87396361,-87.79188889,203,,false
16181280190000,809 WENONAH AVE,41.87496959,-87.80120262,202,,false
16181270140000,809 WISCONSIN AVE,41.87496392,-87.80250409,205,,false
16063020110000,810 BELLEFORTE AVE,41.90019804,-87.80216856,205,Frank Lloyd Wright,false
16064030110000,810 COLUMBIAN AVE,41.90023283,-87.79086061,205,Frank Lloyd Wright,false
16064050110000,810 FAIR OAKS AVE,41.90029078,-87.78791361,205,Frank Lloyd Wright,false
16053030150000,810 MAPLETON AVE,41.90040313,-87.78109798,203,,false
16053010120000,810 N CUYLER AVE,41.90036142,-87.78356808,205,,false
16064040110000,810 N EAST AVE,41.90026014,-87.78961767,203,Frank Lloyd Wright,false
16064060110000,810 N ELMWOOD AVE,41.90031099,-87.78632327,205,Frank Lloyd Wright,false
16064010110000,810 N EUCLID AVE,41.90020935,-87.79328812,205,Frank Lloyd Wright,false
16053020150000,810 N HARVEY AVE,41.90038952,-87.78232913,205,,false
16063050110000,810 N KENILWORTH AVE,41.90026944,-87.79747996,206,Frank Lloyd Wright,false
16064020110000,810 N LINDEN AVE,41.900222,-87.79208333,204,Frank Lloyd Wright,false
16063010130000,810 N MARION ST,41.90012241,-87.80356953,206,Frank Lloyd Wright,false
16064000280000,810 N OAK PARK AVE,41.90017411,-87.7945244,205,Frank Lloyd Wright,false
16053000160000,810 N RIDGELAND AVE,41.90039343,-87.78479325,202,Frank Lloyd Wright,false
16053060140000,810 N TAYLOR AVE,41.90061378,-87.77749443,203,,false
16181310040000,810 S CLINTON AVE,41.87497284,-87.79836278,205,,false
16171250050000,810 S CUYLER AVE,41.87399518,-87.78276002,205,,false
16182310040000,810 S ELMWOOD AVE,41.87394882,-87.78524242,206,Gunderson ,false
16182250040000,810 S EUCLID AVE,41.87385195,-87.79254437,205,,false
16182300040000,810 S GUNDERSON AVE,41.87392435,-87.78639941,206,Gunderson ,false
16171270040000,810 S HARVEY AVE,41.87403254,-87.78028356,202,,false
16171260050000,810 S HIGHLAND AVE,41.87405085,-87.78159217,205,,false
16171280040000,810 S LOMBARD AVE,41.87411082,-87.77907322,205,,false
16171300040000,810 S LYMAN AVE,41.87410049,-87.77663769,203,,false
16181270040000,810 S MAPLE AVE,41.87490284,-87.80333744,203,,false
16171240040000,810 S RIDGELAND AVE,41.87396981,-87.78397189,203,,false
16171290070000,810 S TAYLOR AVE,41.87405097,-87.77785021,202,,false
16182260050000,810 S WESLEY AVE,41.87385337,-87.79130059,205,,false
16181290040000,810 WENONAH AVE,41.87494078,-87.80066169,205,,false
16063040140000,810 WOODBINE AVE,41.90028601,-87.79899479,206,Frank Lloyd Wright,false
16182260200000,811 CLARENCE AVE,41.87391804,-87.7906354,206,,false
16064020240000,811 COLUMBIAN AVE,41.9002247,-87.79148311,206,Frank Lloyd Wright,false
16064040240000,811 FAIR OAKS AVE,41.900261,-87.78863215,206,Frank Lloyd Wright,false
16053020320000,811 MAPLETON AVE,41.90038844,-87.78169573,203,,false
16064030240000,811 N EAST AVE,41.90025737,-87.79020092,205,Frank Lloyd Wright,false
16064050240000,811 N ELMWOOD AVE,41.90030859,-87.78698062,205,Frank Lloyd Wright,false
16064000250000,811 N EUCLID AVE,41.90018619,-87.79389583,205,Frank Lloyd Wright,false
16053010280000,811 N HARVEY AVE,41.90037889,-87.78289978,205,,false
16053040290000,811 N HAYES AVE,41.90063492,-87.77929009,204,,false
16053060320000,811 N HUMPHREY AVE,41.9006138,-87.77680802,202,,false
16053030350000,811 N LOMBARD AVE,41.90040739,-87.78045906,203,,false
16063060240000,811 N OAK PARK AVE,41.90029577,-87.79517479,205,Frank Lloyd Wright,false
16064060280000,811 N RIDGELAND AVE,41.90038522,-87.78541525,205,Frank Lloyd Wright,false
16053050210000,811 N TAYLOR AVE,41.90060602,-87.77802126,202,,false
16181300140000,811 S CLINTON AVE,41.87495126,-87.7989789,205,,false
16182300180000,811 S ELMWOOD AVE,41.87394017,-87.78569911,205,Gunderson ,false
16171260220000,811 S HARVEY AVE,41.87409546,-87.78087385,204,,false
16171250220000,811 S HIGHLAND AVE,41.87400044,-87.78209571,205,,false
16171300190000,811 S HUMPHREY AVE,41.87418065,-87.77593413,205,,false
16181310210000,811 S KENILWORTH AVE,41.87499815,-87.79756107,205,,false
16171270230000,811 S LOMBARD AVE,41.87411424,-87.7796751,205,,false
16182310180000,811 S RIDGELAND AVE,41.87396606,-87.78456776,205,Gunderson ,false
16171280220000,811 S TAYLOR AVE,41.8740453,-87.77836384,205,,false
16182250200000,811 S WESLEY AVE,41.87387535,-87.79188964,204,,false
16181280200000,811 WENONAH AVE,41.87487019,-87.80119171,205,,false
16181270150000,811 WISCONSIN AVE,41.87487039,-87.80249704,206,,false
16063030280000,811 WOODBINE AVE,41.90021904,-87.79969174,206,Frank Lloyd Wright,false
16063130330000,812 AUGUSTA ST,41.8982485,-87.79544526,205,Frank Lloyd Wright,false
16053030140000,812 MAPLETON AVE,41.90051606,-87.7811029,203,,false
16053010110000,812 N CUYLER AVE,41.90049824,-87.78356945,205,,false
16063060110000,812 N GROVE AVE,41.90030141,-87.79603429,205,Frank Lloyd Wright,false
16053020140000,812 N HARVEY AVE,41.9004891,-87.78232828,205,,false
16053070130000,812 N HUMPHREY AVE,41.90066894,-87.7762947,203,,false
16053040120000,812 N LOMBARD AVE,41.90060322,-87.77995496,203,,false
16063010120000,812 N MARION ST,41.90026169,-87.80359075,204,Frank Lloyd Wright,false
16053060130000,812 N TAYLOR AVE,41.90068857,-87.77749378,203,,false
16182280040000,812 S EAST AVE,41.8739055,-87.78887378,205,,false
16181350050000,812 S GROVE AVE,41.87372449,-87.79497269,206,,false
16171260060000,812 S HIGHLAND AVE,41.87396674,-87.78159289,205,,false
16171310040000,812 S HUMPHREY AVE,41.87405094,-87.77538649,205,,false
16181320050000,812 S KENILWORTH AVE,41.87490496,-87.79693883,206,,false
16171280050000,812 S LOMBARD AVE,41.87401566,-87.77904718,205,,false
16171300050000,812 S LYMAN AVE,41.87399383,-87.77661305,206,,false
16182290070000,812 S SCOVILLE AVE,41.87382812,-87.78762524,205,,false
16182260060000,812 S WESLEY AVE,41.87376503,-87.79128445,205,,false
16181280040000,812 WISCONSIN AVE,41.87483545,-87.80189096,205,,false
16181320260000,813 CARPENTER AVE,41.87494266,-87.79632651,205,,false
16182260210000,813 CLARENCE AVE,41.87381714,-87.79063063,203,,false
16181290230000,813 HOME AVE,41.87488669,-87.8000381,205,,false
16053000340000,813 N CUYLER AVE,41.90049694,-87.78414019,205,,false
16063050240000,813 N GROVE AVE,41.90033745,-87.79664423,205,Frank Lloyd Wright,false
16063170390000,813 N HARLEM AVE,41.89481228,-87.80499351,295,,false
16053050200000,813 N TAYLOR AVE,41.9006883,-87.77802055,202,,false
16181300150000,813 S CLINTON AVE,41.87486656,-87.79898742,206,,false
16171260240000,813 S HARVEY AVE,41.87398665,-87.78087075,203,,false
16171270240000,813 S LOMBARD AVE,41.87402249,-87.77966822,205,,false
16171280230000,813 S TAYLOR AVE,41.87395937,-87.77837609,205,,false
16182250210000,813 S WESLEY AVE,41.87378283,-87.79187916,203,,false
16181350020000,813 VAN BUREN ST,41.87412295,-87.79476039,205,,false
16063250200000,814 CHICAGO AVE,41.89502669,-87.79559847,204,Frank Lloyd Wright,false
16064030100000,814 COLUMBIAN AVE,41.90034907,-87.79087397,206,Frank Lloyd Wright,false
16064050100000,814 FAIR OAKS AVE,41.90042574,-87.78796123,206,Frank Lloyd Wright,false
16181300030000,814 HOME AVE,41.87486891,-87.79949206,203,,false
16064040100000,814 N EAST AVE,41.90039834,-87.78959474,205,Frank Lloyd Wright,false
16064060100000,814 N ELMWOOD AVE,41.90047136,-87.78630924,205,Frank Lloyd Wright,false
16064010100000,814 N EUCLID AVE,41.90033646,-87.7932949,205,Frank Lloyd Wright,false
16063060100000,814 N GROVE AVE,41.90044514,-87.7960118,206,Frank Lloyd Wright,false
16053070120000,814 N HUMPHREY AVE,41.90075745,-87.77629393,204,,false
16063050280000,814 N KENILWORTH AVE,41.9003968,-87.79750543,203,Frank Lloyd Wright,false
16064020100000,814 N LINDEN AVE,41.90034734,-87.79209662,205,Frank Lloyd Wright,false
16053040110000,814 N LOMBARD AVE,41.90066803,-87.77995107,203,,false
16064000100000,814 N OAK PARK AVE,41.90033049,-87.79452047,206,Frank Lloyd Wright,false
16053000150000,814 N RIDGELAND AVE,41.90048846,-87.78479752,203,Frank Lloyd Wright,false
16053060120000,814 N TAYLOR AVE,41.9007733,-87.77748302,205,,false
16181310050000,814 S CLINTON AVE,41.8748677,-87.79837148,278,,false
16171250060000,814 S CUYLER AVE,41.87388593,-87.78275526,203,,false
16182280050000,814 S EAST AVE,41.87378776,-87.78886352,204,,false
16182310050000,814 S ELMWOOD AVE,41.87383115,-87.78524342,205,Gunderson ,false
16182250050000,814 S EUCLID AVE,41.87377497,-87.79253172,203,,false
16182300050000,814 S GUNDERSON AVE,41.87381499,-87.78639448,205,Gunderson ,false
16171270050000,814 S HARVEY AVE,41.87393165,-87.78028443,202,,false
16171260070000,814 S HIGHLAND AVE,41.87388274,-87.78159362,205,,false
16182290080000,814 S SCOVILLE AVE,41.87376508,-87.78762578,203,,false
16171290090000,814 S TAYLOR AVE,41.87395354,-87.77785489,205,,false
16182260070000,814 S WESLEY AVE,41.87370204,-87.79129624,205,,false
16181290050000,814 WENONAH AVE,41.87484141,-87.80065469,205,,false
16182260220000,815 CLARENCE AVE,41.87372045,-87.79062582,205,,false
16064020230000,815 COLUMBIAN AVE,41.9003663,-87.79149673,205,Frank Lloyd Wright,false
16064040230000,815 FAIR OAKS AVE,41.90040486,-87.78863571,205,Frank Lloyd Wright,false
16181290240000,815 HOME AVE,41.8748047,-87.79999966,204,,false
16053020390000,815 MAPLETON AVE,41.90053245,-87.78173154,203,,false
16053000330000,815 N CUYLER AVE,41.90059965,-87.78415967,202,,false
16064030230000,815 N EAST AVE,41.90037718,-87.79021425,205,Frank Lloyd Wright,false
16064050230000,815 N ELMWOOD AVE,41.90044166,-87.78704307,205,Frank Lloyd Wright,false
16064000240000,815 N EUCLID AVE,41.90031328,-87.7939,205,Frank Lloyd Wright,false
16063170380000,815 N HARLEM AVE,41.8948781,-87.80499974,295,,false
16053010270000,815 N HARVEY AVE,41.90051379,-87.78289608,205,,false
16053040280000,815 N HAYES AVE,41.90071475,-87.77929942,203,,false
16053060310000,815 N HUMPHREY AVE,41.90071898,-87.77682193,203,,false
16063040280000,815 N KENILWORTH AVE,41.90040887,-87.79821288,205,Frank Lloyd Wright,false
16064010230000,815 N LINDEN AVE,41.90032431,-87.7926626,204,Frank Lloyd Wright,false
16053030340000,815 N LOMBARD AVE,41.90053062,-87.78047174,205,,false
16063000190000,815 N MARION ST,41.9002966,-87.80425949,206,Frank Lloyd Wright,false
16063060230000,815 N OAK PARK AVE,41.90045255,-87.79523275,206,Frank Lloyd Wright,false
16064060270000,815 N RIDGELAND AVE,41.90048037,-87.78544498,203,Frank Lloyd Wright,false
16053050190000,815 N TAYLOR AVE,41.90076813,-87.77802988,205,,false
16171240190000,815 S CUYLER AVE,41.87392466,-87.78333649,205,,false
16182300190000,815 S ELMWOOD AVE,41.87383507,-87.7857,206,Gunderson ,false
16181330170000,815 S GROVE AVE,41.87494138,-87.79554432,203,,false
16171260250000,815 S HARVEY AVE,41.87388577,-87.78087162,205,,false
16171250230000,815 S HIGHLAND AVE,41.87389958,-87.78210227,203,,false
16171300200000,815 S HUMPHREY AVE,41.87402866,-87.7759201,205,,false
16181310220000,815 S KENILWORTH AVE,41.87486978,-87.79754085,205,,false
16171270250000,815 S LOMBARD AVE,41.87393926,-87.77964591,205,,false
16171290260000,815 S LYMAN AVE,41.8739936,-87.77715617,203,,false
16181260110000,815 S MAPLE AVE,41.87478851,-87.80395823,203,,false
16182310190000,815 S RIDGELAND AVE,41.87385251,-87.78456873,205,Gunderson ,false
16182280180000,815 S SCOVILLE AVE,41.87379899,-87.78818733,205,,false
16182250220000,815 S WESLEY AVE,41.87369863,-87.79185173,205,,false
16181280210000,815 WENONAH AVE,41.87477081,-87.80118471,205,,false
16181270160000,815 WISCONSIN AVE,41.87477397,-87.80249784,204,,false
16063030340000,815 WOODBINE AVE,41.90037545,-87.79970275,206,Frank Lloyd Wright,false
16053030130000,816 MAPLETON AVE,41.90061137,-87.78110208,204,,false
16053260300000,816 N AUSTIN BLVD,41.89530477,-87.77544685,203,,false
16053020130000,816 N HARVEY AVE,41.90058867,-87.78232742,203,,false
16053070110000,816 N HUMPHREY AVE,41.90085149,-87.77629312,205,,false
16053040100000,816 N LOMBARD AVE,41.90076528,-87.77995356,203,,false
16063010110000,816 N MARION ST,41.90034203,-87.80358798,203,Frank Lloyd Wright,false
16064000090000,816 N OAK PARK AVE,41.90045172,-87.79452343,206,Frank Lloyd Wright,false
16053000140000,816 N RIDGELAND AVE,41.90056448,-87.78480196,203,Frank Lloyd Wright,false
16053060110000,816 N TAYLOR AVE,41.90088044,-87.77746874,203,,false
16182280060000,816 S EAST AVE,41.87371211,-87.78886417,202,,false
16182250060000,816 S EUCLID AVE,41.87370477,-87.79252872,205,,false
16181350060000,816 S GROVE AVE,41.8735877,-87.79499146,205,,false
16171270400000,816 S HARVEY AVE,41.8738433,-87.7802795,205,,false
16171260080000,816 S HIGHLAND AVE,41.87379442,-87.78159438,205,,false
16171310050000,816 S HUMPHREY AVE,41.8739104,-87.77536852,205,,false
16171280060000,816 S LOMBARD AVE,41.87393354,-87.77906194,205,,false
16171300070000,816 S LYMAN AVE,41.87387131,-87.7766627,205,,false
16182290090000,816 S SCOVILLE AVE,41.87368921,-87.78758141,203,,false
16171290100000,816 S TAYLOR AVE,41.87387038,-87.77784793,205,,false
16182260080000,816 S WESLEY AVE,41.87363891,-87.79127989,205,,false
16181280050000,816 WISCONSIN AVE,41.87469211,-87.80185694,205,,false
16063040110000,816 WOODBINE AVE,41.90048047,-87.79903954,203,Frank Lloyd Wright,false
16063010220000,817 BELLEFORTE AVE,41.90044083,-87.80278187,205,Frank Lloyd Wright,false
16181320270000,817 CARPENTER AVE,41.87483036,-87.79633104,205,,false
16182260230000,817 CLARENCE AVE,41.8736574,-87.79062636,205,,false
16053000320000,817 N CUYLER AVE,41.90070229,-87.78416642,203,,false
16063050230000,817 N GROVE AVE,41.90051258,-87.79665664,205,Frank Lloyd Wright,false
16063170370000,817 N HARLEM AVE,41.89493209,-87.80500156,295,,false
16053010260000,817 N HARVEY AVE,41.90062026,-87.78290789,205,,false
16053060300000,817 N HUMPHREY AVE,41.90081306,-87.77682852,203,,false
16053030330000,817 N LOMBARD AVE,41.90066696,-87.78046664,205,,false
16063000180000,817 N MARION ST,41.90043021,-87.80425839,278,Frank Lloyd Wright,false
16064060260000,817 N RIDGELAND AVE,41.9005716,-87.78544775,205,Frank Lloyd Wright,false
16053050180000,817 N TAYLOR AVE,41.90085041,-87.77802916,202,,false
16181300160000,817 S CLINTON AVE,41.87475835,-87.79896485,203,,false
16171240200000,817 S CUYLER AVE,41.87384485,-87.78333148,205,,false
16181330180000,817 S GROVE AVE,41.8748452,-87.7955445,205,,false
16171250240000,817 S HIGHLAND AVE,41.87378611,-87.78209755,205,,false
16171300210000,817 S HUMPHREY AVE,41.87392273,-87.77594405,205,,false
16171290270000,817 S LYMAN AVE,41.8738876,-87.7771686,203,,false
16181260120000,817 S MAPLE AVE,41.87468625,-87.80395908,205,,false
16182280190000,817 S SCOVILLE AVE,41.87367713,-87.788194,205,,false
16171280240000,817 S TAYLOR AVE,41.87386776,-87.77839991,205,,false
16063130180000,818 AUGUSTA ST,41.8982607,-87.79573751,206,Frank Lloyd Wright,false
16064030090000,818 COLUMBIAN AVE,41.90050393,-87.79086525,205,Frank Lloyd Wright,false
16064050090000,818 FAIR OAKS AVE,41.90055855,-87.78796751,205,Frank Lloyd Wright,false
16063030080000,818 FOREST AVE,41.90051404,-87.8006777,208,Frank Lloyd Wright,false
16053030120000,818 MAPLETON AVE,41.90071566,-87.78114242,205,,false
16053010100000,818 N CUYLER AVE,41.90063696,-87.7835708,205,,false
16064040090000,818 N EAST AVE,41.90052568,-87.78961589,205,Frank Lloyd Wright,false
16064060090000,818 N ELMWOOD AVE,41.9005986,-87.78630815,205,Frank Lloyd Wright,false
16064010090000,818 N EUCLID AVE,41.90047529,-87.79329817,205,Frank Lloyd Wright,false
16063060090000,818 N GROVE AVE,41.9005899,-87.7960118,206,Frank Lloyd Wright,false
16053020120000,818 N HARVEY AVE,41.90068271,-87.78232661,204,,false
16053070100000,818 N HUMPHREY AVE,41.90094,-87.77629235,205,,false
16063050080000,818 N KENILWORTH AVE,41.90052967,-87.79752655,205,Frank Lloyd Wright,false
16064020090000,818 N LINDEN AVE,41.90048564,-87.79209545,203,Frank Lloyd Wright,false
16053040090000,818 N LOMBARD AVE,41.90083759,-87.77995294,205,,false
16063010100000,818 N MARION ST,41.90044231,-87.80360207,203,Frank Lloyd Wright,false
16053000130000,818 N RIDGELAND AVE,41.90066312,-87.78476549,206,Frank Lloyd Wright,false
16181310060000,818 S CLINTON AVE,41.87476541,-87.79836842,206,,false
16171250070000,818 S CUYLER AVE,41.87378505,-87.78275613,206,,false
16182280070000,818 S EAST AVE,41.87363225,-87.78886484,203,,false
16182310060000,818 S ELMWOOD AVE,41.87372543,-87.78522839,205,Gunderson ,false
16182250070000,818 S EUCLID AVE,41.87361227,-87.79252387,205,,false
16182300060000,818 S GUNDERSON AVE,41.87370989,-87.78639538,206,Gunderson ,false
16181320060000,818 S KENILWORTH AVE,41.87479441,-87.79688308,206,,false
16171280070000,818 S LOMBARD AVE,41.8738256,-87.77906482,205,,false
16171240050000,818 S RIDGELAND AVE,41.8738479,-87.78396724,203,,false
16171290110000,818 S TAYLOR AVE,41.87378151,-87.77784486,203,,false
16182260090000,818 S WESLEY AVE,41.87356746,-87.79128049,205,,false
16181290060000,818 WENONAH AVE,41.87472736,-87.80063608,202,,false
16063040100000,818 WOODBINE AVE,41.90059097,-87.79906819,205,Frank Lloyd Wright,false
16181320280000,819 CARPENTER AVE,41.8747336,-87.79630937,205,,false
16182260240000,819 CLARENCE AVE,41.87357755,-87.79062703,205,,false
16064020220000,819 COLUMBIAN AVE,41.90049595,-87.79151955,204,Frank Lloyd Wright,false
16064040220000,819 FAIR OAKS AVE,41.90054886,-87.78867153,206,Frank Lloyd Wright,false
16063020270000,819 FOREST AVE,41.9004614,-87.80120409,203,Frank Lloyd Wright,false
16181290250000,819 HOME AVE,41.87469075,-87.8000006,204,,false
16053020300000,819 MAPLETON AVE,41.90067892,-87.7817345,203,,false
16064030220000,819 N EAST AVE,41.9005431,-87.79020544,205,Frank Lloyd Wright,false
16064050220000,819 N ELMWOOD AVE,41.90058549,-87.78704185,205,Frank Lloyd Wright,false
16064000230000,819 N EUCLID AVE,41.90046247,-87.79389965,206,Frank Lloyd Wright,false
16063170360000,819 N HARLEM AVE,41.89499286,-87.80500784,295,,false
16053040370000,819 N HAYES AVE,41.90086437,-87.77930147,205,,false
16053060290000,819 N HUMPHREY AVE,41.90092377,-87.77684238,204,,false
16063040270000,819 N KENILWORTH AVE,41.9005395,-87.79821918,203,Frank Lloyd Wright,false
16064010220000,819 N LINDEN AVE,41.90048476,-87.79266602,205,Frank Lloyd Wright,false
16063060220000,819 N OAK PARK AVE,41.90058518,-87.795202,206,Frank Lloyd Wright,false
16171240210000,819 S CUYLER AVE,41.87376494,-87.78332647,203,,false
16182300200000,819 S ELMWOOD AVE,41.87372585,-87.78570094,205,Gunderson ,false
16181330190000,819 S GROVE AVE,41.87474007,-87.79553969,205,,false
16171300220000,819 S HUMPHREY AVE,41.8738448,-87.77592554,205,,false
16181310230000,819 S KENILWORTH AVE,41.87474895,-87.7975578,205,,false
16171270270000,819 S LOMBARD AVE,41.87376169,-87.77967431,203,,false
16171290280000,819 S LYMAN AVE,41.87375959,-87.77716776,203,,false
16181260130000,819 S MAPLE AVE,41.87461612,-87.80395966,205,,false
16182310200000,819 S RIDGELAND AVE,41.87373484,-87.78456974,205,Gunderson ,false
16171280250000,819 S TAYLOR AVE,41.87376151,-87.77835862,202,,false
16182250230000,819 S WESLEY AVE,41.87361457,-87.79185244,205,,false
16181280230000,819 WENONAH AVE,41.87464812,-87.80118964,205,,false
16181270170000,819 WISCONSIN AVE,41.87464227,-87.80245199,206,,false
16063030240000,819 WOODBINE AVE,41.9005961,-87.799702,206,Frank Lloyd Wright,false
16181330250000,820 CARPENTER AVE,41.87476275,-87.79589981,203,,false
16181300040000,820 HOME AVE,41.87464103,-87.79949787,202,,false
16063060080000,820 N GROVE AVE,41.90072187,-87.79603817,206,Frank Lloyd Wright,false
16064000080000,820 N OAK PARK AVE,41.90059056,-87.79453012,205,Frank Lloyd Wright,false
16053000120000,820 N RIDGELAND AVE,41.9007526,-87.78480035,203,Frank Lloyd Wright,false
16053060100000,820 N TAYLOR AVE,41.90097281,-87.77749132,203,,false
16181310070000,820 S CLINTON AVE,41.87462219,-87.79835788,205,,false
16171250080000,820 S CUYLER AVE,41.87368416,-87.78275699,205,,false
16182280080000,820 S EAST AVE,41.87356549,-87.78884947,205,,false
16182310070000,820 S ELMWOOD AVE,41.87359499,-87.78520702,205,Gunderson ,false
16182250080000,820 S EUCLID AVE,41.87351981,-87.79252465,203,,false
16181350070000,820 S GROVE AVE,41.87345605,-87.7949725,203,,false
16182300070000,820 S GUNDERSON AVE,41.87357536,-87.78637923,205,Gunderson ,false
16171270080000,820 S HARVEY AVE,41.87370883,-87.78027496,205,,false
16171260090000,820 S HIGHLAND AVE,41.87371875,-87.78159503,205,,false
16171310060000,820 S HUMPHREY AVE,41.87376998,-87.77537358,205,,false
16181320070000,820 S KENILWORTH AVE,41.87469067,-87.7968992,206,,false
16171300080000,820 S LYMAN AVE,41.87376528,-87.77666746,203,,false
16171240060000,820 S RIDGELAND AVE,41.87377223,-87.78396789,203,,false
16182290100000,820 S SCOVILLE AVE,41.8735799,-87.78757671,204,,false
16182260100000,820 S WESLEY AVE,41.8734959,-87.79125859,205,,false
16181290080000,820 WENONAH AVE,41.87458432,-87.80066465,203,,false
16181280060000,820 WISCONSIN AVE,41.87455784,-87.80188544,205,,false
16063040090000,820 WOODBINE AVE,41.90066998,-87.79908214,205,Frank Lloyd Wright,false
16063010210000,821 BELLEFORTE AVE,41.90060139,-87.80278054,203,Frank Lloyd Wright,false
16063020260000,821 FOREST AVE,41.90057915,-87.80120804,203,Frank Lloyd Wright,false
16053020290000,821 MAPLETON AVE,41.90078594,-87.78172965,205,,false
16064000220000,821 N EUCLID AVE,41.90061499,-87.79390361,205,Frank Lloyd Wright,false
16063050220000,821 N GROVE AVE,41.90060666,-87.79666326,203,Frank Lloyd Wright,false
16063170350000,821 N HARLEM AVE,41.89504684,-87.80500739,295,,false
16053010250000,821 N HARVEY AVE,41.90072097,-87.78290957,205,,false
16063040260000,821 N KENILWORTH AVE,41.90069454,-87.79825352,206,Frank Lloyd Wright,false
16064060250000,821 N RIDGELAND AVE,41.9006609,-87.78544699,205,Frank Lloyd Wright,false
16053050170000,821 N TAYLOR AVE,41.90094028,-87.77805176,205,,false
16181300170000,821 S CLINTON AVE,41.87465608,-87.7989657,205,,false
16171240220000,821 S CUYLER AVE,41.87368925,-87.78332142,203,,false
16182300210000,821 S ELMWOOD AVE,41.87358708,-87.78570212,205,Gunderson ,false
16182290220000,821 S GUNDERSON AVE,41.87359253,-87.78696153,205,,false
16171250250000,821 S HIGHLAND AVE,41.87368932,-87.78209299,203,,false
16171300230000,821 S HUMPHREY AVE,41.87377311,-87.77591848,205,,false
16181310240000,821 S KENILWORTH AVE,41.87462335,-87.79752558,205,,false
16171290290000,821 S LYMAN AVE,41.87365631,-87.77714946,205,,false
16181260140000,821 S MAPLE AVE,41.87451377,-87.80394094,205,,false
16182310210000,821 S RIDGELAND AVE,41.87360449,-87.78456516,205,Gunderson ,false
16182280200000,821 S SCOVILLE AVE,41.87352989,-87.78816711,205,,false
16182250240000,821 S WESLEY AVE,41.87353067,-87.79188692,205,,false
16181270180000,821 WISCONSIN AVE,41.87454888,-87.80247623,204,,false
16063020080000,822 BELLEFORTE AVE,41.90060931,-87.8021807,205,Frank Lloyd Wright,false
16181330070000,822 CARPENTER AVE,41.87462598,-87.79591137,203,,false
16064030080000,822 COLUMBIAN AVE,41.90065879,-87.79085653,206,Frank Lloyd Wright,false
16064050080000,822 FAIR OAKS AVE,41.90069684,-87.78796633,205,Frank Lloyd Wright,false
16063030070000,822 FOREST AVE,41.90064351,-87.80071402,206,Frank Lloyd Wright,false
16053030110000,822 MAPLETON AVE,41.90081097,-87.7811416,205,,false
16053010090000,822 N CUYLER AVE,41.90076623,-87.78358242,205,,false
16064040080000,822 N EAST AVE,41.90066955,-87.78962208,206,Frank Lloyd Wright,false
16064010080000,822 N EUCLID AVE,41.90061409,-87.793297,205,Frank Lloyd Wright,false
16053020110000,822 N HARVEY AVE,41.90080995,-87.78232552,205,,false
16053070090000,822 N HUMPHREY AVE,41.90103404,-87.77629153,205,,false
16063050070000,822 N KENILWORTH AVE,41.9006902,-87.79754744,205,Frank Lloyd Wright,false
16064020080000,822 N LINDEN AVE,41.90062394,-87.79209428,205,Frank Lloyd Wright,false
16053040080000,822 N LOMBARD AVE,41.90098709,-87.77993161,206,,false
16063010090000,822 N MARION ST,41.90056482,-87.80360851,203,Frank Lloyd Wright,false
16171250090000,822 S CUYLER AVE,41.87358328,-87.78275786,205,,false
16182280090000,822 S EAST AVE,41.87344729,-87.78886078,205,,false
16171260100000,822 S HIGHLAND AVE,41.87362623,-87.78157874,205,,false
16171280080000,822 S LOMBARD AVE,41.87371518,-87.77905492,205,,false
16171240070000,822 S RIDGELAND AVE,41.87366483,-87.78398572,205,,false
16182290110000,822 S SCOVILLE AVE,41.87349584,-87.78757742,205,,false
16171290130000,822 S TAYLOR AVE,41.87367258,-87.77784197,204,,false
16181320290000,823 CARPENTER AVE,41.87462911,-87.79631018,205,,false
16182260260000,823 CLARENCE AVE,41.87345986,-87.79062803,205,,false
16064020210000,823 COLUMBIAN AVE,41.90065084,-87.79151824,206,Frank Lloyd Wright,false
16064040210000,823 FAIR OAKS AVE,41.90067064,-87.78868532,206,Frank Lloyd Wright,false
16181290260000,823 HOME AVE,41.87460005,-87.79997397,203,,false
16053000310000,823 N CUYLER AVE,41.90079167,-87.78418093,202,,false
16064030210000,823 N EAST AVE,41.90066488,-87.79021923,205,Frank Lloyd Wright,false
16064050210000,823 N ELMWOOD AVE,41.90071829,-87.78704812,205,Frank Lloyd Wright,false
16063050210000,823 N GROVE AVE,41.9007173,-87.79666233,203,Frank Lloyd Wright,false
16063170340000,823 N HARLEM AVE,41.89509239,-87.80500702,295,,false
16053010240000,823 N HARVEY AVE,41.90082951,-87.782957,203,,false
16053040240000,823 N HAYES AVE,41.9010023,-87.7792955,203,,false
16053060280000,823 N HUMPHREY AVE,41.90102335,-87.77684152,203,,false
16064010210000,823 N LINDEN AVE,41.90060657,-87.79268723,206,Frank Lloyd Wright,false
16053030320000,823 N LOMBARD AVE,41.90078425,-87.78046367,205,,false
16063000170000,823 N MARION ST,41.90059159,-87.80424214,203,Frank Lloyd Wright,false
16063060210000,823 N OAK PARK AVE,41.90072895,-87.79518597,205,Frank Lloyd Wright,false
16064060240000,823 N RIDGELAND AVE,41.90075969,-87.7854436,205,Frank Lloyd Wright,false
16053050160000,823 N TAYLOR AVE,41.90101579,-87.77812928,203,,false
16171240230000,823 S CUYLER AVE,41.87360947,-87.78334459,206,,false
16182270140000,823 S EAST AVE,41.87344523,-87.78943071,205,,false
16181330200000,823 S GROVE AVE,41.87464818,-87.79553485,205,,false
16182290230000,823 S GUNDERSON AVE,41.8734875,-87.78695703,206,,false
16171260270000,823 S HARVEY AVE,41.87364559,-87.78085524,205,,false
16171250260000,823 S HIGHLAND AVE,41.87358854,-87.78209385,203,,false
16181310250000,823 S KENILWORTH AVE,41.87447205,-87.79752684,206,,false
16171270280000,823 S LOMBARD AVE,41.8736556,-87.77966755,205,,false
16171280270000,823 S TAYLOR AVE,41.87357233,-87.77835642,203,,false
16181280240000,823 WENONAH AVE,41.87449936,-87.80124565,206,,false
16063030230000,823 WOODBINE AVE,41.90067436,-87.79969807,205,Frank Lloyd Wright,false
16063020060000,824 BELLEFORTE AVE,41.90074308,-87.80217362,278,Frank Lloyd Wright,false
16053030100000,824 MAPLETON AVE,41.90091638,-87.78110927,203,,false
16064040070000,824 N EAST AVE,41.90079678,-87.789621,205,Frank Lloyd Wright,false
16064060080000,824 N ELMWOOD AVE,41.90072041,-87.78632934,205,Frank Lloyd Wright,false
16063060070000,824 N GROVE AVE,41.90082162,-87.79607439,205,Frank Lloyd Wright,false
16053020100000,824 N HARVEY AVE,41.90090952,-87.78232466,204,,false
16053070080000,824 N HUMPHREY AVE,41.90112809,-87.77629071,202,,false
16063010080000,824 N MARION ST,41.90068142,-87.80354044,202,Frank Lloyd Wright,false
16053000110000,824 N RIDGELAND AVE,41.90083616,-87.784792,202,Frank Lloyd Wright,false
16053060090000,824 N TAYLOR AVE,41.90107505,-87.77749377,205,,false
16181310080000,824 S CLINTON AVE,41.87448777,-87.79835509,206,,false
16182310080000,824 S ELMWOOD AVE,41.87348989,-87.78520792,205,Gunderson ,false
16182250090000,824 S EUCLID AVE,41.87341463,-87.79250303,203,,false
16181350080000,824 S GROVE AVE,41.87331486,-87.79495117,204,,false
16182300080000,824 S GUNDERSON AVE,41.87346192,-87.78638071,205,Gunderson ,false
16171270100000,824 S HARVEY AVE,41.87358267,-87.78026496,205,,false
16171260110000,824 S HIGHLAND AVE,41.87354634,-87.78157942,205,,false
16171310070000,824 S HUMPHREY AVE,41.87364104,-87.77538237,205,,false
16181320080000,824 S KENILWORTH AVE,41.87455204,-87.79690738,206,,false
16171280090000,824 S LOMBARD AVE,41.87361151,-87.77904683,205,,false
16171300090000,824 S LYMAN AVE,41.87365621,-87.77663771,203,,false
16171240080000,824 S RIDGELAND AVE,41.87356213,-87.78399247,205,,false
16182290120000,824 S SCOVILLE AVE,41.87341178,-87.78757814,205,,false
16171290140000,824 S TAYLOR AVE,41.87357886,-87.77782997,204,,false
16182260110000,824 S WESLEY AVE,41.87334508,-87.79124298,203,,false
16181290090000,824 WENONAH AVE,41.87449081,-87.80066152,202,,false
16181280070000,824 WISCONSIN AVE,41.87442346,-87.80189046,205,,false
16063040080000,824 WOODBINE AVE,41.90075804,-87.7990814,205,Frank Lloyd Wright,false
16182260270000,825 CLARENCE AVE,41.87335254,-87.79065762,203,,false
16063060010000,825 DIVISION ST,41.90150748,-87.79604641,205,Frank Lloyd Wright,false
16063020250000,825 FOREST AVE,41.90065946,-87.80123202,204,Frank Lloyd Wright,false
16181290270000,825 HOME AVE,41.87444519,-87.79997526,205,,false
16053020280000,825 MAPLETON AVE,41.9008813,-87.78174061,205,,false
16053000300000,825 N CUYLER AVE,41.90087907,-87.78418018,206,,false
16064000210000,825 N EUCLID AVE,41.90074213,-87.79391825,205,Frank Lloyd Wright,false
16063170330000,825 N HARLEM AVE,41.89514469,-87.80500659,295,,false
16053060270000,825 N HUMPHREY AVE,41.90111186,-87.77684075,203,,false
16053030310000,825 N LOMBARD AVE,41.90089433,-87.78048628,203,,false
16064060230000,825 N RIDGELAND AVE,41.90085095,-87.785453,205,Frank Lloyd Wright,false
16053050150000,825 N TAYLOR AVE,41.90109999,-87.77808043,202,,false
16181300180000,825 S CLINTON AVE,41.87453331,-87.79895499,205,,false
16171240240000,825 S CUYLER AVE,41.87352109,-87.78331177,205,,false
16182300220000,825 S ELMWOOD AVE,41.87347788,-87.78570875,205,Gunderson ,false
16181330210000,825 S GROVE AVE,41.8745389,-87.79553577,203,,false
16171260280000,825 S HARVEY AVE,41.87354462,-87.78083932,205,,false
16171250270000,825 S HIGHLAND AVE,41.87349593,-87.78208326,205,,false
16171300240000,825 S HUMPHREY AVE,41.87363265,-87.77591587,205,,false
16171290300000,825 S LYMAN AVE,41.87355311,-87.77714652,205,,false
16181260150000,825 S MAPLE AVE,41.87440274,-87.80394186,202,,false
16182310220000,825 S RIDGELAND AVE,41.87350017,-87.78457243,206,Gunderson ,false
16182280210000,825 S SCOVILLE AVE,41.87339539,-87.78816826,205,,false
16182250250000,825 S WESLEY AVE,41.87341714,-87.79187757,206,,false
16181270190000,825 WISCONSIN AVE,41.87446114,-87.8024574,205,,false
16063030220000,825 WOODBINE AVE,41.90076741,-87.79972023,205,Frank Lloyd Wright,false
16181330080000,826 CARPENTER AVE,41.87452798,-87.79589605,203,,false
16182270070000,826 CLARENCE AVE,41.87332215,-87.79006715,205,,false
16064030070000,826 COLUMBIAN AVE,41.90078613,-87.79087769,205,Frank Lloyd Wright,false
16063030060000,826 FOREST AVE,41.90076326,-87.80069009,205,Frank Lloyd Wright,false
16181300050000,826 HOME AVE,41.87443358,-87.7994996,202,,false
16053030410000,826 MAPLETON AVE,41.9010044,-87.78111637,278,,false
16053010080000,826 N CUYLER AVE,41.90090128,-87.78361181,205,,false
16064060070000,826 N ELMWOOD AVE,41.90085874,-87.78633557,205,Frank Lloyd Wright,false
16064010070000,826 N EUCLID AVE,41.90075879,-87.79330364,206,Frank Lloyd Wright,false
16063050060000,826 N KENILWORTH AVE,41.9008285,-87.79754628,206,Frank Lloyd Wright,false
16064020070000,826 N LINDEN AVE,41.90075671,-87.79209316,205,Frank Lloyd Wright,false
16053040070000,826 N LOMBARD AVE,41.9010794,-87.77994417,203,,false
16064000070000,826 N OAK PARK AVE,41.90071958,-87.79452903,206,Frank Lloyd Wright,false
16053000100000,826 N RIDGELAND AVE,41.90093317,-87.78481153,205,Frank Lloyd Wright,false
16053060080000,826 N TAYLOR AVE,41.90116725,-87.77748295,203,,false
16171250100000,826 S CUYLER AVE,41.87347817,-87.78275876,205,,false
16182280100000,826 S EAST AVE,41.87334637,-87.78885039,203,,false
16181350090000,826 S GROVE AVE,41.87322185,-87.79495514,205,,false
16171270110000,826 S HARVEY AVE,41.873507,-87.78026561,205,,false
16171260120000,826 S HIGHLAND AVE,41.8734706,-87.78156329,203,,false
16181320090000,826 S KENILWORTH AVE,41.87443853,-87.7969027,205,,false
16171300100000,826 S LYMAN AVE,41.8735559,-87.77663858,203,,false
16171240090000,826 S RIDGELAND AVE,41.87345684,-87.7839538,205,,false
16181290100000,826 WENONAH AVE,41.8744119,-87.80065826,203,,false
16063010200000,827 BELLEFORTE AVE,41.90070843,-87.80277966,278,Frank Lloyd Wright,false
16064020200000,827 COLUMBIAN AVE,41.90078358,-87.79150971,206,Frank Lloyd Wright,false
16064040200000,827 FAIR OAKS AVE,41.90081998,-87.78865607,206,Frank Lloyd Wright,false
16063020240000,827 FOREST AVE,41.90076954,-87.80123438,205,Frank Lloyd Wright,false
16053020270000,827 MAPLETON AVE,41.90098686,-87.78173774,202,,false
16064030200000,827 N EAST AVE,41.90080878,-87.79023283,204,Frank Lloyd Wright,false
16064050200000,827 N ELMWOOD AVE,41.90083996,-87.78703968,205,Frank Lloyd Wright,false
16063050200000,827 N GROVE AVE,41.90085007,-87.79666122,206,Frank Lloyd Wright,false
16053010230000,827 N HARVEY AVE,41.90093784,-87.78296116,203,,false
16064010200000,827 N LINDEN AVE,41.90073933,-87.79268611,203,Frank Lloyd Wright,false
16053030300000,827 N LOMBARD AVE,41.90098373,-87.78047766,203,,false
16063000160000,827 N MARION ST,41.90074743,-87.8042334,205,Frank Lloyd Wright,false
16063060200000,827 N OAK PARK AVE,41.90088121,-87.79522549,206,Frank Lloyd Wright,false
16181300190000,827 S CLINTON AVE,41.87440768,-87.79895604,205,,false
16171240250000,827 S CUYLER AVE,41.87343699,-87.78331249,205,,false
16182270150000,827 S EAST AVE,41.87331914,-87.78943178,203,,false
16182290240000,827 S GUNDERSON AVE,41.87336134,-87.78694671,205,,false
16171260290000,827 S HARVEY AVE,41.8734564,-87.78084008,203,,false
16171250280000,827 S HIGHLAND AVE,41.87339093,-87.78208416,205,,false
16182250260000,827 S WESLEY AVE,41.87329925,-87.79183354,206,,false
16181280260000,827 WENONAH AVE,41.87437334,-87.80116454,202,,false
16181270200000,827 WISCONSIN AVE,41.8743706,-87.80246597,206,,false
16063030210000,827 WOODBINE AVE,41.90087244,-87.79968659,203,Frank Lloyd Wright,false
16181330090000,828 CARPENTER AVE,41.87442711,-87.79589689,202,,false
16182270080000,828 CLARENCE AVE,41.87322971,-87.79007356,205,,false
16064040060000,828 N EAST AVE,41.90093497,-87.7895976,203,Frank Lloyd Wright,false
16053020090000,828 N HARVEY AVE,41.90100938,-87.78238308,205,,false
16053070070000,828 N HUMPHREY AVE,41.90124426,-87.7762897,205,,false
16063010070000,828 N MARION ST,41.90083211,-87.80362122,205,Frank Lloyd Wright,false
16053000090000,828 N RIDGELAND AVE,41.90102051,-87.78479806,206,Frank Lloyd Wright,false
16053060070000,828 N TAYLOR AVE,41.90126701,-87.77748876,203,,false
16181310090000,828 S CLINTON AVE,41.87439135,-87.79835589,205,,false
16182280110000,828 S EAST AVE,41.87327912,-87.78885096,203,,false
16182310090000,828 S ELMWOOD AVE,41.87336795,-87.78519757,205,Gunderson ,false
16182250100000,828 S EUCLID AVE,41.87329233,-87.79253519,203,,false
16182300090000,828 S GUNDERSON AVE,41.87335259,-87.78638164,205,Gunderson ,false
16171270120000,828 S HARVEY AVE,41.87343556,-87.78026623,205,,false
16171260130000,828 S HIGHLAND AVE,41.87340338,-87.78156387,205,,false
16171310080000,828 S HUMPHREY AVE,41.87349768,-87.77537211,205,,false
16171280100000,828 S LOMBARD AVE,41.87351979,-87.77904763,205,,false
16181270090000,828 S MAPLE AVE,41.87424552,-87.80336243,203,,false
16171240100000,828 S RIDGELAND AVE,41.87336148,-87.78395781,205,,false
16182290140000,828 S SCOVILLE AVE,41.87328157,-87.78759613,205,,false
16171290150000,828 S TAYLOR AVE,41.87346609,-87.7778169,203,,false
16181290110000,828 WENONAH AVE,41.87432133,-87.80065901,202,,false
16181280090000,828 WISCONSIN AVE,41.87428599,-87.8018603,205,,false
16063040070000,828 WOODBINE AVE,41.90087062,-87.79909357,205,Frank Lloyd Wright,false
16182260280000,829 CLARENCE AVE,41.87322645,-87.79065869,203,,false
16181290280000,829 HOME AVE,41.87433415,-87.79997227,203,,false
16053000290000,829 N CUYLER AVE,41.90098353,-87.7841691,203,,false
16053010220000,829 N HARVEY AVE,41.9010404,-87.7829501,203,,false
16053040220000,829 N HAYES AVE,41.90122099,-87.77931509,204,,false
16053060260000,829 N HUMPHREY AVE,41.9012059,-87.77683993,203,,false
16063040240000,829 N KENILWORTH AVE,41.90092682,-87.79823192,204,Frank Lloyd Wright,false
16064060220000,829 N RIDGELAND AVE,41.90093653,-87.78546754,205,Frank Lloyd Wright,false
16053050140000,829 N TAYLOR AVE,41.90118732,-87.77809303,206,,false
16171240260000,829 S CUYLER AVE,41.87336554,-87.78331311,205,,false
16182270160000,829 S EAST AVE,41.87323088,-87.78943253,203,,false
16182300230000,829 S ELMWOOD AVE,41.87336433,-87.78570972,205,Gunderson ,false
16181330220000,829 S GROVE AVE,41.87440861,-87.79553686,205,,false
16171300250000,829 S HUMPHREY AVE,41.87349027,-87.77590943,205,,false
16181310260000,829 S KENILWORTH AVE,41.87435854,-87.79752216,205,,false
16171270300000,829 S LOMBARD AVE,41.87341423,-87.77964401,203,,false
16171290310000,829 S LYMAN AVE,41.87345124,-87.77711859,203,,false
16181260160000,829 S MAPLE AVE,41.87430937,-87.80397001,206,,false
16182310230000,829 S RIDGELAND AVE,41.87338589,-87.78455594,205,Gunderson ,false
16182280220000,829 S SCOVILLE AVE,41.8732693,-87.78816933,205,,false
16171280280000,829 S TAYLOR AVE,41.87342862,-87.77836657,203,,false
16181280270000,829 WENONAH AVE,41.87428277,-87.80116529,204,,false
16181270210000,829 WISCONSIN AVE,41.87426529,-87.80243945,205,,false
16063020050000,830 BELLEFORTE AVE,41.90088575,-87.80216049,206,Frank Lloyd Wright,false
16181330100000,830 CARPENTER AVE,41.87433884,-87.79589763,205,,false
16064030060000,830 COLUMBIAN AVE,41.90092442,-87.79087651,205,Frank Lloyd Wright,false
16064050060000,830 FAIR OAKS AVE,41.90098821,-87.78798444,206,Frank Lloyd Wright,false
16063030050000,830 FOREST AVE,41.90091254,-87.80070523,202,Frank Lloyd Wright,false
16053030400000,830 MAPLETON AVE,41.9010924,-87.7811215,278,,false
16053260180000,830 N AUSTIN BLVD,41.89579204,-87.77542821,205,,false
16053010070000,830 N CUYLER AVE,41.90103233,-87.78359795,205,,false
16064060060000,830 N ELMWOOD AVE,41.90099704,-87.78633439,205,Frank Lloyd Wright,false
16064010060000,830 N EUCLID AVE,41.90089356,-87.79327632,204,Frank Lloyd Wright,false
16063060060000,830 N GROVE AVE,41.90093229,-87.79608087,205,Frank Lloyd Wright,false
16053020080000,830 N HARVEY AVE,41.90111449,-87.78238218,205,,false
16063050050000,830 N KENILWORTH AVE,41.90096126,-87.79754517,206,Frank Lloyd Wright,false
16064020060000,830 N LINDEN AVE,41.90089515,-87.79212163,206,Frank Lloyd Wright,false
16053040060000,830 N LOMBARD AVE,41.90116914,-87.77994006,202,,false
16064000060000,830 N OAK PARK AVE,41.9008506,-87.79453579,206,Frank Lloyd Wright,false
16181310100000,830 S CLINTON AVE,41.87428613,-87.79834894,206,,false
16171250110000,830 S CUYLER AVE,41.8733771,-87.78272036,203,,false
16182280120000,830 S EAST AVE,41.87319926,-87.78885163,203,,false
16182250110000,830 S EUCLID AVE,41.87321291,-87.79251036,205,,false
16181350100000,830 S GROVE AVE,41.87313768,-87.79493333,203,,false
16181320100000,830 S KENILWORTH AVE,41.87432567,-87.7969164,205,,false
16171280110000,830 S LOMBARD AVE,41.87340799,-87.77904476,205,,false
16171300110000,830 S LYMAN AVE,41.87345264,-87.77662412,203,,false
16171290160000,830 S TAYLOR AVE,41.87338585,-87.77782143,203,,false
16182260140000,830 S WESLEY AVE,41.87316866,-87.79126867,205,,false
16181290120000,830 WENONAH AVE,41.87424536,-87.80065964,203,,false
16063040060000,830 WOODBINE AVE,41.90100269,-87.7990892,203,Frank Lloyd Wright,false
16181320310000,831 CARPENTER AVE,41.87436842,-87.79628985,202,,false
16182260290000,831 CLARENCE AVE,41.87312967,-87.79063679,203,,false
16064020190000,831 COLUMBIAN AVE,41.90091081,-87.79150863,206,Frank Lloyd Wright,false
16064040190000,831 FAIR OAKS AVE,41.90095406,-87.78867873,206,Frank Lloyd Wright,false
16063020230000,831 FOREST AVE,41.900904,-87.80121688,203,Frank Lloyd Wright,false
16181290290000,831 HOME AVE,41.8742611,-87.79997288,203,,false
16053020260000,831 MAPLETON AVE,41.90109242,-87.78173683,203,,false
16053000280000,831 N CUYLER AVE,41.90108804,-87.78416821,205,,false
16064030190000,831 N EAST AVE,41.90093619,-87.7902688,206,Frank Lloyd Wright,false
16064050190000,831 N ELMWOOD AVE,41.90097847,-87.78708296,206,Frank Lloyd Wright,false
16064000200000,831 N EUCLID AVE,41.90088483,-87.79391443,205,Frank Lloyd Wright,false
16063050190000,831 N GROVE AVE,41.90097737,-87.79667497,204,Frank Lloyd Wright,false
16053040210000,831 N HAYES AVE,41.90131316,-87.77929759,203,,false
16053060250000,831 N HUMPHREY AVE,41.90129441,-87.77683916,204,,false
16064010190000,831 N LINDEN AVE,41.90088309,-87.79267008,205,Frank Lloyd Wright,false
16053030280000,831 N LOMBARD AVE,41.90111285,-87.78048261,202,,false
16063000150000,831 N MARION ST,41.90088105,-87.80423229,206,Frank Lloyd Wright,false
16064060210000,831 N RIDGELAND AVE,41.90102779,-87.78547949,205,Frank Lloyd Wright,false
16053050130000,831 N TAYLOR AVE,41.90126463,-87.77809571,203,,false
16181300200000,831 S CLINTON AVE,41.87431414,-87.79894899,205,,false
16171240270000,831 S CUYLER AVE,41.87326452,-87.7832858,206,,false
16182290250000,831 S GUNDERSON AVE,41.87320579,-87.78694804,204,,false
16171260300000,831 S HARVEY AVE,41.87335129,-87.78084099,205,,false
16171250290000,831 S HIGHLAND AVE,41.87326899,-87.78207412,205,,false
16182250270000,831 S WESLEY AVE,41.87321098,-87.79183428,205,,false
16182270090000,832 CLARENCE AVE,41.87314131,-87.79004617,205,,false
16181300060000,832 HOME AVE,41.87422018,-87.7994779,205,,false
16053260170000,832 N AUSTIN BLVD,41.89587039,-87.77544659,205,,false
16053070060000,832 N HUMPHREY AVE,41.9013439,-87.77630366,202,,false
16053040050000,832 N LOMBARD AVE,41.9012589,-87.77993928,203,,false
16063010060000,832 N MARION ST,41.90093232,-87.80362039,203,Frank Lloyd Wright,false
16064000050000,832 N OAK PARK AVE,41.90101086,-87.79452397,205,Frank Lloyd Wright,false
16053000080000,832 N RIDGELAND AVE,41.90110414,-87.78480243,203,Frank Lloyd Wright,false
16053060060000,832 N TAYLOR AVE,41.90137434,-87.77751121,203,,false
16171250120000,832 S CUYLER AVE,41.87327638,-87.7827548,205,,false
16182280130000,832 S EAST AVE,41.87314042,-87.78885213,202,,false
16182310100000,832 S ELMWOOD AVE,41.87323765,-87.78520438,206,Gunderson ,false
16182250120000,832 S EUCLID AVE,41.87312882,-87.79250544,203,,false
16182300100000,832 S GUNDERSON AVE,41.87325171,-87.7863825,205,Gunderson ,false
16171270130000,832 S HARVEY AVE,41.87330948,-87.78027301,203,,false
16171260140000,832 S HIGHLAND AVE,41.87328144,-87.78155353,205,,false
16171310090000,832 S HUMPHREY AVE,41.87337437,-87.77536167,205,,false
16171300120000,832 S LYMAN AVE,41.87334663,-87.77663213,205,,false
16182290150000,832 S SCOVILLE AVE,41.87321432,-87.7875967,205,,false
16171290170000,832 S TAYLOR AVE,41.87330858,-87.77784512,205,,false
16182260150000,832 S WESLEY AVE,41.87310147,-87.79128049,205,,false
16181280100000,832 WISCONSIN AVE,41.87418663,-87.80185721,205,,false
16182260300000,833 CLARENCE AVE,41.87304136,-87.79062629,204,,false
16063020220000,833 FOREST AVE,41.90101789,-87.80120725,205,Frank Lloyd Wright,false
16181290300000,833 HOME AVE,41.87415594,-87.79997766,203,,false
16053020250000,833 MAPLETON AVE,41.90118529,-87.78174074,202,,false
16064000190000,833 N EUCLID AVE,41.90102958,-87.79393154,205,Frank Lloyd Wright,false
16053010210000,833 N HARVEY AVE,41.90114299,-87.78294667,203,,false
16053060240000,833 N HUMPHREY AVE,41.90138292,-87.77683839,205,,false
16053030270000,833 N LOMBARD AVE,41.90118477,-87.78048199,203,,false
16063060270000,833 N OAK PARK AVE,41.90097795,-87.7951987,205,Frank Lloyd Wright,false
16181300210000,833 S CLINTON AVE,41.87420604,-87.79894989,205,,false
16171240280000,833 S CUYLER AVE,41.87316818,-87.78335407,203,,false
16182270170000,833 S EAST AVE,41.87316363,-87.7894331,203,,false
16182300240000,833 S ELMWOOD AVE,41.87322983,-87.78569947,205,Gunderson ,false
16182290260000,833 S GUNDERSON AVE,41.87308808,-87.78693795,205,,false
16171300260000,833 S HUMPHREY AVE,41.87335595,-87.77589908,205,,false
16181310270000,833 S KENILWORTH AVE,41.87421984,-87.79752332,205,,false
16171270390000,833 S LOMBARD AVE,41.87327034,-87.77963244,205,,false
16171290320000,833 S LYMAN AVE,41.87332992,-87.77712602,205,,false
16182310240000,833 S RIDGELAND AVE,41.87324722,-87.78455713,205,Gunderson ,false
16182280230000,833 S SCOVILLE AVE,41.87311371,-87.78815376,205,,false
16171280310000,833 S TAYLOR AVE,41.87331673,-87.77835414,203,,false
16182250280000,833 S WESLEY AVE,41.87312692,-87.79183499,202,,false
16181280280000,833 WENONAH AVE,41.87419515,-87.80117384,203,,false
16181270220000,833 WISCONSIN AVE,41.87413669,-87.8024327,203,,false
16063030200000,833 WOODBINE AVE,41.90102683,-87.79974756,204,Frank Lloyd Wright,false
16181330120000,834 CARPENTER AVE,41.87422528,-87.7958817,205,,false
16182270100000,834 CLARENCE AVE,41.87304464,-87.79004699,205,,false
16064030050000,834 COLUMBIAN AVE,41.9010574,-87.79091985,206,Frank Lloyd Wright,false
16064050050000,834 FAIR OAKS AVE,41.9011235,-87.78797413,206,Frank Lloyd Wright,false
16063030040000,834 FOREST AVE,41.90102989,-87.80069115,205,Frank Lloyd Wright,false
16053030070000,834 MAPLETON AVE,41.90119893,-87.78112607,202,,false
16053260160000,834 N AUSTIN BLVD,41.89596288,-87.77544578,205,,false
16053010060000,834 N CUYLER AVE,41.9011843,-87.78358901,205,,false
16064040050000,834 N EAST AVE,41.90107345,-87.78963347,206,Frank Lloyd Wright,false
16064060050000,834 N ELMWOOD AVE,41.90113534,-87.78633321,205,Frank Lloyd Wright,false
16064010050000,834 N EUCLID AVE,41.90102668,-87.79331448,205,Frank Lloyd Wright,false
16063060050000,834 N GROVE AVE,41.90104847,-87.7960799,205,Frank Lloyd Wright,false
16053020070000,834 N HARVEY AVE,41.90121403,-87.78237392,203,,false
16053070050000,834 N HUMPHREY AVE,41.90143798,-87.77631025,203,,false
16063050040000,834 N KENILWORTH AVE,41.90110506,-87.79753656,205,Frank Lloyd Wright,false
16064020050000,834 N LINDEN AVE,41.90104451,-87.79212037,205,Frank Lloyd Wright,false
16053040040000,834 N LOMBARD AVE,41.90135136,-87.7799819,203,,false
16063010050000,834 N MARION ST,41.9010271,-87.80364943,203,Frank Lloyd Wright,false
16053000070000,834 N RIDGELAND AVE,41.90119161,-87.78481441,205,Frank Lloyd Wright,false
16181310110000,834 S CLINTON AVE,41.87415175,-87.79835398,205,,false
16171250130000,834 S CUYLER AVE,41.87317549,-87.78275566,205,,false
16182310110000,834 S ELMWOOD AVE,41.87312837,-87.78519392,205,Gunderson ,false
16182250130000,834 S EUCLID AVE,41.87306157,-87.792506,205,,false
16182300110000,834 S GUNDERSON AVE,41.87310451,-87.78636463,205,Gunderson ,false
16171270140000,834 S HARVEY AVE,41.87322903,-87.78026937,205,,false
16171260150000,834 S HIGHLAND AVE,41.87318477,-87.78155436,205,,false
16181320110000,834 S KENILWORTH AVE,41.8741912,-87.79692315,205,,false
16171280120000,834 S LOMBARD AVE,41.87330758,-87.77902644,203,,false
16171300130000,834 S LYMAN AVE,41.87324051,-87.77661829,205,,false
16171240120000,834 S RIDGELAND AVE,41.87326057,-87.78395297,205,,false
16182290160000,834 S SCOVILLE AVE,41.87309656,-87.78758082,205,,false
16171290180000,834 S TAYLOR AVE,41.87323396,-87.77782658,203,,false
16182260160000,834 S WESLEY AVE,41.8730173,-87.7912587,204,,false
16181290130000,834 WENONAH AVE,41.87413725,-87.80066054,203,,false
16063040050000,834 WOODBINE AVE,41.90112255,-87.7990882,206,Frank Lloyd Wright,false
16063010180000,835 BELLEFORTE AVE,41.90104293,-87.80277689,206,Frank Lloyd Wright,false
16064020180000,835 COLUMBIAN AVE,41.90104911,-87.79150746,206,Frank Lloyd Wright,false
16064040180000,835 FAIR OAKS AVE,41.90110991,-87.78867924,205,Frank Lloyd Wright,false
16063020210000,835 FOREST AVE,41.90111243,-87.80121555,205,Frank Lloyd Wright,false
16053000270000,835 N CUYLER AVE,41.90119255,-87.78416986,205,,false
16064030180000,835 N EAST AVE,41.90108555,-87.79026753,206,Frank Lloyd Wright,false
16064050180000,835 N ELMWOOD AVE,41.90112227,-87.78707432,205,Frank Lloyd Wright,false
16063050180000,835 N GROVE AVE,41.90112677,-87.79668113,206,Frank Lloyd Wright,false
16053010200000,835 N HARVEY AVE,41.90126858,-87.78295911,203,,false
16063040230000,835 N KENILWORTH AVE,41.90109825,-87.79827309,206,Frank Lloyd Wright,false
16064010180000,835 N LINDEN AVE,41.90102153,-87.79269855,205,Frank Lloyd Wright,false
16053030260000,835 N LOMBARD AVE,41.90125668,-87.78048137,207,,false
16063000290000,835 N MARION ST,41.90097002,-87.80420919,205,Frank Lloyd Wright,false
16063060170000,835 N OAK PARK AVE,41.90111625,-87.79519754,205,Frank Lloyd Wright,false
16064060200000,835 N RIDGELAND AVE,41.90114773,-87.78552691,204,Frank Lloyd Wright,false
16053050120000,835 N TAYLOR AVE,41.90134679,-87.77807162,203,,false
16182270180000,835 S EAST AVE,41.87306276,-87.78943395,203,,false
16182300250000,835 S ELMWOOD AVE,41.87312053,-87.7857061,206,Gunderson ,false
16181330240000,835 S GROVE AVE,41.87422362,-87.79552716,205,,false
16171260320000,835 S HARVEY AVE,41.8732336,-87.7808363,205,,false
16171250300000,835 S HIGHLAND AVE,41.87317223,-87.78207495,205,,false
16171290330000,835 S LYMAN AVE,41.87320769,-87.77713605,278,,false
16182310250000,835 S RIDGELAND AVE,41.87313789,-87.78455806,205,Gunderson ,false
16171280320000,835 S TAYLOR AVE,41.87321495,-87.77834481,205,,false
16182250290000,835 S WESLEY AVE,41.87303732,-87.79181887,205,,false
16181280290000,835 WENONAH AVE,41.87410153,-87.80114723,205,,false
16063020440000,836 BELLEFORTE AVE,41.90110323,-87.80212161,278,Frank Lloyd Wright,false
16053030060000,836 MAPLETON AVE,41.90129319,-87.78116971,205,,false
16053010050000,836 N CUYLER AVE,41.90131791,-87.78360767,205,,false
16063060040000,836 N GROVE AVE,41.90119769,-87.796049,205,Frank Lloyd Wright,false
16053020060000,836 N HARVEY AVE,41.9013191,-87.7823656,206,,false
16053070040000,836 N HUMPHREY AVE,41.90158181,-87.776309,205,,false
16053040030000,836 N LOMBARD AVE,41.90144611,-87.77998109,203,,false
16053060050000,836 N TAYLOR AVE,41.90146659,-87.77751041,204,,false
16171250140000,836 S CUYLER AVE,41.87307038,-87.78273408,205,,false
16171270380000,836 S HARVEY AVE,41.87315383,-87.78025157,203,,false
16171310100000,836 S HUMPHREY AVE,41.87323101,-87.7753514,205,,false
16171280130000,836 S LOMBARD AVE,41.873213,-87.77902725,202,,false
16171300140000,836 S LYMAN AVE,41.87313723,-87.7766,205,,false
16171240130000,836 S RIDGELAND AVE,41.8731638,-87.78393132,206,,false
16181290140000,836 WENONAH AVE,41.8740525,-87.80065733,203,,false
16181280110000,836 WISCONSIN AVE,41.87406382,-87.80183867,203,,false
16063020200000,837 FOREST AVE,41.9011903,-87.80123744,205,Frank Lloyd Wright,false
16181290310000,837 HOME AVE,41.87404759,-87.79992771,205,,false
16053020240000,837 MAPLETON AVE,41.90127391,-87.78176221,206,,false
16053000260000,837 N CUYLER AVE,41.90128537,-87.78415413,205,,false
16064000180000,837 N EUCLID AVE,41.9011645,-87.79393564,205,Frank Lloyd Wright,false
16053040190000,837 N HAYES AVE,41.90149013,-87.77928604,204,,false
16053060230000,837 N HUMPHREY AVE,41.90148817,-87.77686712,203,,false
16063040220000,837 N KENILWORTH AVE,41.90122538,-87.79825892,204,Frank Lloyd Wright,false
16053030250000,837 N LOMBARD AVE,41.9013286,-87.78048075,203,,false
16063000280000,837 N MARION ST,41.90107023,-87.80420836,205,Frank Lloyd Wright,false
16053050110000,837 N TAYLOR AVE,41.90143655,-87.77807084,205,,false
16181300220000,837 S CLINTON AVE,41.87410376,-87.79894683,204,,false
16171260330000,837 S HARVEY AVE,41.87314106,-87.7808371,205,,false
16171300270000,837 S HUMPHREY AVE,41.87320206,-87.77588318,205,,false
16181310280000,837 S KENILWORTH AVE,41.8741021,-87.79751304,206,,false
16171270330000,837 S LOMBARD AVE,41.87316703,-87.77959944,203,,false
16182250300000,837 S WESLEY AVE,41.87296587,-87.79181947,203,,false
16181270230000,837 WISCONSIN AVE,41.87399645,-87.80243386,205,,false
16063030180000,837 WOODBINE AVE,41.90118815,-87.79972001,206,Frank Lloyd Wright,false
16063020030000,838 BELLEFORTE AVE,41.90118799,-87.80212688,205,Frank Lloyd Wright,false
16064030040000,838 COLUMBIAN AVE,41.90118457,-87.79090395,205,Frank Lloyd Wright,false
16064050040000,838 FAIR OAKS AVE,41.90124385,-87.78798226,206,Frank Lloyd Wright,false
16053030050000,838 MAPLETON AVE,41.90142588,-87.78115375,206,,false
16064040040000,838 N EAST AVE,41.90122281,-87.7896322,206,Frank Lloyd Wright,false
16064060040000,838 N ELMWOOD AVE,41.90127927,-87.78635421,205,Frank Lloyd Wright,false
16064010040000,838 N EUCLID AVE,41.90116938,-87.79331065,205,Frank Lloyd Wright,false
16063060030000,838 N GROVE AVE,41.9013028,-87.79604812,206,Frank Lloyd Wright,false
16063050030000,838 N KENILWORTH AVE,41.90123786,-87.79754286,205,Frank Lloyd Wright,false
16064020040000,838 N LINDEN AVE,41.90117724,-87.79211184,205,Frank Lloyd Wright,false
16063010040000,838 N MARION ST,41.90111618,-87.80364869,203,Frank Lloyd Wright,false
16064000040000,838 N OAK PARK AVE,41.90115561,-87.79454108,205,Frank Lloyd Wright,false
16053060040000,838 N TAYLOR AVE,41.9015688,-87.77750619,203,,false
16181310120000,838 S CLINTON AVE,41.87405531,-87.79835087,205,,false
16182280140000,838 S EAST AVE,41.87306477,-87.78885278,202,,false
16182310120000,838 S ELMWOOD AVE,41.87301482,-87.78519489,205,Gunderson ,false
16182300120000,838 S GUNDERSON AVE,41.87299644,-87.7863585,205,Gunderson ,false
16171260160000,838 S HIGHLAND AVE,41.87307547,-87.78156099,205,,false
16181320120000,838 S KENILWORTH AVE,41.87408556,-87.79692329,205,,false
16171290190000,838 S TAYLOR AVE,41.87312494,-87.7778045,203,,false
16181290150000,838 WENONAH AVE,41.87397358,-87.80065016,203,,false
16063040030000,838 WOODBINE AVE,41.90125957,-87.79909688,205,Frank Lloyd Wright,false
16063010170000,839 BELLEFORTE AVE,41.90119079,-87.80273262,206,Frank Lloyd Wright,false
16064020170000,839 COLUMBIAN AVE,41.90118745,-87.7915137,205,Frank Lloyd Wright,false
16064040170000,839 FAIR OAKS AVE,41.90123567,-87.78867451,205,Frank Lloyd Wright,false
16064030170000,839 N EAST AVE,41.90122385,-87.79026636,206,Frank Lloyd Wright,false
16064050170000,839 N ELMWOOD AVE,41.90125489,-87.78704355,206,Frank Lloyd Wright,false
16063050170000,839 N GROVE AVE,41.90124294,-87.79668016,205,Frank Lloyd Wright,false
16053010190000,839 N HARVEY AVE,41.90137922,-87.78295816,204,,false
16053040180000,839 N HAYES AVE,41.90158737,-87.7792852,205,,false
16053060220000,839 N HUMPHREY AVE,41.90157108,-87.77685158,205,,false
16064010170000,839 N LINDEN AVE,41.90117086,-87.79268988,205,Frank Lloyd Wright,false
16053030240000,839 N LOMBARD AVE,41.90138395,-87.78048768,205,,false
16063060160000,839 N OAK PARK AVE,41.90127153,-87.79527775,206,Frank Lloyd Wright,false
16064060190000,839 N RIDGELAND AVE,41.90130269,-87.78546387,204,Frank Lloyd Wright,false
16181300230000,839 S CLINTON AVE,41.87400732,-87.79894372,206,,false
16182300260000,839 S ELMWOOD AVE,41.87301952,-87.78567879,205,Gunderson ,false
16171250310000,839 S HIGHLAND AVE,41.87307556,-87.78207578,205,,false
16171270340000,839 S LOMBARD AVE,41.87309261,-87.77961927,203,,false
16182310260000,839 S RIDGELAND AVE,41.87302448,-87.78456473,205,Gunderson ,false
16182280290000,839 S SCOVILLE AVE,41.87295829,-87.7881742,205,,false
16171280330000,839 S TAYLOR AVE,41.87311896,-87.77834629,205,,false
16181280300000,839 WENONAH AVE,41.87400808,-87.80115975,203,,false
16063120340000,840 AUGUSTA ST,41.89822261,-87.7966123,206,Frank Lloyd Wright,false
16063030030000,840 FOREST AVE,41.90123525,-87.80066651,203,Frank Lloyd Wright,false
16181300070000,840 HOME AVE,41.8740127,-87.7994718,203,,false
16053020050000,840 N HARVEY AVE,41.90140761,-87.78236484,203,,false
16053070030000,840 N HUMPHREY AVE,41.90167586,-87.77630818,205,,false
16053040360000,840 N LOMBARD AVE,41.90157087,-87.78000005,203,,false
16063010030000,840 N MARION ST,41.90122752,-87.80364777,203,Frank Lloyd Wright,false
16053000050000,840 N RIDGELAND AVE,41.9013915,-87.78477613,203,Frank Lloyd Wright,false
16053060030000,840 N TAYLOR AVE,41.90166605,-87.77750868,203,,false
16181310130000,840 S CLINTON AVE,41.8739063,-87.79835211,205,,false
16171250150000,840 S CUYLER AVE,41.87296538,-87.78275747,205,,false
16171270170000,840 S HARVEY AVE,41.87301814,-87.78026328,206,,false
16171260170000,840 S HIGHLAND AVE,41.87297878,-87.78155613,205,,false
16171310110000,840 S HUMPHREY AVE,41.87309913,-87.77534488,205,,false
16181320130000,840 S KENILWORTH AVE,41.87396233,-87.79690649,205,,false
16171280140000,840 S LOMBARD AVE,41.87310405,-87.77902052,205,,false
16171290200000,840 S TAYLOR AVE,41.87301318,-87.7778093,203,,false
16181290160000,840 WENONAH AVE,41.87388289,-87.80062744,204,,false
16181280120000,840 WISCONSIN AVE,41.87395285,-87.80185133,205,,false
16181320330000,841 CARPENTER AVE,41.87389946,-87.79628476,205,,false
16063020190000,841 FOREST AVE,41.90128325,-87.80123667,205,Frank Lloyd Wright,false
16181290320000,841 HOME AVE,41.87393372,-87.7999443,205,,false
16053020230000,841 MAPLETON AVE,41.90138454,-87.78176126,205,,false
16053000250000,841 N CUYLER AVE,41.90136303,-87.78419793,203,,false
16064000170000,841 N EUCLID AVE,41.90130325,-87.793924,206,Frank Lloyd Wright,false
16063050160000,841 N GROVE AVE,41.90136464,-87.79667914,206,Frank Lloyd Wright,false
16053040170000,841 N HAYES AVE,41.90167964,-87.77928774,203,,false
16053060210000,841 N HUMPHREY AVE,41.90165413,-87.77686568,205,,false
16063040210000,841 N KENILWORTH AVE,41.90137459,-87.79825768,206,Frank Lloyd Wright,false
16053030230000,841 N LOMBARD AVE,41.90145594,-87.78050188,202,,false
16063000270000,841 N MARION ST,41.901176,-87.80420749,205,Frank Lloyd Wright,false
16064060180000,841 N RIDGELAND AVE,41.9013912,-87.78546311,206,Frank Lloyd Wright,false
16053050100000,841 N TAYLOR AVE,41.90151135,-87.77807019,202,,false
16171260340000,841 S HARVEY AVE,41.87304027,-87.78083797,205,,false
16171250320000,841 S HIGHLAND AVE,41.87297468,-87.78207665,205,,false
16171300280000,841 S HUMPHREY AVE,41.87308468,-87.77591107,205,,false
16181310290000,841 S KENILWORTH AVE,41.87397601,-87.7975141,205,,false
16182280300000,841 S SCOVILLE AVE,41.87287003,-87.78817495,205,,false
16171280340000,841 S TAYLOR AVE,41.87301006,-87.77835107,205,,false
16181280310000,841 WENONAH AVE,41.87390885,-87.80118404,203,,false
16181270250000,841 WISCONSIN AVE,41.87386783,-87.80242318,203,,false
16181340010000,842 CARPENTER AVE,41.87393709,-87.79588167,205,,false
16064030030000,842 COLUMBIAN AVE,41.90133396,-87.7909101,206,Frank Lloyd Wright,false
16064050030000,842 FAIR OAKS AVE,41.90138743,-87.7879902,205,Frank Lloyd Wright,false
16053030040000,842 MAPLETON AVE,41.90151454,-87.78118263,205,,false
16053010040000,842 N CUYLER AVE,41.90144511,-87.78359917,206,,false
16064060030000,842 N ELMWOOD AVE,41.90141204,-87.78635308,205,Frank Lloyd Wright,false
16064010030000,842 N EUCLID AVE,41.90130228,-87.79330168,205,Frank Lloyd Wright,false
16063060020000,842 N GROVE AVE,41.90140791,-87.79604724,203,Frank Lloyd Wright,false
16053020040000,842 N HARVEY AVE,41.90149619,-87.7823789,205,,false
16063050020000,842 N KENILWORTH AVE,41.90137616,-87.79754171,205,Frank Lloyd Wright,false
16064020030000,842 N LINDEN AVE,41.90130451,-87.79211818,206,Frank Lloyd Wright,false
16053040350000,842 N LOMBARD AVE,41.90167309,-87.77999916,204,,false
16064000030000,842 N OAK PARK AVE,41.90126901,-87.79454275,205,Frank Lloyd Wright,false
16053000040000,842 N RIDGELAND AVE,41.9014799,-87.78475315,205,Frank Lloyd Wright,false
16053060020000,842 N TAYLOR AVE,41.90175332,-87.77750792,203,,false
16182280240000,842 S EAST AVE,41.87291702,-87.78883809,205,,false
16182310130000,842 S ELMWOOD AVE,41.8729056,-87.78519583,206,Gunderson ,false
16182300130000,842 S GUNDERSON AVE,41.87288591,-87.78635527,206,Gunderson ,false
16171260180000,842 S HIGHLAND AVE,41.8728779,-87.781557,205,,false
16171300150000,842 S LYMAN AVE,41.87303495,-87.77658625,203,,false
16181280130000,842 WISCONSIN AVE,41.87385639,-87.8018443,205,,false
16063040020000,842 WOODBINE AVE,41.90137444,-87.79907627,205,Frank Lloyd Wright,false
16064020160000,843 COLUMBIAN AVE,41.90134259,-87.79156426,204,Frank Lloyd Wright,false
16064040160000,843 FAIR OAKS AVE,41.90139025,-87.78869517,205,Frank Lloyd Wright,false
16181290330000,843 HOME AVE,41.87383143,-87.79994124,205,,false
16053020220000,843 MAPLETON AVE,41.90149518,-87.78176031,203,,false
16053000240000,843 N CUYLER AVE,41.90145707,-87.78419712,205,,false
16064030160000,843 N EAST AVE,41.90135109,-87.79026528,205,Frank Lloyd Wright,false
16064050160000,843 N ELMWOOD AVE,41.9013711,-87.78704997,206,Frank Lloyd Wright,false
16053010180000,843 N HARVEY AVE,41.90146773,-87.7829574,202,,false
16053040160000,843 N HAYES AVE,41.90177171,-87.77925021,205,,false
16053060200000,843 N HUMPHREY AVE,41.90174817,-87.77686486,206,,false
16064010160000,843 N LINDEN AVE,41.90129256,-87.79268885,206,Frank Lloyd Wright,false
16053030220000,843 N LOMBARD AVE,41.9015337,-87.78056743,206,,false
16063000250000,843 N MARION ST,41.90128738,-87.80421402,205,Frank Lloyd Wright,false
16063060150000,843 N OAK PARK AVE,41.90141526,-87.79525431,206,Frank Lloyd Wright,false
16053050090000,843 N TAYLOR AVE,41.90160121,-87.77808945,203,,false
16181300240000,843 S CLINTON AVE,41.87388458,-87.79894083,205,,false
16182300270000,843 S ELMWOOD AVE,41.87289348,-87.78567417,205,Gunderson ,false
16181340110000,843 S GROVE AVE,41.87394383,-87.79552706,203,,false
16171260350000,843 S HARVEY AVE,41.8729267,-87.78083325,205,,false
16171250330000,843 S HIGHLAND AVE,41.87287799,-87.78207178,205,,false
16182310270000,843 S RIDGELAND AVE,41.87290671,-87.78454325,205,Gunderson ,false
16182280310000,843 S SCOVILLE AVE,41.87278184,-87.78819259,205,,false
16181280320000,843 WENONAH AVE,41.87380205,-87.80116522,204,,false
16181340020000,844 CARPENTER AVE,41.87385723,-87.79588234,203,,false
16181300080000,844 HOME AVE,41.87380527,-87.79947744,202,,false
16053030030000,844 MAPLETON AVE,41.90159181,-87.78114491,203,,false
16053260130000,844 N AUSTIN BLVD,41.89628667,-87.77545731,205,,false
16053020030000,844 N HARVEY AVE,41.90158463,-87.78236332,203,,false
16053070020000,844 N HUMPHREY AVE,41.90177543,-87.77630732,203,,false
16063010020000,844 N MARION ST,41.90131099,-87.80363963,202,Frank Lloyd Wright,false
16053000030000,844 N RIDGELAND AVE,41.90156828,-87.78472444,205,Frank Lloyd Wright,false
16171250170000,844 S CUYLER AVE,41.8727763,-87.78276478,205,,false
16182280250000,844 S EAST AVE,41.8728036,-87.78885031,205,,false
16181320460000,844 S KENILWORTH AVE,41.87384462,-87.79690184,205,,false
16171290210000,844 S TAYLOR AVE,41.87289849,-87.77780262,203,,false
16181290170000,844 WENONAH AVE,41.87379364,-87.80061239,203,,false
16181320340000,845 CARPENTER AVE,41.87383213,-87.79626844,205,,false
16071040170000,845 CHICAGO AVE,41.89413993,-87.79680327,205,Frank Lloyd Wright,false
16063020180000,845 FOREST AVE,41.90137863,-87.8012326,203,Frank Lloyd Wright,false
16063240230000,845 IOWA ST,41.89601834,-87.79705024,205,Frank Lloyd Wright,false
16053020210000,845 MAPLETON AVE,41.90158919,-87.78175209,204,,false
16053000230000,845 N CUYLER AVE,41.90155661,-87.78418886,203,,false
16063050150000,845 N GROVE AVE,41.90146422,-87.79667831,205,Frank Lloyd Wright,false
16053010170000,845 N HARVEY AVE,41.90156738,-87.78297136,203,,false
16064060170000,845 N RIDGELAND AVE,41.90152369,-87.78540364,205,Frank Lloyd Wright,false
16053050080000,845 N TAYLOR AVE,41.90170843,-87.77809186,203,,false
16171260360000,845 S HARVEY AVE,41.87283001,-87.78082869,205,,false
16171250340000,845 S HIGHLAND AVE,41.87279818,-87.78206677,205,,false
16181310300000,845 S KENILWORTH AVE,41.87385407,-87.79750386,205,,false
16064030020000,846 COLUMBIAN AVE,41.9014945,-87.79093097,206,Frank Lloyd Wright,false
16064050020000,846 FAIR OAKS AVE,41.90154603,-87.78799251,206,Frank Lloyd Wright,false
16063030010000,846 FOREST AVE,41.9013966,-87.80064551,278,Frank Lloyd Wright,false
16053010030000,846 N CUYLER AVE,41.90156138,-87.7836204,205,,false
16064040020000,846 N EAST AVE,41.90153263,-87.78960323,206,Frank Lloyd Wright,false
16064060020000,846 N ELMWOOD AVE,41.90154481,-87.78635195,206,Frank Lloyd Wright,false
16064010020000,846 N EUCLID AVE,41.90144304,-87.79330049,206,Frank Lloyd Wright,false
16053070010000,846 N HUMPHREY AVE,41.90185841,-87.77630659,205,,false
16063050010000,846 N KENILWORTH AVE,41.9015091,-87.79757764,205,Frank Lloyd Wright,false
16064020020000,846 N LINDEN AVE,41.90144299,-87.79215406,205,Frank Lloyd Wright,false
16053040340000,846 N LOMBARD AVE,41.90176759,-87.77994825,203,,false
16063010010000,846 N MARION ST,41.90142799,-87.80331589,204,Frank Lloyd Wright,false
16064000020000,846 N OAK PARK AVE,41.90141967,-87.79456767,205,Frank Lloyd Wright,false
16053060010000,846 N TAYLOR AVE,41.90184061,-87.77751385,203,,false
16181310140000,846 S CLINTON AVE,41.87380095,-87.79831778,206,,false
16182280260000,846 S EAST AVE,41.87266064,-87.78884027,205,,false
16182310140000,846 S ELMWOOD AVE,41.87279235,-87.78521456,205,Gunderson ,false
16182300140000,846 S GUNDERSON AVE,41.87275558,-87.78635638,206,Gunderson ,false
16063040010000,846 WOODBINE AVE,41.90149442,-87.79910148,204,Frank Lloyd Wright,false
16181320350000,847 CARPENTER AVE,41.87374387,-87.79626917,205,,false
16071040020000,847 CHICAGO AVE,41.89414437,-87.79698901,206,Frank Lloyd Wright,false
16064020150000,847 COLUMBIAN AVE,41.90145862,-87.79153364,205,Frank Lloyd Wright,false
16064040150000,847 FAIR OAKS AVE,41.90152838,-87.78870681,205,Frank Lloyd Wright,false
16063020170000,847 FOREST AVE,41.90146178,-87.80122863,203,Frank Lloyd Wright,false
16181290340000,847 HOME AVE,41.87374091,-87.79995373,205,,false
16053000220000,847 N CUYLER AVE,41.90163959,-87.78418815,205,,false
16064030150000,847 N EAST AVE,41.90147832,-87.7902642,206,Frank Lloyd Wright,false
16064050150000,847 N ELMWOOD AVE,41.90152046,-87.7870487,206,Frank Lloyd Wright,false
16064000160000,847 N EUCLID AVE,41.90143829,-87.79395429,205,Frank Lloyd Wright,false
16063050140000,847 N GROVE AVE,41.90154723,-87.79668502,205,Frank Lloyd Wright,false
16053060190000,847 N HUMPHREY AVE,41.90184775,-87.776864,202,,false
16063040200000,847 N KENILWORTH AVE,41.90149695,-87.79826976,206,Frank Lloyd Wright,false
16064010150000,847 N LINDEN AVE,41.90144756,-87.79270977,205,Frank Lloyd Wright,false
16053030210000,847 N LOMBARD AVE,41.90165505,-87.78049228,203,,false
16063000310000,847 N MARION ST,41.90138759,-87.8042132,205,Frank Lloyd Wright,false
16063060140000,847 N OAK PARK AVE,41.90151483,-87.79525347,205,Frank Lloyd Wright,false
16053050070000,847 N TAYLOR AVE,41.90182562,-87.77809085,203,,false
16181300260000,847 S CLINTON AVE,41.87375599,-87.79893408,205,,false
16181340120000,847 S GROVE AVE,41.8738386,-87.79549417,203,,false
16181310310000,847 S KENILWORTH AVE,41.873749,-87.79750474,205,,false
16181340030000,848 CARPENTER AVE,41.87376476,-87.79588312,205,,false
16053030020000,848 MAPLETON AVE,41.90169691,-87.78114401,203,,false
16053010020000,848 N CUYLER AVE,41.90167202,-87.78361945,206,,false
16053020020000,848 N HARVEY AVE,41.90168421,-87.78236246,203,,false
16053000010000,848 N RIDGELAND AVE,41.90173364,-87.78467115,205,Frank Lloyd Wright,false
16181310150000,848 S CLINTON AVE,41.87370161,-87.79831861,206,,false
16181320160000,848 S KENILWORTH AVE,41.87371433,-87.79690293,205,,false
16181290350000,849 HOME AVE,41.8736358,-87.79997025,205,,false
16053020200000,849 MAPLETON AVE,41.90167217,-87.78175137,203,,false
16053010160000,849 N HARVEY AVE,41.90166696,-87.78297051,203,,false
16181300270000,849 S CLINTON AVE,41.87365373,-87.79893493,205,,false
16181340130000,849 S GROVE AVE,41.87376232,-87.79548037,205,,false
16181340040000,850 CARPENTER AVE,41.87366389,-87.79588396,205,,false
16064030010000,850 COLUMBIAN AVE,41.90159393,-87.79090049,205,Frank Lloyd Wright,false
16064050010000,850 FAIR OAKS AVE,41.90168282,-87.78800966,205,Frank Lloyd Wright,false
16181300320000,850 HOME AVE,41.8736241,-87.79947504,205,,false
16053030010000,850 MAPLETON AVE,41.90178542,-87.78114324,203,,false
16053010010000,850 N CUYLER AVE,41.90176053,-87.78361869,205,,false
16064040010000,850 N EAST AVE,41.90163081,-87.78955112,203,Frank Lloyd Wright,false
16064060010000,850 N ELMWOOD AVE,41.90169417,-87.78635067,206,Frank Lloyd Wright,false
16064010010000,850 N EUCLID AVE,41.90157765,-87.79331461,205,Frank Lloyd Wright,false
16053020010000,850 N HARVEY AVE,41.90177272,-87.7823617,203,,false
16064020010000,850 N LINDEN AVE,41.90160341,-87.7921527,205,Frank Lloyd Wright,false
16064000010000,850 N OAK PARK AVE,41.90152313,-87.79453537,206,Frank Lloyd Wright,false
16181310160000,850 S CLINTON AVE,41.8735876,-87.79830783,203,,false
16181320180000,850 S KENILWORTH AVE,41.87358398,-87.79689277,205,,false
16181320360000,851 CARPENTER AVE,41.87365978,-87.79626425,205,,false
16064020140000,851 COLUMBIAN AVE,41.90160255,-87.79155465,205,Frank Lloyd Wright,false
16064040140000,851 FAIR OAKS AVE,41.90166924,-87.7887166,206,Frank Lloyd Wright,false
16053020190000,851 MAPLETON AVE,41.90177182,-87.78176534,203,,false
16064030140000,851 N EAST AVE,41.90160006,-87.79027058,205,Frank Lloyd Wright,false
16064050140000,851 N ELMWOOD AVE,41.90168096,-87.78706215,205,Frank Lloyd Wright,false
16064000150000,851 N EUCLID AVE,41.90153623,-87.79391733,203,Frank Lloyd Wright,false
16053010150000,851 N HARVEY AVE,41.90175547,-87.78296975,203,,false
16064010140000,851 N LINDEN AVE,41.90160239,-87.79269365,205,Frank Lloyd Wright,false
16064060160000,851 N RIDGELAND AVE,41.90167268,-87.78532348,278,Frank Lloyd Wright,false
16181340140000,851 S GROVE AVE,41.87366144,-87.79548122,205,,false
16181310320000,851 S KENILWORTH AVE,41.87359766,-87.79750037,206,,false
16181320370000,853 CARPENTER AVE,41.87357992,-87.79626492,205,,false
16181340050000,854 CARPENTER AVE,41.87357142,-87.79588474,205,,false
16181320190000,854 S KENILWORTH AVE,41.87345369,-87.79689386,205,,false
16181320380000,855 CARPENTER AVE,41.87347485,-87.7962658,205,,false
16181340150000,855 S GROVE AVE,41.87356535,-87.79548521,205,,false
16181310330000,855 S KENILWORTH AVE,41.8734799,-87.79748447,205,,false
16181340060000,856 CARPENTER AVE,41.87348736,-87.79588544,205,,false
16181320390000,857 CARPENTER AVE,41.87339499,-87.79626647,205,,false
16181340160000,857 S GROVE AVE,41.87346868,-87.79548602,205,,false
16181320200000,858 S KENILWORTH AVE,41.87334861,-87.79689474,206,,false
16181340170000,859 S GROVE AVE,41.87336781,-87.79548687,203,,false
16181340070000,860 CARPENTER AVE,41.8733949,-87.79588621,205,,false
16181320400000,861 CARPENTER AVE,41.87330673,-87.79626721,205,,false
16181340080000,862 CARPENTER AVE,41.87329403,-87.79588706,205,,false
16181320410000,863 CARPENTER AVE,41.87322267,-87.79626791,205,,false
16181340180000,863 S GROVE AVE,41.87327114,-87.79548768,203,,false
16181340090000,864 CARPENTER AVE,41.87320996,-87.79588776,205,,false
16181340190000,865 S GROVE AVE,41.87317447,-87.79548849,203,,false
16071030330000,9 ELIZABETH CT,41.89233871,-87.79840541,205,Frank Lloyd Wright,false
16173230210000,9 HARVARD ST,41.86895893,-87.77479308,205,,false
16061220270000,900 BELLEFORTE AVE,41.90179044,-87.80215279,203,,false
16062270120000,900 COLUMBIAN AVE,41.90195291,-87.79084342,206,,false
16062290120000,900 FAIR OAKS AVE,41.90200546,-87.78792293,206,,false
16061230110000,900 FOREST AVE,41.90177078,-87.80067571,205,,false
16051230170000,900 MAPLETON AVE,41.9020786,-87.78120956,203,,false
16062280290000,900 N EAST AVE,41.90195036,-87.78962969,204,,false
16062250290000,900 N EUCLID AVE,41.90193343,-87.79333816,205,,false
16061260120000,900 N GROVE AVE,41.90185353,-87.79600861,203,,false
16051220170000,900 N HARVEY AVE,41.90205688,-87.78244677,203,,false
16051250170000,900 N HAYES AVE,41.90210745,-87.77875347,203,,false
16051270200000,900 N HUMPHREY AVE,41.90212243,-87.77632437,206,,false
16061250120000,900 N KENILWORTH AVE,41.90183607,-87.79742671,204,,false
16062260120000,900 N LINDEN AVE,41.90193716,-87.79212287,206,,false
16051240170000,900 N LOMBARD AVE,41.90209467,-87.77995018,204,,false
16061210120000,900 N MARION ST,41.90173946,-87.8036588,206,,false
16051210200000,900 N RIDGELAND AVE,41.90200837,-87.78379488,203,,false
16051260170000,900 N TAYLOR AVE,41.90211638,-87.77750203,204,,false
16183030010000,900 WENONAH AVE,41.87221598,-87.80039041,204,,false
16061210390000,901 BELLEFORTE AVE,41.9017563,-87.80286318,204,,false
16062260230000,901 COLUMBIAN AVE,41.90195143,-87.7916289,204,,false
16062280240000,901 FAIR OAKS AVE,41.90195988,-87.78873627,206,,false
16061220260000,901 FOREST AVE,41.90179238,-87.80132432,206,,false
16051220340000,901 MAPLETON AVE,41.90207172,-87.78174362,204,,false
16062270240000,901 N EAST AVE,41.90195624,-87.79030461,206,,false
16062290240000,901 N ELMWOOD AVE,41.90200184,-87.78708825,206,,false
16062240240000,901 N EUCLID AVE,41.90189998,-87.79404239,206,,false
16051210400000,901 N HARVEY AVE,41.90202449,-87.78302193,203,,false
16051240340000,901 N HAYES AVE,41.90209355,-87.77931245,203,,false
16051260360000,901 N HUMPHREY AVE,41.90211339,-87.77688392,204,,false
16062250240000,901 N LINDEN AVE,41.90192892,-87.792721,205,,false
16051230340000,901 N LOMBARD AVE,41.90208101,-87.78056008,203,,false
16061200230000,901 N MARION ST,41.90172398,-87.80430903,203,,false
16061260240000,901 N OAK PARK AVE,41.90187985,-87.79523081,206,,false
16051250340000,901 N TAYLOR AVE,41.902117,-87.77810656,203,,false
16183050150000,901 S KENILWORTH AVE,41.87217509,-87.79689137,206,,false
16183020070000,901 WENONAH AVE,41.87220679,-87.80090772,205,,false
16051270190000,902 N HUMPHREY AVE,41.90220537,-87.77631624,202,,false
16051210190000,902 N RIDGELAND AVE,41.90209142,-87.78380899,203,,false
16173230230000,902 S AUSTIN BLVD,41.86895977,-87.77447569,205,,false
16183060010000,902 S KENILWORTH AVE,41.87212215,-87.79632175,203,,false
16183030020000,902 WENONAH AVE,41.87213092,-87.8003756,203,,false
16062280230000,903 FAIR OAKS AVE,41.90207619,-87.78876492,206,,false
16061250240000,903 N GROVE AVE,41.90184573,-87.79670785,204,,false
16051210390000,903 N HARVEY AVE,41.90210751,-87.78302863,203,,false
16051260350000,903 N HUMPHREY AVE,41.9021963,-87.77686838,202,,false
16183050160000,903 S KENILWORTH AVE,41.87210123,-87.796883,205,,false
16061230100000,904 FOREST AVE,41.90189363,-87.80064036,205,,false
16051230160000,904 MAPLETON AVE,41.90218375,-87.78121607,203,,false
16062280300000,904 N EAST AVE,41.90207193,-87.78966965,205,,false
16051220160000,904 N HARVEY AVE,41.90216199,-87.78244586,203,,false
16051250160000,904 N HAYES AVE,41.90221545,-87.7787969,202,,false
16061250110000,904 N KENILWORTH AVE,41.90198028,-87.79750701,206,,false
16051240160000,904 N LOMBARD AVE,41.90218875,-87.77995678,203,,false
16062240120000,904 N OAK PARK AVE,41.90190975,-87.79452875,206,,false
16051210180000,904 N RIDGELAND AVE,41.90217993,-87.78380823,203,,false
16051260160000,904 N TAYLOR AVE,41.90222824,-87.77752858,203,,false
16183060020000,904 S KENILWORTH AVE,41.87203824,-87.79631796,205,,false
16183030030000,904 WENONAH AVE,41.87204202,-87.800366,203,,false
16051220330000,905 MAPLETON AVE,41.90217137,-87.78175759,203,,false
16051210380000,905 N HARVEY AVE,41.90220708,-87.78302777,206,,false
16051240330000,905 N HAYES AVE,41.90219866,-87.77931154,202,,false
16051260340000,905 N HUMPHREY AVE,41.90228481,-87.77686761,203,,false
16051230330000,905 N LOMBARD AVE,41.90218048,-87.78053699,203,,false
16061200220000,905 N MARION ST,41.90185418,-87.80430244,205,,false
16051250330000,905 N TAYLOR AVE,41.90223232,-87.77811157,202,,false
16183050170000,905 S KENILWORTH AVE,41.87200056,-87.79688384,203,,false
16183020090000,905 WENONAH AVE,41.87209083,-87.80089316,205,,false
16062270110000,906 COLUMBIAN AVE,41.90208578,-87.79086453,206,,false
16062290110000,906 FAIR OAKS AVE,41.90216078,-87.78801053,206,,false
16051230150000,906 MAPLETON AVE,41.90227782,-87.78122267,203,,false
16061260110000,906 N GROVE AVE,41.90198657,-87.79606678,203,,false
16051220150000,906 N HARVEY AVE,41.9022671,-87.78244496,203,,false
16051250150000,906 N HAYES AVE,41.90231572,-87.77877858,203,,false
16051270180000,906 N HUMPHREY AVE,41.90228282,-87.77631557,203,,false
16051240150000,906 N LOMBARD AVE,41.90228847,-87.77998555,203,,false
16061210110000,906 N MARION ST,41.90184969,-87.80366475,205,,false
16051260150000,906 N TAYLOR AVE,41.90232995,-87.77753817,203,,false
16173230240000,906 S AUSTIN BLVD,41.86884596,-87.77452644,205,,false
16183050020000,906 S CLINTON AVE,41.87206035,-87.797648,205,,false
16173020380000,906 S HIGHLAND AVE,41.8723523,-87.78151009,203,,false
16183020020000,906 WISCONSIN AVE,41.87202539,-87.80177895,205,,false
16061220250000,907 FOREST AVE,41.90192046,-87.80131296,206,,false
16051220320000,907 MAPLETON AVE,41.90227647,-87.78175668,205,,false
16062270230000,907 N EAST AVE,41.90205582,-87.79030377,206,,false
16062290230000,907 N ELMWOOD AVE,41.90214014,-87.78708707,206,,false
16062240230000,907 N EUCLID AVE,41.90207115,-87.79397427,205,,false
16061250230000,907 N GROVE AVE,41.90199001,-87.79672888,204,,false
16051240320000,907 N HAYES AVE,41.90230377,-87.77931063,205,,false
16051230320000,907 N LOMBARD AVE,41.90229112,-87.78053604,205,,false
16061260230000,907 N OAK PARK AVE,41.90199599,-87.79522242,205,,false
16051250320000,907 N TAYLOR AVE,41.90234174,-87.77810014,203,,false
16183050180000,907 S KENILWORTH AVE,41.87192674,-87.79688446,205,,false
16073040340000,907 SOUTH BLVD,41.88661724,-87.79761597,295,Ridgeland - Oak Park,false
16062270100000,908 COLUMBIAN AVE,41.90221309,-87.79087827,205,,false
16061230140000,908 FOREST AVE,41.90200903,-87.80065657,206,,false
16062250280000,908 N EUCLID AVE,41.9020828,-87.7933369,205,,false
16051270170000,908 N HUMPHREY AVE,41.90237686,-87.77631475,203,,false
16061250100000,908 N KENILWORTH AVE,41.90210762,-87.79752818,205,,false
16062260110000,908 N LINDEN AVE,41.90208653,-87.79212161,206,,false
16062240110000,908 N OAK PARK AVE,41.90205362,-87.79453495,206,,false
16051210170000,908 N RIDGELAND AVE,41.90227404,-87.78382224,206,,false
16183050030000,908 S CLINTON AVE,41.87199168,-87.79768008,205,,false
16173020030000,908 S HIGHLAND AVE,41.87227665,-87.78151074,203,,false
16183060030000,908 S KENILWORTH AVE,41.87196103,-87.79630962,203,,false
16183030040000,908 WENONAH AVE,41.87194933,-87.80037194,203,,false
16183020030000,908 WISCONSIN AVE,41.87193654,-87.80177968,205,,false
16061210240000,909 BELLEFORTE AVE,41.90195765,-87.80284405,205,,false
16062260220000,909 COLUMBIAN AVE,41.90216115,-87.79152339,206,,false
16062280220000,909 FAIR OAKS AVE,41.90219215,-87.78871948,206,,false
16051210370000,909 N HARVEY AVE,41.90229006,-87.78302706,204,,false
16051260330000,909 N HUMPHREY AVE,41.90236779,-87.77686689,203,,false
16062250230000,909 N LINDEN AVE,41.90210041,-87.79271955,205,,false
16061200210000,909 N MARION ST,41.90195666,-87.80429816,206,,false
16183020100000,909 WENONAH AVE,41.87197085,-87.8009085,205,,false
16061220130000,910 BELLEFORTE AVE,41.90197758,-87.80216558,206,,false
16062290100000,910 FAIR OAKS AVE,41.90229908,-87.78800935,204,,false
16051230140000,910 MAPLETON AVE,41.90238293,-87.78122176,203,,false
16062280310000,910 N EAST AVE,41.90222238,-87.78956043,206,,false
16061260100000,910 N GROVE AVE,41.90214658,-87.79597652,203,,false
16051220140000,910 N HARVEY AVE,41.90236667,-87.7824441,203,,false
16051250140000,910 N HAYES AVE,41.90242005,-87.77879164,204,,false
16051270160000,910 N HUMPHREY AVE,41.90245431,-87.77631408,202,,false
16051240140000,910 N LOMBARD AVE,41.90239907,-87.77997719,203,,false
16061210100000,910 N MARION ST,41.90199572,-87.80365668,205,,false
16051210160000,910 N RIDGELAND AVE,41.90236255,-87.78382148,203,,false
16051260140000,910 N TAYLOR AVE,41.90243159,-87.7775338,202,,false
16173230250000,910 S AUSTIN BLVD,41.86873798,-87.77453461,203,,false
16183050040000,910 S CLINTON AVE,41.87191023,-87.79765871,203,,false
16173070070000,910 S HUMPHREY AVE,41.87226115,-87.77533081,205,,false
16183060040000,910 S KENILWORTH AVE,41.87188387,-87.79631476,205,,false
16071030130000,911 CHICAGO AVE,41.89413935,-87.7983518,205,Frank Lloyd Wright,false
16062280210000,911 FAIR OAKS AVE,41.90233041,-87.78871089,205,,false
16061220240000,911 FOREST AVE,41.90203747,-87.80126513,206,,false
16051220310000,911 MAPLETON AVE,41.90237605,-87.78175582,202,,false
16062270220000,911 N EAST AVE,41.90221366,-87.79031725,205,,false
16062290250000,911 N ELMWOOD AVE,41.9022729,-87.78708594,206,,false
16062240220000,911 N EUCLID AVE,41.90220392,-87.79397315,205,,false
16061250220000,911 N GROVE AVE,41.90214463,-87.7966683,206,,false
16051210360000,911 N HARVEY AVE,41.90238963,-87.78302621,203,,false
16051240310000,911 N HAYES AVE,41.90240891,-87.77931713,203,,false
16051260320000,911 N HUMPHREY AVE,41.9024563,-87.77686612,205,,false
16051230310000,911 N LOMBARD AVE,41.90238516,-87.78053523,203,,false
16061200200000,911 N MARION ST,41.90207472,-87.80433495,278,,false
16061260220000,911 N OAK PARK AVE,41.90213415,-87.79519162,206,,false
16051250310000,911 N TAYLOR AVE,41.90243818,-87.77809757,203,,false
16183050190000,911 S KENILWORTH AVE,41.87183615,-87.79688522,204,,false
16061220120000,912 BELLEFORTE AVE,41.90211629,-87.80223652,203,,false
16183040040000,912 HOME AVE,41.87184227,-87.79894808,203,,false
16051230130000,912 MAPLETON AVE,41.90248251,-87.7812209,202,,false
16062280090000,912 N EAST AVE,41.90237283,-87.78967685,206,,false
16062250100000,912 N EUCLID AVE,41.9022211,-87.79333573,205,,false
16051270150000,912 N HUMPHREY AVE,41.90255361,-87.77632756,202,,false
16062260100000,912 N LINDEN AVE,41.9022361,-87.79216481,206,,false
16062240100000,912 N OAK PARK AVE,41.90219759,-87.79456339,205,,false
16051210150000,912 N RIDGELAND AVE,41.9024456,-87.78383559,203,,false
16051260130000,912 N TAYLOR AVE,41.90253458,-87.77753989,203,,false
16183060050000,912 S KENILWORTH AVE,41.87179663,-87.79631549,203,,false
16173040070000,912 S LOMBARD AVE,41.87219665,-87.77900561,205,,false
16173060040000,912 S LYMAN AVE,41.872227,-87.77655907,205,,false
16183010050000,912 S MAPLE AVE,41.87177338,-87.80331954,203,,false
16173050070000,912 S TAYLOR AVE,41.87222037,-87.77778249,203,,false
16063040380000,912 THOMAS ST,41.89998267,-87.79835485,205,Frank Lloyd Wright,false
16183030100000,912 WENONAH AVE,41.87182955,-87.80036776,206,,false
16183020110000,912 WISCONSIN AVE,41.87179352,-87.80176339,203,,false
16061210230000,913 BELLEFORTE AVE,41.90209082,-87.80282578,205,,false
16173010150000,913 HIGHLAND AVE,41.87214322,-87.78199662,205,,false
16183030220000,913 HOME AVE,41.87185259,-87.7995066,203,,false
16062250220000,913 N LINDEN AVE,41.90223871,-87.79271839,206,,false
16051250300000,913 N TAYLOR AVE,41.90254509,-87.77810362,202,,false
16183040170000,913 S CLINTON AVE,41.87185821,-87.79822342,203,,false
16183060200000,913 S GROVE AVE,41.87190152,-87.7955759,203,,false
16173020330000,913 S LOMBARD AVE,41.87219801,-87.77958051,205,,false
16073040060000,913 SOUTH BLVD,41.88661825,-87.79783064,206,Ridgeland - Oak Park,false
16183010180000,913 WISCONSIN AVE,41.87179234,-87.80234387,203,,false
16061220110000,914 BELLEFORTE AVE,41.90222392,-87.80223562,205,,false
16062270090000,914 COLUMBIAN AVE,41.90235706,-87.79090669,206,,false
16061230130000,914 FOREST AVE,41.90217061,-87.80068612,206,,false
16183040050000,914 HOME AVE,41.87175342,-87.79894882,206,,false
16061260090000,914 N GROVE AVE,41.90226219,-87.79606384,206,,false
16051220130000,914 N HARVEY AVE,41.90247178,-87.7824432,203,,false
16051250130000,914 N HAYES AVE,41.90252691,-87.77878897,203,,false
16061250090000,914 N KENILWORTH AVE,41.90224592,-87.79752702,204,,false
16062260090000,914 N LINDEN AVE,41.90237847,-87.79218068,206,,false
16051240130000,914 N LOMBARD AVE,41.90249872,-87.77999115,203,,false
16061210090000,914 N MARION ST,41.90211868,-87.80364537,205,,false
16173070080000,914 S HUMPHREY AVE,41.87217792,-87.77530851,203,,false
16173040080000,914 S LOMBARD AVE,41.8721269,-87.77900043,207,,false
16173060050000,914 S LYMAN AVE,41.87219434,-87.7765509,205,,false
16183010060000,914 S MAPLE AVE,41.87167673,-87.80330482,203,,false
16173050080000,914 S TAYLOR AVE,41.87214855,-87.77774929,202,,false
16063040390000,914 THOMAS ST,41.89997787,-87.79850764,205,Frank Lloyd Wright,false
16061210220000,915 BELLEFORTE AVE,41.90219845,-87.80282489,206,,false
16062260210000,915 COLUMBIAN AVE,41.90234924,-87.7915218,205,,false
16061220230000,915 FOREST AVE,41.90216057,-87.80128471,206,,false
16173010160000,915 HIGHLAND AVE,41.87206334,-87.78199168,205,,false
16183030230000,915 HOME AVE,41.87175594,-87.79949189,205,,false
16051220300000,915 MAPLETON AVE,41.90247562,-87.78175497,204,,false
16062270210000,915 N EAST AVE,41.90232702,-87.79033111,205,,false
16062290260000,915 N ELMWOOD AVE,41.90240018,-87.78709226,206,,false
16062240210000,915 N EUCLID AVE,41.90233679,-87.79399426,205,,false
16061250210000,915 N GROVE AVE,41.90236608,-87.79670349,206,,false
16051210350000,915 N HARVEY AVE,41.90247268,-87.78304031,203,,false
16051240300000,915 N HAYES AVE,41.90250295,-87.77931632,203,,false
16051260310000,915 N HUMPHREY AVE,41.90254799,-87.77685576,203,,false
16051230300000,915 N LOMBARD AVE,41.90248504,-87.7805248,203,,false
16061260210000,915 N OAK PARK AVE,41.90227815,-87.79522746,206,,false
16183040180000,915 S CLINTON AVE,41.87176163,-87.79822422,205,,false
16183060210000,915 S GROVE AVE,41.87182099,-87.79557658,203,,false
16173020340000,915 S LOMBARD AVE,41.87211489,-87.77958123,205,,false
16073040050000,915 SOUTH BLVD,41.88661007,-87.7979977,206,Ridgeland - Oak Park,false
16063110030000,915 THOMAS ST,41.89969241,-87.7986896,202,Frank Lloyd Wright,false
16061220100000,916 BELLEFORTE AVE,41.90235204,-87.80223456,205,,false
16062290090000,916 FAIR OAKS AVE,41.90244851,-87.7880229,206,,false
16061230080000,916 FOREST AVE,41.90230385,-87.80068157,206,,false
16051230120000,916 MAPLETON AVE,41.90257683,-87.78120574,203,,false
16062250090000,916 N EUCLID AVE,41.90236493,-87.79333452,206,,false
16051220120000,916 N HARVEY AVE,41.90255661,-87.78241856,204,,false
16051270140000,916 N HUMPHREY AVE,41.90263659,-87.77632684,205,,false
16051240120000,916 N LOMBARD AVE,41.90261069,-87.78000454,203,,false
16062240090000,916 N OAK PARK AVE,41.90231376,-87.79456241,205,,false
16051210140000,916 N RIDGELAND AVE,41.9025231,-87.78384449,203,,false
16051260120000,916 N TAYLOR AVE,41.90264152,-87.77755293,203,,false
16183050050000,916 S CLINTON AVE,41.8717714,-87.79768153,204,,false
16173060060000,916 S LYMAN AVE,41.87209116,-87.77655179,205,,false
16173050090000,916 S TAYLOR AVE,41.87208274,-87.77777217,205,,false
16183030110000,916 WENONAH AVE,41.87172138,-87.80036866,205,,false
16183020120000,916 WISCONSIN AVE,41.87169308,-87.80176423,203,,false
16071030440000,917 CHICAGO AVE,41.89412023,-87.7985235,206,Frank Lloyd Wright,false
16062280200000,917 FAIR OAKS AVE,41.90246322,-87.78871717,206,,false
16061220220000,917 FOREST AVE,41.90232977,-87.80129703,204,,false
16183030240000,917 HOME AVE,41.87166711,-87.7994978,205,,false
16051220290000,917 MAPLETON AVE,41.90256844,-87.78176373,202,,false
16051210340000,917 N HARVEY AVE,41.90255013,-87.78303965,203,,false
16051240290000,917 N HAYES AVE,41.90259549,-87.77933728,203,,false
16051260300000,917 N HUMPHREY AVE,41.90263101,-87.77686245,203,,false
16062250210000,917 N LINDEN AVE,41.90236611,-87.79275436,205,,false
16051230290000,917 N LOMBARD AVE,41.90258472,-87.78054617,202,,false
16061200190000,917 N MARION ST,41.90219761,-87.8043099,206,,false
16051250290000,917 N TAYLOR AVE,41.90261853,-87.7781187,205,,false
16183060220000,917 S GROVE AVE,41.87173375,-87.79557731,203,,false
16183050200000,917 S KENILWORTH AVE,41.87170345,-87.79689904,203,,false
16173020350000,917 S LOMBARD AVE,41.87202324,-87.77959736,204,,false
16173050220000,917 S LYMAN AVE,41.87208217,-87.77706355,203,,false
16183010190000,917 WISCONSIN AVE,41.87167645,-87.80234483,203,,false
16061220090000,918 BELLEFORTE AVE,41.90245969,-87.80223711,205,,false
16183040060000,918 HOME AVE,41.87165681,-87.79894446,203,,false
16051230110000,918 MAPLETON AVE,41.90267658,-87.78124193,203,,false
16062280080000,918 N EAST AVE,41.90251088,-87.78966087,204,,false
16061260080000,918 N GROVE AVE,41.90240288,-87.79606676,205,,false
16051270130000,918 N HUMPHREY AVE,41.9027196,-87.77633353,203,,false
16061250080000,918 N KENILWORTH AVE,41.90241741,-87.79752559,206,,false
16062260080000,918 N LINDEN AVE,41.90250354,-87.7921833,205,,false
16061210080000,918 N MARION ST,41.90226239,-87.8036888,205,,false
16051210130000,918 N RIDGELAND AVE,41.90261714,-87.78384369,203,,false
16051260110000,918 N TAYLOR AVE,41.90274446,-87.77754855,203,,false
16183050060000,918 S CLINTON AVE,41.87167076,-87.79768686,203,,false
16173070090000,918 S HUMPHREY AVE,41.87207472,-87.77530557,206,,false
16183060060000,918 S KENILWORTH AVE,41.87166904,-87.79629989,203,,false
16173060070000,918 S LYMAN AVE,41.87202673,-87.776569,205,,false
16173050100000,918 S TAYLOR AVE,41.87200822,-87.77777282,202,,false
16183020130000,918 WISCONSIN AVE,41.87161188,-87.80174938,205,,false
16061210210000,919 BELLEFORTE AVE,41.90232914,-87.80282381,205,,false
16173010170000,919 HIGHLAND AVE,41.87197931,-87.78199803,203,,false
16062290200000,919 N ELMWOOD AVE,41.90256071,-87.78711312,206,,false
16051210330000,919 N HARVEY AVE,41.90263353,-87.78305328,203,,false
16051260290000,919 N HUMPHREY AVE,41.90271413,-87.77689137,202,,false
16061200180000,919 N MARION ST,41.90232335,-87.80434662,205,,false
16061260200000,919 N OAK PARK AVE,41.90242829,-87.79519441,205,,false
16051250280000,919 N TAYLOR AVE,41.90272934,-87.77812472,203,,false
16183040190000,919 S CLINTON AVE,41.87167278,-87.79822496,206,,false
16173050230000,919 S LYMAN AVE,41.87200481,-87.77706806,203,,false
16183070380000,919 S OAK PARK AVE,41.87127238,-87.79430073,295,,false
16173040170000,919 S TAYLOR AVE,41.87200453,-87.77829663,203,,false
16183020270000,919 WENONAH AVE,41.87161614,-87.80093809,205,,false
16183010200000,919 WISCONSIN AVE,41.87159131,-87.8023145,203,,false
16061220080000,920 BELLEFORTE AVE,41.90255455,-87.80224661,205,,false
16062290080000,920 FAIR OAKS AVE,41.90259241,-87.7880365,206,,false
16061230070000,920 FOREST AVE,41.90245744,-87.80064597,206,,false
16183040070000,920 HOME AVE,41.87156803,-87.79896071,205,,false
16062250080000,920 N EUCLID AVE,41.9024701,-87.79334846,203,,false
16051220110000,920 N HARVEY AVE,41.90266724,-87.78241761,203,,false
16051250110000,920 N HAYES AVE,41.90271591,-87.77878088,203,,false
16051270120000,920 N HUMPHREY AVE,41.90280812,-87.77633276,202,,false
16061250070000,920 N KENILWORTH AVE,41.90252791,-87.79749503,204,,false
16051240110000,920 N LOMBARD AVE,41.90271031,-87.78001109,203,,false
16062240080000,920 N OAK PARK AVE,41.90246309,-87.79455374,206,,false
16051210120000,920 N RIDGELAND AVE,41.90270012,-87.78384297,203,,false
16173230280000,920 S AUSTIN BLVD,41.86836542,-87.77449343,205,,false
16183050070000,920 S CLINTON AVE,41.87155988,-87.79765634,203,,false
16173040100000,920 S LOMBARD AVE,41.8719234,-87.77900219,205,,false
16173060080000,920 S LYMAN AVE,41.8719445,-87.77655377,203,,false
16183010080000,920 S MAPLE AVE,41.87150291,-87.80331143,203,,false
16173050110000,920 S TAYLOR AVE,41.8719337,-87.77777346,203,,false
16183030120000,920 WENONAH AVE,41.87161703,-87.80035918,205,,false
16183020140000,920 WISCONSIN AVE,41.87152298,-87.80173977,203,,false
16071030110000,921 CHICAGO AVE,41.89411254,-87.79870655,205,Frank Lloyd Wright,false
16062260240000,921 COLUMBIAN AVE,41.9025429,-87.79152757,206,,false
16062280190000,921 FAIR OAKS AVE,41.90260712,-87.78873077,206,,false
16061220210000,921 FOREST AVE,41.90244758,-87.80128232,206,,false
16051220280000,921 MAPLETON AVE,41.90266249,-87.78176293,204,,false
16062240200000,921 N EUCLID AVE,41.9024585,-87.79399324,205,,false
16051210320000,921 N HARVEY AVE,41.902722,-87.78304511,203,,false
16051240280000,921 N HAYES AVE,41.90270243,-87.77936926,203,,false
16051260280000,921 N HUMPHREY AVE,41.90279711,-87.77689065,203,,false
16051230280000,921 N LOMBARD AVE,41.90268429,-87.78054531,203,,false
16061260190000,921 N OAK PARK AVE,41.90254348,-87.79518077,205,,false
16183040200000,921 S CLINTON AVE,41.87159165,-87.79822564,203,,false
16173060190000,921 S HUMPHREY AVE,41.87196214,-87.7758545,205,,false
16183050210000,921 S KENILWORTH AVE,41.87160937,-87.79687287,203,,false
16173050240000,921 S LYMAN AVE,41.87194462,-87.77706858,205,,false
16173040180000,921 S TAYLOR AVE,41.87193666,-87.77829403,203,,false
16183020280000,921 WENONAH AVE,41.87149628,-87.8009184,205,,false
16183010210000,921 WISCONSIN AVE,41.8715141,-87.80232548,205,,false
16061220070000,922 BELLEFORTE AVE,41.90265443,-87.80223206,205,,false
16062270070000,922 COLUMBIAN AVE,41.90263703,-87.79092532,206,,false
16183040080000,922 HOME AVE,41.87146752,-87.79894603,205,,false
16051230100000,922 MAPLETON AVE,41.90278162,-87.78122621,202,,false
16062280070000,922 N EAST AVE,41.90265181,-87.78967078,205,,false
16061260070000,922 N GROVE AVE,41.90253086,-87.79603042,204,,false
16051220100000,922 N HARVEY AVE,41.90276685,-87.78242416,203,,false
16051250100000,922 N HAYES AVE,41.90281367,-87.77878352,203,,false
16051270110000,922 N HUMPHREY AVE,41.90289109,-87.77633204,202,,false
16062260070000,922 N LINDEN AVE,41.90265853,-87.79212237,206,,false
16051240100000,922 N LOMBARD AVE,41.90281541,-87.78001018,203,,false
16061210070000,922 N MARION ST,41.90242637,-87.80368401,206,,false
16051210110000,922 N RIDGELAND AVE,41.90279973,-87.78384953,203,,false
16051260100000,922 N TAYLOR AVE,41.90284616,-87.77755465,204,,false
16183070070000,922 S GROVE AVE,41.87154188,-87.79503398,203,,false
16173070100000,922 S HUMPHREY AVE,41.871897,-87.77530327,203,,false
16183060070000,922 S KENILWORTH AVE,41.87158516,-87.79630059,203,,false
16183010090000,922 S MAPLE AVE,41.8714101,-87.80329151,203,,false
16173050120000,922 S TAYLOR AVE,41.87187079,-87.77780471,205,,false
16183030130000,922 WENONAH AVE,41.87151042,-87.80037718,205,,false
16183020150000,922 WISCONSIN AVE,41.87144185,-87.80174045,203,,false
16061210200000,923 BELLEFORTE AVE,41.90243169,-87.80283326,205,,false
16183030270000,923 HOME AVE,41.87144684,-87.79948411,205,,false
16062270200000,923 N EAST AVE,41.90248206,-87.79035944,206,,false
16062290190000,923 N ELMWOOD AVE,41.90270741,-87.78710925,206,,false
16061250200000,923 N GROVE AVE,41.90251544,-87.79670224,205,,false
16051210310000,923 N HARVEY AVE,41.90280498,-87.7830444,204,,false
16051240270000,923 N HAYES AVE,41.90281057,-87.77936134,203,,false
16051260270000,923 N HUMPHREY AVE,41.90288562,-87.77688988,205,,false
16062250270000,923 N LINDEN AVE,41.90247682,-87.79276825,278,,false
16051230270000,923 N LOMBARD AVE,41.9027894,-87.7805444,203,,false
16061200170000,923 N MARION ST,41.90244639,-87.80435247,204,,false
16051250270000,923 N TAYLOR AVE,41.90283468,-87.77807667,203,,false
16183040210000,923 S CLINTON AVE,41.87149899,-87.79823676,203,,false
16183060230000,923 S GROVE AVE,41.87158888,-87.79556881,203,,false
16173060200000,923 S HUMPHREY AVE,41.87189337,-87.77585893,205,,false
16183050220000,923 S KENILWORTH AVE,41.8715288,-87.79686455,203,,false
16173050250000,923 S LYMAN AVE,41.8718872,-87.77704989,205,,false
16173040190000,923 S TAYLOR AVE,41.87186982,-87.77829779,203,,false
16183010220000,923 WISCONSIN AVE,41.87142134,-87.8023159,203,,false
16061220060000,924 BELLEFORTE AVE,41.90275448,-87.80225452,205,,false
16062290070000,924 FAIR OAKS AVE,41.90272314,-87.78801841,206,,false
16051230090000,924 MAPLETON AVE,41.90287566,-87.7812254,203,,false
16062250070000,924 N EUCLID AVE,41.9025901,-87.79332831,203,,false
16051220090000,924 N HARVEY AVE,41.90287196,-87.78242326,203,,false
16051240090000,924 N LOMBARD AVE,41.90291502,-87.78001673,204,,false
16062240070000,924 N OAK PARK AVE,41.90261248,-87.7945599,206,,false
16051260090000,924 N TAYLOR AVE,41.90294648,-87.77754679,203,,false
16183070080000,924 S GROVE AVE,41.871458,-87.79503468,203,,false
16183060080000,924 S KENILWORTH AVE,41.8714946,-87.79631034,203,,false
16173040120000,924 S LOMBARD AVE,41.87178432,-87.7789829,203,,false
16173060090000,924 S LYMAN AVE,41.87185332,-87.77656537,203,,false
16183010100000,924 S MAPLE AVE,41.87132132,-87.80330775,203,,false
16173050130000,924 S TAYLOR AVE,41.87180487,-87.77780528,202,,false
16183030140000,924 WENONAH AVE,41.8714059,-87.8003315,205,,false
16071030100000,925 CHICAGO AVE,41.89410213,-87.7989163,206,Frank Lloyd Wright,false
16062260190000,925 COLUMBIAN AVE,41.90268691,-87.79156603,206,,false
16062280180000,925 FAIR OAKS AVE,41.90275469,-87.78876441,205,,false
16183030280000,925 HOME AVE,41.87136192,-87.79950034,205,,false
16051220270000,925 MAPLETON AVE,41.90276759,-87.78176202,203,,false
16062270190000,925 N EAST AVE,41.90266419,-87.79034139,206,,false
16062240190000,925 N EUCLID AVE,41.90261336,-87.79398452,205,,false
16062250260000,925 N LINDEN AVE,41.90262781,-87.79276866,204,,false
16051250260000,925 N TAYLOR AVE,41.90293526,-87.77812294,202,,false
16183060240000,925 S GROVE AVE,41.87149741,-87.79556842,203,,false
16173060210000,925 S HUMPHREY AVE,41.87182734,-87.77583648,205,,false
16173050260000,925 S LYMAN AVE,41.87181839,-87.77704665,202,,false
16173040200000,925 S TAYLOR AVE,41.87179906,-87.77828247,205,,false
16183020290000,925 WENONAH AVE,41.87139181,-87.80088306,205,,false
16062270060000,926 COLUMBIAN AVE,41.90276419,-87.79094275,206,,false
16061230060000,926 FOREST AVE,41.90256778,-87.80067595,206,,false
16183040090000,926 HOME AVE,41.87138644,-87.79895705,205,,false
16062280060000,926 N EAST AVE,41.9027721,-87.78969566,206,,false
16051250090000,926 N HAYES AVE,41.90291144,-87.77878617,203,,false
16051270100000,926 N HUMPHREY AVE,41.90297961,-87.77633127,203,,false
16061250060000,926 N KENILWORTH AVE,41.90267188,-87.79752346,206,,false
16062260060000,926 N LINDEN AVE,41.9028029,-87.79213771,206,,false
16061210060000,926 N MARION ST,41.90256722,-87.80366225,205,,false
16051210100000,926 N RIDGELAND AVE,41.90287718,-87.78384887,203,,false
16183050080000,926 S CLINTON AVE,41.87142902,-87.79765743,203,,false
16173070110000,926 S HUMPHREY AVE,41.87179383,-87.77530801,203,,false
16183060090000,926 S KENILWORTH AVE,41.8714074,-87.79632005,205,,false
16173060100000,926 S LYMAN AVE,41.87176438,-87.77654695,203,,false
16183010110000,926 S MAPLE AVE,41.87121692,-87.80328793,203,,false
16173050140000,926 S TAYLOR AVE,41.87173076,-87.77779193,205,,false
16183020160000,926 WISCONSIN AVE,41.87136459,-87.80174109,203,,false
16061210190000,927 BELLEFORTE AVE,41.90255987,-87.80284323,205,,false
16061220200000,927 FOREST AVE,41.90258609,-87.80130863,206,,false
16051220260000,927 MAPLETON AVE,41.9028672,-87.78176857,203,,false
16062290180000,927 N ELMWOOD AVE,41.90284585,-87.78713771,206,,false
16061250250000,927 N GROVE AVE,41.90266126,-87.79670628,206,,false
16051210300000,927 N HARVEY AVE,41.90289349,-87.78304364,203,,false
16051240260000,927 N HAYES AVE,41.90291226,-87.77936745,203,,false
16051260260000,927 N HUMPHREY AVE,41.90299626,-87.77688892,203,,false
16051230260000,927 N LOMBARD AVE,41.90288351,-87.78055841,203,,false
16061200160000,927 N MARION ST,41.9025565,-87.8043344,205,,false
16061260180000,927 N OAK PARK AVE,41.902691,-87.79520392,206,,false
16183040220000,927 S CLINTON AVE,41.87141004,-87.79821759,203,,false
16183060250000,927 S GROVE AVE,41.87141346,-87.79555565,203,,false
16173060220000,927 S HUMPHREY AVE,41.87173281,-87.77584881,205,,false
16183050230000,927 S KENILWORTH AVE,41.87145163,-87.7968652,203,,false
16173040210000,927 S TAYLOR AVE,41.87172498,-87.77828187,202,,false
16183010230000,927 WISCONSIN AVE,41.8713286,-87.8023115,205,,false
16062290060000,928 FAIR OAKS AVE,41.90284484,-87.78801737,206,,false
16183040100000,928 HOME AVE,41.87128583,-87.79892169,203,,false
16051230080000,928 MAPLETON AVE,41.90299187,-87.78123181,203,,false
16062250060000,928 N EUCLID AVE,41.9027561,-87.79333432,205,,false
16061260060000,928 N GROVE AVE,41.9026618,-87.79605681,206,,false
16051220080000,928 N HARVEY AVE,41.90297175,-87.78246686,206,,false
16051250080000,928 N HAYES AVE,41.90302479,-87.7787782,203,,false
16051270090000,928 N HUMPHREY AVE,41.90306815,-87.77633791,205,,false
16051240080000,928 N LOMBARD AVE,41.90303127,-87.78003055,203,,false
16062240060000,928 N OAK PARK AVE,41.90275072,-87.79454392,206,,false
16051210090000,928 N RIDGELAND AVE,41.90297129,-87.78386288,203,,false
16051260080000,928 N TAYLOR AVE,41.90304441,-87.77758435,202,,false
16173230300000,928 S AUSTIN BLVD,41.86808749,-87.7744733,205,,false
16183050090000,928 S CLINTON AVE,41.87130822,-87.79765844,202,,false
16183070090000,928 S GROVE AVE,41.87136058,-87.79501304,205,,false
16183060100000,928 S KENILWORTH AVE,41.87133356,-87.79631618,204,,false
16173060110000,928 S LYMAN AVE,41.87167545,-87.77653309,205,,false
16183030150000,928 WENONAH AVE,41.87129785,-87.80035826,204,,false
16183020170000,928 WISCONSIN AVE,41.87127571,-87.80173665,203,,false
16061210180000,929 BELLEFORTE AVE,41.90267261,-87.80283886,205,,false
16062260180000,929 COLUMBIAN AVE,41.90283057,-87.79152777,205,,false
16062280170000,929 FAIR OAKS AVE,41.90289848,-87.78875578,206,,false
16183030290000,929 HOME AVE,41.87125219,-87.79948219,205,,false
16051220250000,929 MAPLETON AVE,41.90297795,-87.78178985,203,,false
16062270180000,929 N EAST AVE,41.9028468,-87.79035156,205,,false
16062240180000,929 N EUCLID AVE,41.90274822,-87.79401303,206,,false
16051210290000,929 N HARVEY AVE,41.90298753,-87.78304283,203,,false
16051240250000,929 N HAYES AVE,41.9030139,-87.77936308,203,,false
16051260250000,929 N HUMPHREY AVE,41.9030903,-87.7768881,203,,false
16062250180000,929 N LINDEN AVE,41.90276995,-87.79275049,205,,false
16051230250000,929 N LOMBARD AVE,41.90298862,-87.78055751,203,,false
16061260170000,929 N OAK PARK AVE,41.90282369,-87.79518799,203,,false
16051250250000,929 N TAYLOR AVE,41.90303833,-87.77814299,202,,false
16183040230000,929 S CLINTON AVE,41.87132891,-87.79821827,203,,false
16183060260000,929 S GROVE AVE,41.87133628,-87.79555629,203,,false
16183050240000,929 S KENILWORTH AVE,41.87136966,-87.79685951,205,,false
16173050270000,929 S LYMAN AVE,41.87170672,-87.77707064,203,,false
16183020300000,929 WENONAH AVE,41.87129521,-87.80087869,206,,false
16183010240000,929 WISCONSIN AVE,41.87123199,-87.80230713,205,,false
16062270050000,930 COLUMBIAN AVE,41.90289958,-87.79091167,206,,false
16062290050000,930 FAIR OAKS AVE,41.90298314,-87.78801619,206,,false
16061230050000,930 FOREST AVE,41.90274455,-87.80066491,205,,false
16183040110000,930 HOME AVE,41.8712047,-87.79892236,203,,false
16051230070000,930 MAPLETON AVE,41.90308591,-87.781231,203,,false
16062280050000,930 N EAST AVE,41.90294346,-87.78971086,206,,false
16062250050000,930 N EUCLID AVE,41.90290215,-87.79337198,205,,false
16061260050000,930 N GROVE AVE,41.90282226,-87.79606287,206,,false
16051220070000,930 N HARVEY AVE,41.90307682,-87.78245854,203,,false
16051250070000,930 N HAYES AVE,41.90311632,-87.77881001,205,,false
16051270080000,930 N HUMPHREY AVE,41.90315897,-87.77636044,203,,false
16061250050000,930 N KENILWORTH AVE,41.90278293,-87.79753688,206,,false
16062260050000,930 N LINDEN AVE,41.9029116,-87.79216808,205,,false
16051240070000,930 N LOMBARD AVE,41.90313637,-87.78002964,202,,false
16061210310000,930 N MARION ST,41.90270059,-87.80368518,206,,false
16051210080000,930 N RIDGELAND AVE,41.9030598,-87.78386212,203,,false
16051260070000,930 N TAYLOR AVE,41.90315051,-87.77758291,205,,false
16184040080000,930 S EUCLID AVE,41.87132804,-87.79250419,206,,false
16183070100000,930 S GROVE AVE,41.87127661,-87.79499577,205,,false
16183060110000,930 S KENILWORTH AVE,41.87125301,-87.79631236,205,,false
16183030160000,930 WENONAH AVE,41.87120129,-87.80036423,203,,false
16183020180000,930 WISCONSIN AVE,41.871183,-87.80173742,203,,false
16061220190000,931 FOREST AVE,41.90271929,-87.8012965,205,,false
16183030300000,931 HOME AVE,41.8711398,-87.79947675,206,,false
16051220240000,931 MAPLETON AVE,41.90308302,-87.78178154,203,,false
16062290170000,931 N ELMWOOD AVE,41.90298968,-87.78713648,206,,false
16061250170000,931 N GROVE AVE,41.9027941,-87.79671999,203,,false
16051210280000,931 N HARVEY AVE,41.90307051,-87.78304212,203,,false
16051240240000,931 N HAYES AVE,41.9031151,-87.77935428,203,,false
16051230240000,931 N LOMBARD AVE,41.90309373,-87.7805566,203,,false
16061200150000,931 N MARION ST,41.90268225,-87.80437456,204,,false
16051250240000,931 N TAYLOR AVE,41.90311666,-87.77814218,202,,false
16183040240000,931 S CLINTON AVE,41.87123075,-87.79819678,203,,false
16184030250000,931 S EUCLID AVE,41.87136939,-87.7930157,234,,false
16173060230000,931 S HUMPHREY AVE,41.87163529,-87.77583431,205,,false
16183050250000,931 S KENILWORTH AVE,41.87127235,-87.79686033,205,,false
16184040150000,931 S WESLEY AVE,41.87136164,-87.79180303,205,,false
16183020310000,931 WENONAH AVE,41.87119088,-87.80087438,203,,false
16073240490000,932 MADISON ST,41.87984899,-87.79858736,295,,false
16051230060000,932 MAPLETON AVE,41.90319384,-87.78124872,203,,false
16051220060000,932 N HARVEY AVE,41.90319217,-87.78246572,203,,false
16051240060000,932 N LOMBARD AVE,41.9032311,-87.78000637,202,,false
16062240050000,932 N OAK PARK AVE,41.90287242,-87.79454289,204,,false
16051260060000,932 N TAYLOR AVE,41.90323839,-87.77757233,203,,false
16183050100000,932 S CLINTON AVE,41.87117061,-87.7976506,205,,false
16184040090000,932 S EUCLID AVE,41.8712643,-87.79250922,203,,false
16183070110000,932 S GROVE AVE,41.87119941,-87.79499192,203,,false
16173070320000,932 S HUMPHREY AVE,41.87155013,-87.77528593,205,,false
16183060120000,932 S KENILWORTH AVE,41.87116904,-87.79629509,203,,false
16183010120000,932 S MAPLE AVE,41.87110479,-87.80326817,203,,false
16184050020000,932 S WESLEY AVE,41.87127077,-87.79123973,205,,false
16183020190000,932 WISCONSIN AVE,41.87109801,-87.80173812,203,,false
16061210170000,933 BELLEFORTE AVE,41.90279843,-87.80289313,205,,false
16062260170000,933 COLUMBIAN AVE,41.90297993,-87.79152651,206,,false
16063030170000,933 DIVISION ST,41.90141643,-87.79960697,203,Frank Lloyd Wright,false
16062280160000,933 FAIR OAKS AVE,41.90302565,-87.78873988,206,,false
16062240170000,933 N EUCLID AVE,41.90289752,-87.79399695,205,,false
16062250170000,933 N LINDEN AVE,41.90292484,-87.79274918,205,,false
16061260160000,933 N OAK PARK AVE,41.9029511,-87.79522397,205,,false
16183040250000,933 S CLINTON AVE,41.8711419,-87.79819752,204,,false
16184030120000,933 S EUCLID AVE,41.8712385,-87.7930123,205,,false
16183060270000,933 S GROVE AVE,41.87119535,-87.79555747,204,,false
16183050260000,933 S KENILWORTH AVE,41.87117938,-87.79686429,205,,false
16184040160000,933 S WESLEY AVE,41.87127109,-87.79181278,203,,false
16183020320000,933 WENONAH AVE,41.871102,-87.80086994,205,,false
16183010250000,933 WISCONSIN AVE,41.87110444,-87.80229267,202,,false
16061220050000,934 BELLEFORTE AVE,41.90284663,-87.80223316,206,,false
16062270040000,934 COLUMBIAN AVE,41.90302692,-87.79093282,206,,false
16062290040000,934 FAIR OAKS AVE,41.90312151,-87.78802984,206,,false
16061230200000,934 FOREST AVE,41.90285461,-87.80063654,204,,false
16183040120000,934 HOME AVE,41.87111585,-87.7989231,205,,false
16073240480000,934 MADISON ST,41.87984734,-87.79868276,295,,false
16061260040000,934 N GROVE AVE,41.90295244,-87.79607613,206,,false
16051250060000,934 N HAYES AVE,41.90322254,-87.77880418,203,,false
16051270070000,934 N HUMPHREY AVE,41.90323591,-87.77635977,205,,false
16061250040000,934 N KENILWORTH AVE,41.90294316,-87.79756734,205,,false
16062260040000,934 N LINDEN AVE,41.90304355,-87.79217433,205,,false
16061210320000,934 N MARION ST,41.90284569,-87.80369479,206,,false
16051210070000,934 N RIDGELAND AVE,41.90315385,-87.78386131,206,,false
16173230310000,934 S AUSTIN BLVD,41.86799308,-87.77449582,203,,false
16183050110000,934 S CLINTON AVE,41.87108334,-87.79764684,205,,false
16183070120000,934 S GROVE AVE,41.87111551,-87.79498813,202,,false
16184120010000,934 S GUNDERSON AVE,41.87127211,-87.78632696,203,,false
16183010130000,934 S MAPLE AVE,41.87100819,-87.8032638,204,,false
16183030170000,934 WENONAH AVE,41.87106608,-87.80036535,206,,false
16184050070000,935 CLARENCE AVE,41.87124405,-87.79055632,205,,false
16061220310000,935 FOREST AVE,41.90285006,-87.80131258,206,,false
16051220230000,935 MAPLETON AVE,41.90318544,-87.7817884,204,,false
16062270170000,935 N EAST AVE,41.90298079,-87.79034086,206,,false
16062290160000,935 N ELMWOOD AVE,41.90308506,-87.7871261,206,,false
16061250160000,935 N GROVE AVE,41.90295199,-87.79674305,206,,false
16051210270000,935 N HARVEY AVE,41.90317315,-87.78305653,203,,false
16051240230000,935 N HAYES AVE,41.90322501,-87.77935333,203,,false
16051260240000,935 N HUMPHREY AVE,41.90320175,-87.77689023,203,,false
16051230230000,935 N LOMBARD AVE,41.90319795,-87.78058124,203,,false
16061200140000,935 N MARION ST,41.90283064,-87.80432049,205,,false
16051250230000,935 N TAYLOR AVE,41.90322291,-87.77814126,205,,false
16183060280000,935 S GROVE AVE,41.87109133,-87.79555835,203,,false
16183050270000,935 S KENILWORTH AVE,41.87108924,-87.79686823,206,,false
16184040170000,935 S WESLEY AVE,41.87120398,-87.79181334,203,,false
16183010260000,935 WISCONSIN AVE,41.87103104,-87.80229327,205,,false
16061220040000,936 BELLEFORTE AVE,41.90294667,-87.80225293,205,,false
16184060020000,936 CLARENCE AVE,41.87120983,-87.79002646,203,,false
16183040130000,936 HOME AVE,41.87102314,-87.79892387,203,,false
16073240460000,936 MADISON ST,41.87984578,-87.79877285,295,,false
16051230050000,936 MAPLETON AVE,41.90329276,-87.78124787,205,,false
16062280040000,936 N EAST AVE,41.90312577,-87.78970746,206,,false
16051220050000,936 N HARVEY AVE,41.90328013,-87.78246988,203,,false
16051250050000,936 N HAYES AVE,41.90331773,-87.77878863,203,,false
16051270060000,936 N HUMPHREY AVE,41.90331651,-87.77635907,203,,false
16051240050000,936 N LOMBARD AVE,41.90334115,-87.78003487,205,,false
16062240040000,936 N OAK PARK AVE,41.90302164,-87.79451199,204,,false
16051210060000,936 N RIDGELAND AVE,41.90325047,-87.78388023,203,,false
16051260050000,936 N TAYLOR AVE,41.90335206,-87.77759098,203,,false
16183050120000,936 S CLINTON AVE,41.87099266,-87.79762962,206,,false
16184040100000,936 S EUCLID AVE,41.87119694,-87.79245588,203,,false
16183060130000,936 S KENILWORTH AVE,41.87108515,-87.79629579,203,,false
16184050030000,936 S WESLEY AVE,41.87117682,-87.79124053,205,,false
16183020200000,936 WISCONSIN AVE,41.87102075,-87.80173876,205,,false
16184050130000,937 CLARENCE AVE,41.87115006,-87.79054813,203,,false
16062260160000,937 COLUMBIAN AVE,41.90311277,-87.7915402,205,,false
16063030160000,937 DIVISION ST,41.90141478,-87.79977736,203,Frank Lloyd Wright,false
16062280150000,937 FAIR OAKS AVE,41.90316948,-87.78873866,206,,false
16183030320000,937 HOME AVE,41.87100779,-87.79945992,205,,false
16051220220000,937 MAPLETON AVE,41.90328072,-87.78179248,203,,false
16062240160000,937 N EUCLID AVE,41.90302493,-87.79403293,204,,false
16051210260000,937 N HARVEY AVE,41.90325373,-87.78305093,203,,false
16051240220000,937 N HAYES AVE,41.9033094,-87.77937714,203,,false
16051260230000,937 N HUMPHREY AVE,41.9033118,-87.77691872,203,,false
16062250160000,937 N LINDEN AVE,41.90304662,-87.79276297,206,,false
16051230220000,937 N LOMBARD AVE,41.90330054,-87.78058035,205,,false
16051250220000,937 N TAYLOR AVE,41.90332921,-87.77815016,204,,false
16183040260000,937 S CLINTON AVE,41.87106463,-87.79819816,206,,false
16184030130000,937 S EUCLID AVE,41.87114122,-87.79301762,203,,false
16184040180000,937 S WESLEY AVE,41.87113345,-87.79180046,205,,false
16183020330000,937 WENONAH AVE,41.87102474,-87.80087059,205,,false
16063200560000,938 CHICAGO AVE,41.89462329,-87.79956059,205,Frank Lloyd Wright,false
16184060030000,938 CLARENCE AVE,41.87112259,-87.7900272,205,,false
16062270030000,938 COLUMBIAN AVE,41.90316518,-87.79092424,205,,false
16062290030000,938 FAIR OAKS AVE,41.90325424,-87.7880213,206,,false
16183040140000,938 HOME AVE,41.87092269,-87.79892471,205,,false
16051230040000,938 MAPLETON AVE,41.9033917,-87.78125193,205,,false
16053200260000,938 N AUSTIN BLVD,41.89786143,-87.77551904,205,,false
16062250040000,938 N EUCLID AVE,41.90304095,-87.79337265,206,,false
16061260030000,938 N GROVE AVE,41.90308783,-87.79606806,206,,false
16051220040000,938 N HARVEY AVE,41.90338278,-87.78248372,203,,false
16051270050000,938 N HUMPHREY AVE,41.90340817,-87.776373,203,,false
16061250030000,938 N KENILWORTH AVE,41.90308303,-87.79755802,205,,false
16051240040000,938 N LOMBARD AVE,41.90344374,-87.78003399,205,,false
16061210030000,938 N MARION ST,41.9030073,-87.80372862,205,,false
16051210050000,938 N RIDGELAND AVE,41.90332374,-87.78387961,203,,false
16184040110000,938 S EUCLID AVE,41.87109963,-87.7924567,205,,false
16184120020000,938 S GUNDERSON AVE,41.87115977,-87.78631413,203,,false
16183060140000,938 S KENILWORTH AVE,41.87099789,-87.79629203,205,,false
16183010140000,938 S MAPLE AVE,41.87091924,-87.80324384,203,,false
16183030180000,938 WENONAH AVE,41.8709695,-87.80036616,205,,false
16183020210000,938 WISCONSIN AVE,41.87093189,-87.8017395,203,,false
16061210360000,939 BELLEFORTE AVE,41.90295499,-87.80294332,278,,false
16061220170000,939 FOREST AVE,41.90300631,-87.80129755,206,,false
16062270160000,939 N EAST AVE,41.90314039,-87.79035911,205,,false
16062290150000,939 N ELMWOOD AVE,41.90327638,-87.78714011,206,,false
16061250150000,939 N GROVE AVE,41.90306516,-87.79671772,206,,false
16051210250000,939 N HARVEY AVE,41.903338,-87.7830502,203,,false
16051260220000,939 N HUMPHREY AVE,41.90341072,-87.77691786,203,,false
16061200130000,939 N MARION ST,41.9029716,-87.80432276,206,,false
16061260150000,939 N OAK PARK AVE,41.90311153,-87.79522262,206,,false
16183040270000,939 S CLINTON AVE,41.87096026,-87.79818352,203,,false
16184060070000,939 S EAST AVE,41.87116008,-87.78932658,205,,false
16184030140000,939 S EUCLID AVE,41.8710506,-87.79301389,205,,false
16183050280000,939 S KENILWORTH AVE,41.87099053,-87.79684993,205,,false
16183020340000,939 WENONAH AVE,41.87092818,-87.80087656,205,,false
16183010270000,939 WISCONSIN AVE,41.87092287,-87.80229417,205,,false
16061220030000,940 BELLEFORTE AVE,41.90302356,-87.80225573,205,,false
16184060040000,940 CLARENCE AVE,41.87102526,-87.79002353,203,,false
16061230150000,940 FOREST AVE,41.90309582,-87.8006828,206,,false
16053200250000,940 N AUSTIN BLVD,41.89794627,-87.77552266,205,,false
16062280030000,940 N EAST AVE,41.90328189,-87.78971539,206,,false
16062250030000,940 N EUCLID AVE,41.90319481,-87.79336215,206,,false
16051250040000,940 N HAYES AVE,41.90342398,-87.77878771,203,,false
16051270040000,940 N HUMPHREY AVE,41.90349613,-87.77637714,205,,false
16062260030000,940 N LINDEN AVE,41.90318922,-87.79217494,205,,false
16062240030000,940 N OAK PARK AVE,41.90314912,-87.7945628,203,,false
16051260040000,940 N TAYLOR AVE,41.90344365,-87.77759018,202,,false
16183050130000,940 S CLINTON AVE,41.8708887,-87.79764397,202,,false
16184040120000,940 S EUCLID AVE,41.87102577,-87.79244833,203,,false
16183070140000,940 S GROVE AVE,41.87093435,-87.79499864,206,,false
16184120030000,940 S GUNDERSON AVE,41.8710524,-87.78631504,205,,false
16183060150000,940 S KENILWORTH AVE,41.87090729,-87.79629279,203,,false
16183010150000,940 S MAPLE AVE,41.87081109,-87.80324991,203,,false
16183030190000,940 WENONAH AVE,41.8708652,-87.80036702,205,,false
16183020220000,940 WISCONSIN AVE,41.87083918,-87.80174027,203,,false
16184050100000,941 CLARENCE AVE,41.87105275,-87.79054896,205,,false
16062260150000,941 COLUMBIAN AVE,41.90326787,-87.79158335,206,,false
16063030150000,941 DIVISION ST,41.90142538,-87.7999542,204,Frank Lloyd Wright,false
16183030330000,941 HOME AVE,41.87086483,-87.79945594,203,,false
16051220210000,941 MAPLETON AVE,41.90338354,-87.78184067,206,,false
16062240150000,941 N EUCLID AVE,41.90315755,-87.79400217,205,,false
16061250140000,941 N GROVE AVE,41.90318701,-87.79674634,204,,false
16051240210000,941 N HAYES AVE,41.90341198,-87.77937625,203,,false
16051260210000,941 N HUMPHREY AVE,41.90350598,-87.77691703,203,,false
16062250150000,941 N LINDEN AVE,41.90318498,-87.79277663,203,,false
16051230210000,941 N LOMBARD AVE,41.90339939,-87.78056478,203,,false
16051250210000,941 N TAYLOR AVE,41.90344279,-87.77814917,205,,false
16183040280000,941 S CLINTON AVE,41.87087148,-87.79819978,203,,false
16184060080000,941 S EAST AVE,41.87105608,-87.78933196,203,,false
16184120290000,941 S ELMWOOD AVE,41.87107145,-87.78558908,205,,false
16183050290000,941 S KENILWORTH AVE,41.8708744,-87.79685205,206,,false
16184040190000,941 S WESLEY AVE,41.8710193,-87.79178794,205,,false
16183020350000,941 WENONAH AVE,41.87086637,-87.80087707,205,,false
16183010280000,941 WISCONSIN AVE,41.87082634,-87.80230531,203,,false
16061220020000,942 BELLEFORTE AVE,41.90311585,-87.80226183,206,,false
16184060050000,942 CLARENCE AVE,41.8709386,-87.79003383,203,,false
16062270020000,942 COLUMBIAN AVE,41.90329802,-87.79093794,206,,false
16183040150000,942 HOME AVE,41.87081836,-87.79892041,205,,false
16051230030000,942 MAPLETON AVE,41.90349062,-87.78125108,206,,false
16053200370000,942 N AUSTIN BLVD,41.89804085,-87.77551747,205,,false
16061260020000,942 N GROVE AVE,41.9032262,-87.79608172,206,,false
16051220030000,942 N HARVEY AVE,41.90348537,-87.78248284,203,,false
16051250030000,942 N HAYES AVE,41.90351924,-87.77878689,203,,false
16061250020000,942 N KENILWORTH AVE,41.90318537,-87.79758108,206,,false
16062260020000,942 N LINDEN AVE,41.90332591,-87.79215871,206,,false
16051240030000,942 N LOMBARD AVE,41.903539,-87.78003316,204,,false
16061210020000,942 N MARION ST,41.90312747,-87.80366927,205,,false
16051210040000,942 N RIDGELAND AVE,41.90341167,-87.78387885,203,,false
16051260030000,942 N TAYLOR AVE,41.90356089,-87.77758916,203,,false
16184130580000,942 S ELMWOOD AVE,41.87102806,-87.78513783,205,,false
16184040130000,942 S EUCLID AVE,41.87092511,-87.79244918,203,,false
16184120040000,942 S GUNDERSON AVE,41.87096847,-87.78630677,203,,false
16063030140000,943 DIVISION ST,41.9014213,-87.80012788,204,Frank Lloyd Wright,false
16061220160000,943 FOREST AVE,41.90314007,-87.80140555,234,,false
16062270150000,943 N EAST AVE,41.90326191,-87.79032103,205,,false
16051210240000,943 N HARVEY AVE,41.90342602,-87.78306908,203,,false
16051240200000,943 N HAYES AVE,41.90351828,-87.77938515,204,,false
16051260200000,943 N HUMPHREY AVE,41.90358292,-87.77691636,204,,false
16051230200000,943 N LOMBARD AVE,41.90350937,-87.78057855,204,,false
16061200120000,943 N MARION ST,41.90309724,-87.80433889,205,,false
16061260140000,943 N OAK PARK AVE,41.90325,-87.79525851,206,,false
16051250200000,943 N TAYLOR AVE,41.90354168,-87.77814341,202,,false
16184060090000,943 S EAST AVE,41.87096213,-87.78933276,203,,false
16184030150000,943 S EUCLID AVE,41.87093651,-87.79301485,203,,false
16183050300000,943 S KENILWORTH AVE,41.8707753,-87.79686375,205,,false
16184040230000,943 S WESLEY AVE,41.87091809,-87.79180416,278,,false
16183020360000,943 WENONAH AVE,41.87075444,-87.80089869,203,,false
16062290020000,944 FAIR OAKS AVE,41.90337602,-87.78803508,206,,false
16073240510000,944 MADISON ST,41.87984204,-87.79898838,295,,false
16062280020000,944 N EAST AVE,41.90343597,-87.78969184,205,,false
16062250020000,944 N EUCLID AVE,41.90331585,-87.79338506,206,,false
16051270030000,944 N HUMPHREY AVE,41.90359505,-87.77637628,205,,false
16062240020000,944 N OAK PARK AVE,41.90328645,-87.79456395,204,,false
16051210030000,944 N RIDGELAND AVE,41.90349599,-87.78388794,203,,false
16051260020000,944 N TAYLOR AVE,41.90364882,-87.7775884,203,,false
16183050320000,944 S CLINTON AVE,41.87078788,-87.79760887,278,,false
16183060160000,944 S KENILWORTH AVE,41.87082334,-87.79628001,203,,false
16183010160000,944 S MAPLE AVE,41.87071838,-87.80325067,203,,false
16183030200000,944 WENONAH AVE,41.87075703,-87.80036792,203,,false
16183020230000,944 WISCONSIN AVE,41.87075025,-87.80172549,203,,false
16184050110000,945 CLARENCE AVE,41.87094195,-87.79053642,205,,false
16062260140000,945 COLUMBIAN AVE,41.90338951,-87.7915675,206,,false
16063030020000,945 DIVISION ST,41.90145132,-87.8002718,203,Frank Lloyd Wright,false
16062280140000,945 FAIR OAKS AVE,41.90332434,-87.78872993,206,,false
16051220200000,945 MAPLETON AVE,41.90348972,-87.78182504,203,,false
16062270140000,945 N EAST AVE,41.90340018,-87.79031245,205,,false
16062290140000,945 N ELMWOOD AVE,41.90344853,-87.78712883,206,,false
16062240140000,945 N EUCLID AVE,41.90331309,-87.79399455,205,,false
16051210230000,945 N HARVEY AVE,41.903514,-87.78307814,205,,false
16062250140000,945 N LINDEN AVE,41.90332328,-87.79277546,206,,false
16051230190000,945 N LOMBARD AVE,41.90361193,-87.78057276,203,,false
16183040290000,945 S CLINTON AVE,41.87078258,-87.79819017,206,,false
16184120300000,945 S ELMWOOD AVE,41.87096403,-87.78558101,205,,false
16183060310000,945 S GROVE AVE,41.87082957,-87.79555156,205,,false
16183050310000,945 S KENILWORTH AVE,41.87070283,-87.79687407,205,,false
16063100120000,945 THOMAS ST,41.89967558,-87.80001995,203,Frank Lloyd Wright,false
16183010290000,945 WISCONSIN AVE,41.87072976,-87.80230611,205,,false
16061220010000,946 BELLEFORTE AVE,41.90325904,-87.8021285,204,,false
16184060060000,946 CLARENCE AVE,41.87084067,-87.79001554,206,,false
16061230010000,946 FOREST AVE,41.90326842,-87.80063332,206,,false
16183040160000,946 HOME AVE,41.87070242,-87.79891103,205,,false
16073240500000,946 MADISON ST,41.87984068,-87.79906702,295,,false
16051230020000,946 MAPLETON AVE,41.90359316,-87.78124037,203,,false
16061260010000,946 N GROVE AVE,41.90334448,-87.79602143,204,,false
16051220020000,946 N HARVEY AVE,41.90358429,-87.78248199,202,,false
16051250020000,946 N HAYES AVE,41.90362185,-87.77879091,203,,false
16051270020000,946 N HUMPHREY AVE,41.90368298,-87.77637552,205,,false
16061250010000,946 N KENILWORTH AVE,41.90331877,-87.79755751,206,,false
16051240020000,946 N LOMBARD AVE,41.90364158,-87.78003228,204,,false
16061210010000,946 N MARION ST,41.90324661,-87.80367404,203,,false
16051210020000,946 N RIDGELAND AVE,41.9035876,-87.78389207,203,,false
16184130040000,946 S ELMWOOD AVE,41.87093408,-87.78513414,205,,false
16184040140000,946 S EUCLID AVE,41.87084126,-87.79245887,205,,false
16183070160000,946 S GROVE AVE,41.8707933,-87.79497287,204,,false
16184120050000,946 S GUNDERSON AVE,41.8708712,-87.78631659,205,,false
16183060170000,946 S KENILWORTH AVE,41.87072264,-87.79627187,204,,false
16183010170000,946 S MAPLE AVE,41.87062173,-87.80323595,203,,false
16183030210000,946 WENONAH AVE,41.87064877,-87.80034813,204,,false
16183020240000,946 WISCONSIN AVE,41.87062642,-87.80174399,204,,false
16184050120000,947 CLARENCE AVE,41.87084465,-87.79053724,205,,false
16061220150000,947 FOREST AVE,41.90325886,-87.80138531,206,,false
16051220190000,947 MAPLETON AVE,41.90359587,-87.78180449,205,,false
16061250130000,947 N GROVE AVE,41.90332239,-87.79676255,206,,false
16051210220000,947 N HARVEY AVE,41.90360195,-87.78308229,203,,false
16051240190000,947 N HAYES AVE,41.90362453,-87.77938423,203,,false
16051260190000,947 N HUMPHREY AVE,41.90367085,-87.7769156,204,,false
16061200110000,947 N MARION ST,41.90322057,-87.80439061,204,,false
16061260130000,947 N OAK PARK AVE,41.9033484,-87.79529468,206,,false
16051250190000,947 N TAYLOR AVE,41.90363704,-87.77816221,203,,false
16183040300000,947 S CLINTON AVE,41.87069759,-87.79819088,204,,false
16184060100000,947 S EAST AVE,41.87085142,-87.78933819,204,,false
16184030160000,947 S EUCLID AVE,41.87082912,-87.79301126,205,,false
16183060320000,947 S GROVE AVE,41.87074696,-87.79554718,205,,false
16184040220000,947 S WESLEY AVE,41.87081802,-87.79179863,205,,false
16183010300000,947 WISCONSIN AVE,41.87062922,-87.80228625,205,,false
16062290010000,948 FAIR OAKS AVE,41.90354191,-87.78801885,206,,false
16051230010000,948 MAPLETON AVE,41.90369946,-87.78124928,205,,false
16062280010000,948 N EAST AVE,41.90353011,-87.78971328,206,,false
16062250010000,948 N EUCLID AVE,41.90343877,-87.79335511,206,,false
16051220010000,948 N HARVEY AVE,41.90368687,-87.78248111,203,,false
16051250010000,948 N HAYES AVE,41.90372443,-87.77879002,203,,false
16062260010000,948 N LINDEN AVE,41.90348613,-87.79211289,204,,false
16051240010000,948 N LOMBARD AVE,41.90373684,-87.78003146,203,,false
16062240010000,948 N OAK PARK AVE,41.90342931,-87.79455784,206,,false
16051210010000,948 N RIDGELAND AVE,41.90367553,-87.78389131,203,,false
16051260010000,948 N TAYLOR AVE,41.90375141,-87.77758751,203,,false
16184130050000,948 S ELMWOOD AVE,41.8708636,-87.78513025,203,,false
16184120060000,948 S GUNDERSON AVE,41.87078389,-87.78630385,205,,false
16062260130000,949 COLUMBIAN AVE,41.90350585,-87.79160357,206,,false
16062280130000,949 FAIR OAKS AVE,41.90351267,-87.7887802,209,,false
16051220180000,949 MAPLETON AVE,41.90369127,-87.78183312,204,,false
16062270130000,949 N EAST AVE,41.90351078,-87.79030411,205,,false
16062290130000,949 N ELMWOOD AVE,41.90358091,-87.78723076,204,,false
16062240130000,949 N EUCLID AVE,41.9034598,-87.79402767,204,,false
16051210210000,949 N HARVEY AVE,41.90368258,-87.7830865,203,,false
16051240180000,949 N HAYES AVE,41.90371981,-87.77938831,203,,false
16051260180000,949 N HUMPHREY AVE,41.90377712,-87.77691958,205,,false
16062250130000,949 N LINDEN AVE,41.90351144,-87.79278869,205,,false
16051230180000,949 N LOMBARD AVE,41.90371093,-87.78058663,203,,false
16051250180000,949 N TAYLOR AVE,41.90374328,-87.77816129,203,,false
16184120310000,949 S ELMWOOD AVE,41.87083418,-87.7855885,205,,false
16063100350000,950 AUGUSTA ST,41.89813378,-87.80015476,205,Frank Lloyd Wright,false
16062270010000,950 COLUMBIAN AVE,41.90346923,-87.79087721,209,,false
16184130060000,950 S ELMWOOD AVE,41.87076371,-87.78515234,278,,false
16184120320000,951 S ELMWOOD AVE,41.87071914,-87.78559397,205,,false
16063100020000,951 THOMAS ST,41.89964668,-87.80023427,203,Frank Lloyd Wright,false
16063100380000,952 AUGUSTA ST,41.89813728,-87.80029579,206,Frank Lloyd Wright,false
16073240560000,970 MADISON ST,41.8799072,-87.79946212,295,,false
